git_state,file,canonical_url,indexable,in_local_sitemap,production_state,release_action
M,index.html,https://jftagro.com/,yes,yes,changed_existing_url,crawl_after_deploy
M,10-parboiled-rice-ir-64-exporter.html,https://jftagro.com/10-parboiled-rice-ir-64-exporter.html,yes,yes,changed_existing_url,crawl_after_deploy
M,100-broken-rice-exporter.html,https://jftagro.com/100-broken-rice-exporter.html,yes,yes,changed_existing_url,crawl_after_deploy
M,1121-basmati-rice-exporter.html,https://jftagro.com/1121-basmati-rice-exporter.html,yes,yes,changed_existing_url,crawl_after_deploy
M,1121-raw-basmati-rice-exporter.html,https://jftagro.com/1121-raw-basmati-rice-exporter.html,yes,yes,changed_existing_url,crawl_after_deploy
M,1121-steam-basmati-rice-exporter.html,https://jftagro.com/1121-steam-basmati-rice-exporter.html,yes,yes,changed_existing_url,crawl_after_deploy
M,1121-white-sella-basmati-exporter.html,https://jftagro.com/1121-white-sella-basmati-exporter.html,yes,yes,changed_existing_url,crawl_after_deploy
M,1401-golden-sella-basmati-exporter.html,https://jftagro.com/1401-golden-sella-basmati-exporter.html,yes,yes,changed_existing_url,crawl_after_deploy
M,1401-sella-basmati-rice-exporter.html,https://jftagro.com/1401-sella-basmati-rice-exporter.html,yes,yes,changed_existing_url,crawl_after_deploy
M,1401-steam-basmati-rice-exporter.html,https://jftagro.com/1401-steam-basmati-rice-exporter.html,yes,yes,changed_existing_url,crawl_after_deploy
M,1509-golden-sella-basmati-exporter.html,https://jftagro.com/1509-golden-sella-basmati-exporter.html,yes,yes,changed_existing_url,crawl_after_deploy
M,1509-steam-basmati-rice-exporter.html,https://jftagro.com/1509-steam-basmati-rice-exporter.html,yes,yes,changed_existing_url,crawl_after_deploy
M,1718-golden-sella-basmati-exporter.html,https://jftagro.com/1718-golden-sella-basmati-exporter.html,yes,yes,changed_existing_url,crawl_after_deploy
M,1718-steam-basmati-rice-exporter.html,https://jftagro.com/1718-steam-basmati-rice-exporter.html,yes,yes,changed_existing_url,crawl_after_deploy
M,25-silky-sortex-short-grain-exporter.html,https://jftagro.com/25-silky-sortex-short-grain-exporter.html,yes,yes,changed_existing_url,crawl_after_deploy
M,25-silky-sortex-white-exporter.html,https://jftagro.com/25-silky-sortex-white-exporter.html,yes,yes,changed_existing_url,crawl_after_deploy
M,5-parboiled-rice-ir-64-exporter.html,https://jftagro.com/5-parboiled-rice-ir-64-exporter.html,yes,yes,changed_existing_url,crawl_after_deploy
M,5-silky-sortex-short-grain-exporter.html,https://jftagro.com/5-silky-sortex-short-grain-exporter.html,yes,yes,changed_existing_url,crawl_after_deploy
M,5-silky-sortex-white-exporter.html,https://jftagro.com/5-silky-sortex-white-exporter.html,yes,yes,changed_existing_url,crawl_after_deploy
M,about.html,https://jftagro.com/about.html,yes,yes,changed_existing_url,crawl_after_deploy
M,africa-trade.html,https://jftagro.com/africa-trade.html,yes,yes,changed_existing_url,crawl_after_deploy
M,ajwain-seeds-powder-exporter.html,https://jftagro.com/ajwain-seeds-powder-exporter.html,yes,yes,changed_existing_url,crawl_after_deploy
M,akarkara-root-exporter.html,https://jftagro.com/akarkara-root-exporter.html,yes,yes,changed_existing_url,crawl_after_deploy
M,ar/index.html,https://jftagro.com/ar/,yes,yes,changed_existing_url,crawl_after_deploy
M,ar/10-parboiled-rice-ir-64-exporter.html,https://jftagro.com/ar/10-parboiled-rice-ir-64-exporter.html,yes,yes,changed_existing_url,crawl_after_deploy
M,ar/100-broken-rice-exporter.html,https://jftagro.com/ar/100-broken-rice-exporter.html,yes,yes,changed_existing_url,crawl_after_deploy
M,ar/1121-basmati-rice-exporter.html,https://jftagro.com/ar/1121-basmati-rice-exporter.html,yes,yes,changed_existing_url,crawl_after_deploy
M,ar/1121-raw-basmati-rice-exporter.html,https://jftagro.com/ar/1121-raw-basmati-rice-exporter.html,yes,yes,changed_existing_url,crawl_after_deploy
M,ar/1121-steam-basmati-rice-exporter.html,https://jftagro.com/ar/1121-steam-basmati-rice-exporter.html,yes,yes,changed_existing_url,crawl_after_deploy
M,ar/1121-white-sella-basmati-exporter.html,https://jftagro.com/ar/1121-white-sella-basmati-exporter.html,yes,yes,changed_existing_url,crawl_after_deploy
M,ar/1401-golden-sella-basmati-exporter.html,https://jftagro.com/ar/1401-golden-sella-basmati-exporter.html,yes,yes,changed_existing_url,crawl_after_deploy
M,ar/1401-sella-basmati-rice-exporter.html,https://jftagro.com/ar/1401-sella-basmati-rice-exporter.html,yes,yes,changed_existing_url,crawl_after_deploy
M,ar/1401-steam-basmati-rice-exporter.html,https://jftagro.com/ar/1401-steam-basmati-rice-exporter.html,yes,yes,changed_existing_url,crawl_after_deploy
M,ar/1509-golden-sella-basmati-exporter.html,https://jftagro.com/ar/1509-golden-sella-basmati-exporter.html,yes,yes,changed_existing_url,crawl_after_deploy
M,ar/1509-steam-basmati-rice-exporter.html,https://jftagro.com/ar/1509-steam-basmati-rice-exporter.html,yes,yes,changed_existing_url,crawl_after_deploy
M,ar/1718-golden-sella-basmati-exporter.html,https://jftagro.com/ar/1718-golden-sella-basmati-exporter.html,yes,yes,changed_existing_url,crawl_after_deploy
M,ar/1718-steam-basmati-rice-exporter.html,https://jftagro.com/ar/1718-steam-basmati-rice-exporter.html,yes,yes,changed_existing_url,crawl_after_deploy
M,ar/25-silky-sortex-short-grain-exporter.html,https://jftagro.com/ar/25-silky-sortex-short-grain-exporter.html,yes,yes,changed_existing_url,crawl_after_deploy
M,ar/25-silky-sortex-white-exporter.html,https://jftagro.com/ar/25-silky-sortex-white-exporter.html,yes,yes,changed_existing_url,crawl_after_deploy
M,ar/5-parboiled-rice-ir-64-exporter.html,https://jftagro.com/ar/5-parboiled-rice-ir-64-exporter.html,yes,yes,changed_existing_url,crawl_after_deploy
M,ar/5-silky-sortex-short-grain-exporter.html,https://jftagro.com/ar/5-silky-sortex-short-grain-exporter.html,yes,yes,changed_existing_url,crawl_after_deploy
M,ar/5-silky-sortex-white-exporter.html,https://jftagro.com/ar/5-silky-sortex-white-exporter.html,yes,yes,changed_existing_url,crawl_after_deploy
M,ar/about.html,https://jftagro.com/ar/about.html,yes,yes,changed_existing_url,crawl_after_deploy
M,ar/africa-trade.html,https://jftagro.com/ar/africa-trade.html,yes,yes,changed_existing_url,crawl_after_deploy
M,ar/ajwain-seeds-powder-exporter.html,https://jftagro.com/ar/ajwain-seeds-powder-exporter.html,yes,yes,changed_existing_url,crawl_after_deploy
M,ar/akarkara-root-exporter.html,https://jftagro.com/ar/akarkara-root-exporter.html,yes,yes,changed_existing_url,crawl_after_deploy
M,ar/asaliya-seeds-exporter.html,https://jftagro.com/ar/asaliya-seeds-exporter.html,yes,yes,changed_existing_url,crawl_after_deploy
M,ar/asia-trade.html,https://jftagro.com/ar/asia-trade.html,yes,yes,changed_existing_url,crawl_after_deploy
M,ar/barley-seeds-exporter.html,https://jftagro.com/ar/barley-seeds-exporter.html,yes,yes,changed_existing_url,crawl_after_deploy
M,ar/basil-seeds-exporter.html,https://jftagro.com/ar/basil-seeds-exporter.html,yes,yes,changed_existing_url,crawl_after_deploy
M,ar/bay-leaf-exporter.html,https://jftagro.com/ar/bay-leaf-exporter.html,yes,yes,changed_existing_url,crawl_after_deploy
M,ar/black-cumin-seeds-nigella-exporter.html,https://jftagro.com/ar/black-cumin-seeds-nigella-exporter.html,yes,yes,changed_existing_url,crawl_after_deploy
M,ar/black-himaj-exporter.html,https://jftagro.com/ar/black-himaj-exporter.html,yes,yes,changed_existing_url,crawl_after_deploy
M,ar/black-pepper-powder-exporter.html,https://jftagro.com/ar/black-pepper-powder-exporter.html,yes,yes,changed_existing_url,crawl_after_deploy
M,ar/blog-apeda-registration-indian-exporter-explained.html,https://jftagro.com/ar/blog-apeda-registration-indian-exporter-explained.html,yes,yes,changed_existing_url,crawl_after_deploy
M,ar/blog-basmati-export-guide.html,https://jftagro.com/ar/blog-basmati-export-guide.html,yes,yes,changed_existing_url,crawl_after_deploy
M,ar/blog-bill-of-lading-explained-importers.html,https://jftagro.com/ar/blog-bill-of-lading-explained-importers.html,yes,yes,changed_existing_url,crawl_after_deploy
??,ar/blog-certificate-of-analysis-food-imports.html,https://jftagro.com/ar/blog-certificate-of-analysis-food-imports.html,yes,yes,changed_existing_url,crawl_after_deploy
M,ar/blog-cumin-jeera-price-outlook-2026.html,https://jftagro.com/ar/blog-cumin-jeera-price-outlook-2026.html,yes,yes,changed_existing_url,crawl_after_deploy
??,ar/blog-food-container-loading-inspection-checklist.html,https://jftagro.com/ar/blog-food-container-loading-inspection-checklist.html,yes,yes,changed_existing_url,crawl_after_deploy
M,ar/blog-green-mung-beans-export-india-2026.html,https://jftagro.com/ar/blog-green-mung-beans-export-india-2026.html,yes,yes,changed_existing_url,crawl_after_deploy
M,ar/blog-how-to-choose-indian-agro-exporter.html,https://jftagro.com/ar/blog-how-to-choose-indian-agro-exporter.html,yes,yes,changed_existing_url,crawl_after_deploy
M,ar/blog-how-to-export-india-to-africa.html,https://jftagro.com/ar/blog-how-to-export-india-to-africa.html,yes,yes,changed_existing_url,crawl_after_deploy
M,ar/blog-how-to-import-rice-nigeria-west-africa.html,https://jftagro.com/ar/blog-how-to-import-rice-nigeria-west-africa.html,yes,yes,changed_existing_url,crawl_after_deploy
M,ar/blog-how-to-read-proforma-invoice-india-export.html,https://jftagro.com/ar/blog-how-to-read-proforma-invoice-india-export.html,yes,yes,changed_existing_url,crawl_after_deploy
??,ar/blog-how-to-write-agro-commodity-purchase-specification.html,https://jftagro.com/ar/blog-how-to-write-agro-commodity-purchase-specification.html,yes,yes,changed_existing_url,crawl_after_deploy
M,ar/blog-import-duty-indian-rice-by-country.html,https://jftagro.com/ar/blog-import-duty-indian-rice-by-country.html,yes,yes,changed_existing_url,crawl_after_deploy
M,ar/blog-import-indian-agro-kenya-east-africa.html,https://jftagro.com/ar/blog-import-indian-agro-kenya-east-africa.html,yes,yes,changed_existing_url,crawl_after_deploy
M,ar/blog-india-rice-export-sri-lanka-bangladesh.html,https://jftagro.com/ar/blog-india-rice-export-sri-lanka-bangladesh.html,yes,yes,changed_existing_url,crawl_after_deploy
M,ar/blog-india-vs-thailand-rice-comparison.html,https://jftagro.com/ar/blog-india-vs-thailand-rice-comparison.html,yes,yes,changed_existing_url,crawl_after_deploy
M,ar/blog-ir64-export.html,https://jftagro.com/ar/blog-ir64-export.html,yes,yes,changed_existing_url,crawl_after_deploy
M,ar/blog-letter-of-credit-food-imports-india.html,https://jftagro.com/ar/blog-letter-of-credit-food-imports-india.html,yes,yes,changed_existing_url,crawl_after_deploy
M,ar/blog-psyllium-husk-export-india-2026.html,https://jftagro.com/ar/blog-psyllium-husk-export-india-2026.html,yes,yes,changed_existing_url,crawl_after_deploy
M,ar/blog-red-chilli-teja-export-india-2026.html,https://jftagro.com/ar/blog-red-chilli-teja-export-india-2026.html,yes,yes,changed_existing_url,crawl_after_deploy
M,ar/blog-sgs-inspection-indian-agro-exports.html,https://jftagro.com/ar/blog-sgs-inspection-indian-agro-exports.html,yes,yes,changed_existing_url,crawl_after_deploy
M,ar/blog-top-indian-agro-commodities-import-2026.html,https://jftagro.com/ar/blog-top-indian-agro-commodities-import-2026.html,yes,yes,changed_existing_url,crawl_after_deploy
M,ar/blog-turmeric-finger-export-india-2026.html,https://jftagro.com/ar/blog-turmeric-finger-export-india-2026.html,yes,yes,changed_existing_url,crawl_after_deploy
M,ar/blog-turmeric-market-outlook-2026.html,https://jftagro.com/ar/blog-turmeric-market-outlook-2026.html,yes,yes,changed_existing_url,crawl_after_deploy
M,ar/blog.html,https://jftagro.com/ar/blog.html,yes,yes,changed_existing_url,crawl_after_deploy
M,ar/buckwheat-exporter.html,https://jftagro.com/ar/buckwheat-exporter.html,yes,yes,changed_existing_url,crawl_after_deploy
??,ar/buyer-security.html,https://jftagro.com/ar/buyer-security.html,yes,yes,changed_existing_url,crawl_after_deploy
M,ar/cassia-tora-meal-exporter.html,https://jftagro.com/ar/cassia-tora-meal-exporter.html,yes,yes,changed_existing_url,crawl_after_deploy
M,ar/cassia-tora-seeds-exporter.html,https://jftagro.com/ar/cassia-tora-seeds-exporter.html,yes,yes,changed_existing_url,crawl_after_deploy
M,ar/celery-seeds-powder-exporter.html,https://jftagro.com/ar/celery-seeds-powder-exporter.html,yes,yes,changed_existing_url,crawl_after_deploy
M,ar/certificates.html,https://jftagro.com/ar/certificates.html,yes,yes,changed_existing_url,crawl_after_deploy
M,ar/chickpeas-kabuli-exporter.html,https://jftagro.com/ar/chickpeas-kabuli-exporter.html,yes,yes,changed_existing_url,crawl_after_deploy
M,ar/contact.html,https://jftagro.com/ar/contact.html,yes,yes,changed_existing_url,crawl_after_deploy
M,ar/coriander-seeds-exporter.html,https://jftagro.com/ar/coriander-seeds-exporter.html,yes,yes,changed_existing_url,crawl_after_deploy
M,ar/corn-flour-maize-flour-exporter.html,https://jftagro.com/ar/corn-flour-maize-flour-exporter.html,yes,yes,changed_existing_url,crawl_after_deploy
M,ar/corn-gluten-meal-exporter.html,https://jftagro.com/ar/corn-gluten-meal-exporter.html,yes,yes,changed_existing_url,crawl_after_deploy
M,ar/corn-starch-exporter.html,https://jftagro.com/ar/corn-starch-exporter.html,yes,yes,changed_existing_url,crawl_after_deploy
M,ar/cotton-seed-oil-cake-exporter.html,https://jftagro.com/ar/cotton-seed-oil-cake-exporter.html,yes,yes,changed_existing_url,crawl_after_deploy
M,ar/cumin-seeds-jeera-exporter.html,https://jftagro.com/ar/cumin-seeds-jeera-exporter.html,yes,yes,changed_existing_url,crawl_after_deploy
M,ar/curry-powder-exporter.html,https://jftagro.com/ar/curry-powder-exporter.html,yes,yes,changed_existing_url,crawl_after_deploy
M,ar/deoiled-rice-bran-dorb-exporter.html,https://jftagro.com/ar/deoiled-rice-bran-dorb-exporter.html,yes,yes,changed_existing_url,crawl_after_deploy
M,ar/dill-seeds-powder-exporter.html,https://jftagro.com/ar/dill-seeds-powder-exporter.html,yes,yes,changed_existing_url,crawl_after_deploy
M,ar/dry-ginger-powder-exporter.html,https://jftagro.com/ar/dry-ginger-powder-exporter.html,yes,yes,changed_existing_url,crawl_after_deploy
M,ar/dry-red-chilli-exporter.html,https://jftagro.com/ar/dry-red-chilli-exporter.html,yes,yes,changed_existing_url,crawl_after_deploy
M,ar/europe-trade.html,https://jftagro.com/ar/europe-trade.html,yes,yes,changed_existing_url,crawl_after_deploy
??,ar/export-documentation.html,https://jftagro.com/ar/export-documentation.html,yes,yes,changed_existing_url,crawl_after_deploy
M,ar/faq.html,https://jftagro.com/ar/faq.html,yes,yes,changed_existing_url,crawl_after_deploy
M,ar/fennel-seeds-sounff-exporter.html,https://jftagro.com/ar/fennel-seeds-sounff-exporter.html,yes,yes,changed_existing_url,crawl_after_deploy
M,ar/fenugreek-seeds-methi-exporter.html,https://jftagro.com/ar/fenugreek-seeds-methi-exporter.html,yes,yes,changed_existing_url,crawl_after_deploy
M,ar/galangal-root-exporter.html,https://jftagro.com/ar/galangal-root-exporter.html,yes,yes,changed_existing_url,crawl_after_deploy
M,ar/green-cardamom-exporter.html,https://jftagro.com/ar/green-cardamom-exporter.html,yes,yes,changed_existing_url,crawl_after_deploy
M,ar/green-millet-bajra-exporter.html,https://jftagro.com/ar/green-millet-bajra-exporter.html,yes,yes,changed_existing_url,crawl_after_deploy
M,ar/green-mung-beans-exporter.html,https://jftagro.com/ar/green-mung-beans-exporter.html,yes,yes,changed_existing_url,crawl_after_deploy
M,ar/grey-millet-exporter.html,https://jftagro.com/ar/grey-millet-exporter.html,yes,yes,changed_existing_url,crawl_after_deploy
M,ar/groundnut-oil-cake-exporter.html,https://jftagro.com/ar/groundnut-oil-cake-exporter.html,yes,yes,changed_existing_url,crawl_after_deploy
M,ar/groundnuts-peanuts-exporter.html,https://jftagro.com/ar/groundnuts-peanuts-exporter.html,yes,yes,changed_existing_url,crawl_after_deploy
M,ar/henna-leaves-exporter.html,https://jftagro.com/ar/henna-leaves-exporter.html,yes,yes,changed_existing_url,crawl_after_deploy
M,ar/henna-powder-exporter.html,https://jftagro.com/ar/henna-powder-exporter.html,yes,yes,changed_existing_url,crawl_after_deploy
M,ar/indian-raisins-kishmish-exporter.html,https://jftagro.com/ar/indian-raisins-kishmish-exporter.html,yes,yes,changed_existing_url,crawl_after_deploy
M,ar/infrastructure.html,https://jftagro.com/ar/infrastructure.html,yes,yes,changed_existing_url,crawl_after_deploy
M,ar/maida-refined-wheat-flour-exporter.html,https://jftagro.com/ar/maida-refined-wheat-flour-exporter.html,yes,yes,changed_existing_url,crawl_after_deploy
M,ar/maize-grits-exporter.html,https://jftagro.com/ar/maize-grits-exporter.html,yes,yes,changed_existing_url,crawl_after_deploy
M,ar/milling-wheat-exporter.html,https://jftagro.com/ar/milling-wheat-exporter.html,yes,yes,changed_existing_url,crawl_after_deploy
M,ar/moringa-leaves-exporter.html,https://jftagro.com/ar/moringa-leaves-exporter.html,yes,yes,changed_existing_url,crawl_after_deploy
M,ar/moringa-powder-exporter.html,https://jftagro.com/ar/moringa-powder-exporter.html,yes,yes,changed_existing_url,crawl_after_deploy
M,ar/mustard-seeds-powder-exporter.html,https://jftagro.com/ar/mustard-seeds-powder-exporter.html,yes,yes,changed_existing_url,crawl_after_deploy
M,ar/packing-calculator.html,https://jftagro.com/ar/packing-calculator.html,yes,yes,changed_existing_url,crawl_after_deploy
M,ar/port-transit-calculator.html,https://jftagro.com/ar/port-transit-calculator.html,yes,yes,changed_existing_url,crawl_after_deploy
M,ar/pr-11-rice-exporter.html,https://jftagro.com/ar/pr-11-rice-exporter.html,yes,yes,changed_existing_url,crawl_after_deploy
M,ar/products.html,https://jftagro.com/ar/products.html,yes,yes,changed_existing_url,crawl_after_deploy
M,ar/psyllium-husk-exporter.html,https://jftagro.com/ar/psyllium-husk-exporter.html,yes,yes,changed_existing_url,crawl_after_deploy
M,ar/quality-control.html,https://jftagro.com/ar/quality-control.html,yes,yes,changed_existing_url,crawl_after_deploy
M,ar/quote-calculator.html,https://jftagro.com/ar/quote-calculator.html,yes,yes,changed_existing_url,crawl_after_deploy
M,ar/red-millet-exporter.html,https://jftagro.com/ar/red-millet-exporter.html,yes,yes,changed_existing_url,crawl_after_deploy
M,ar/safflower-seeds-exporter.html,https://jftagro.com/ar/safflower-seeds-exporter.html,yes,yes,changed_existing_url,crawl_after_deploy
M,ar/samba-rice-exporter.html,https://jftagro.com/ar/samba-rice-exporter.html,yes,yes,changed_existing_url,crawl_after_deploy
M,ar/sample-request.html,https://jftagro.com/ar/sample-request.html,yes,yes,changed_existing_url,crawl_after_deploy
M,ar/semolina-sooji-rava-exporter.html,https://jftagro.com/ar/semolina-sooji-rava-exporter.html,yes,yes,changed_existing_url,crawl_after_deploy
M,ar/senna-leaves-exporter.html,https://jftagro.com/ar/senna-leaves-exporter.html,yes,yes,changed_existing_url,crawl_after_deploy
M,ar/senna-pods-exporter.html,https://jftagro.com/ar/senna-pods-exporter.html,yes,yes,changed_existing_url,crawl_after_deploy
M,ar/sesame-seeds-naturalhulled-exporter.html,https://jftagro.com/ar/sesame-seeds-naturalhulled-exporter.html,yes,yes,changed_existing_url,crawl_after_deploy
M,ar/shipment-tracker.html,https://jftagro.com/ar/shipment-tracker.html,yes,yes,changed_existing_url,crawl_after_deploy
M,ar/soya-bean-exporter.html,https://jftagro.com/ar/soya-bean-exporter.html,yes,yes,changed_existing_url,crawl_after_deploy
M,ar/soybean-meal-doc-exporter.html,https://jftagro.com/ar/soybean-meal-doc-exporter.html,yes,yes,changed_existing_url,crawl_after_deploy
M,ar/sugar-s30-supplier.html,https://jftagro.com/ar/sugar-s30-supplier.html,yes,yes,changed_existing_url,crawl_after_deploy
M,ar/sunflower-seeds-exporter.html,https://jftagro.com/ar/sunflower-seeds-exporter.html,yes,yes,changed_existing_url,crawl_after_deploy
M,ar/sunflower-seeds-in-shell-exporter.html,https://jftagro.com/ar/sunflower-seeds-in-shell-exporter.html,yes,yes,changed_existing_url,crawl_after_deploy
M,ar/tamarind-exporter.html,https://jftagro.com/ar/tamarind-exporter.html,yes,yes,changed_existing_url,crawl_after_deploy
M,ar/toor-dal-split-pigeon-pea-exporter.html,https://jftagro.com/ar/toor-dal-split-pigeon-pea-exporter.html,yes,yes,changed_existing_url,crawl_after_deploy
M,ar/turmeric-finger-exporter.html,https://jftagro.com/ar/turmeric-finger-exporter.html,yes,yes,changed_existing_url,crawl_after_deploy
M,ar/uae-trade.html,https://jftagro.com/ar/uae-trade.html,yes,yes,changed_existing_url,crawl_after_deploy
M,ar/whatsapp-catalog.html,https://jftagro.com/ar/whatsapp-catalog.html,yes,yes,changed_existing_url,crawl_after_deploy
M,ar/wheat-flour-chakki-fresh-atta-exporter.html,https://jftagro.com/ar/wheat-flour-chakki-fresh-atta-exporter.html,yes,yes,changed_existing_url,crawl_after_deploy
M,ar/wheat-grass-powder-exporter.html,https://jftagro.com/ar/wheat-grass-powder-exporter.html,yes,yes,changed_existing_url,crawl_after_deploy
M,ar/white-sorghum-jowar-exporter.html,https://jftagro.com/ar/white-sorghum-jowar-exporter.html,yes,yes,changed_existing_url,crawl_after_deploy
M,ar/whole-nutmeg-powder-exporter.html,https://jftagro.com/ar/whole-nutmeg-powder-exporter.html,yes,yes,changed_existing_url,crawl_after_deploy
M,ar/yellow-maize-corn-exporter.html,https://jftagro.com/ar/yellow-maize-corn-exporter.html,yes,yes,changed_existing_url,crawl_after_deploy
M,ar/yellow-peas-matar-exporter.html,https://jftagro.com/ar/yellow-peas-matar-exporter.html,yes,yes,changed_existing_url,crawl_after_deploy
M,asaliya-seeds-exporter.html,https://jftagro.com/asaliya-seeds-exporter.html,yes,yes,changed_existing_url,crawl_after_deploy
M,asia-trade.html,https://jftagro.com/asia-trade.html,yes,yes,changed_existing_url,crawl_after_deploy
M,barley-seeds-exporter.html,https://jftagro.com/barley-seeds-exporter.html,yes,yes,changed_existing_url,crawl_after_deploy
M,basil-seeds-exporter.html,https://jftagro.com/basil-seeds-exporter.html,yes,yes,changed_existing_url,crawl_after_deploy
M,bay-leaf-exporter.html,https://jftagro.com/bay-leaf-exporter.html,yes,yes,changed_existing_url,crawl_after_deploy
M,black-cumin-seeds-nigella-exporter.html,https://jftagro.com/black-cumin-seeds-nigella-exporter.html,yes,yes,changed_existing_url,crawl_after_deploy
M,black-himaj-exporter.html,https://jftagro.com/black-himaj-exporter.html,yes,yes,changed_existing_url,crawl_after_deploy
M,black-pepper-powder-exporter.html,https://jftagro.com/black-pepper-powder-exporter.html,yes,yes,changed_existing_url,crawl_after_deploy
M,blog-apeda-registration-indian-exporter-explained.html,https://jftagro.com/blog-apeda-registration-indian-exporter-explained.html,yes,yes,changed_existing_url,crawl_after_deploy
M,blog-basmati-export-guide.html,https://jftagro.com/blog-basmati-export-guide.html,yes,yes,changed_existing_url,crawl_after_deploy
M,blog-bill-of-lading-explained-importers.html,https://jftagro.com/blog-bill-of-lading-explained-importers.html,yes,yes,changed_existing_url,crawl_after_deploy
M,blog-certificate-of-analysis-food-imports.html,https://jftagro.com/blog-certificate-of-analysis-food-imports.html,yes,yes,changed_existing_url,crawl_after_deploy
M,blog-coriander-seeds-export-india-2026.html,https://jftagro.com/blog-coriander-seeds-export-india-2026.html,yes,yes,changed_existing_url,crawl_after_deploy
M,blog-cumin-jeera-price-outlook-2026.html,https://jftagro.com/blog-cumin-jeera-price-outlook-2026.html,yes,yes,changed_existing_url,crawl_after_deploy
M,blog-food-container-loading-inspection-checklist.html,https://jftagro.com/blog-food-container-loading-inspection-checklist.html,yes,yes,changed_existing_url,crawl_after_deploy
M,blog-green-mung-beans-export-india-2026.html,https://jftagro.com/blog-green-mung-beans-export-india-2026.html,yes,yes,changed_existing_url,crawl_after_deploy
M,blog-groundnut-peanut-export-india-2026.html,https://jftagro.com/blog-groundnut-peanut-export-india-2026.html,yes,yes,changed_existing_url,crawl_after_deploy
M,blog-how-to-choose-indian-agro-exporter.html,https://jftagro.com/blog-how-to-choose-indian-agro-exporter.html,yes,yes,changed_existing_url,crawl_after_deploy
M,blog-how-to-export-india-to-africa.html,https://jftagro.com/blog-how-to-export-india-to-africa.html,yes,yes,changed_existing_url,crawl_after_deploy
M,blog-how-to-import-rice-nigeria-west-africa.html,https://jftagro.com/blog-how-to-import-rice-nigeria-west-africa.html,yes,yes,changed_existing_url,crawl_after_deploy
M,blog-how-to-read-proforma-invoice-india-export.html,https://jftagro.com/blog-how-to-read-proforma-invoice-india-export.html,yes,yes,changed_existing_url,crawl_after_deploy
M,blog-how-to-write-agro-commodity-purchase-specification.html,https://jftagro.com/blog-how-to-write-agro-commodity-purchase-specification.html,yes,yes,changed_existing_url,crawl_after_deploy
M,blog-import-duty-indian-rice-by-country.html,https://jftagro.com/blog-import-duty-indian-rice-by-country.html,yes,yes,changed_existing_url,crawl_after_deploy
M,blog-import-indian-agro-kenya-east-africa.html,https://jftagro.com/blog-import-indian-agro-kenya-east-africa.html,yes,yes,changed_existing_url,crawl_after_deploy
M,blog-import-indian-spices-uk-europe.html,https://jftagro.com/blog-import-indian-spices-uk-europe.html,yes,yes,changed_existing_url,crawl_after_deploy
M,blog-india-rice-export-sri-lanka-bangladesh.html,https://jftagro.com/blog-india-rice-export-sri-lanka-bangladesh.html,yes,yes,changed_existing_url,crawl_after_deploy
M,blog-india-vs-thailand-rice-comparison.html,https://jftagro.com/blog-india-vs-thailand-rice-comparison.html,yes,yes,changed_existing_url,crawl_after_deploy
M,blog-ir64-export.html,https://jftagro.com/blog-ir64-export.html,yes,yes,changed_existing_url,crawl_after_deploy
M,blog-lc-vs-tt.html,https://jftagro.com/blog-lc-vs-tt.html,yes,yes,changed_existing_url,crawl_after_deploy
M,blog-letter-of-credit-food-imports-india.html,https://jftagro.com/blog-letter-of-credit-food-imports-india.html,yes,yes,changed_existing_url,crawl_after_deploy
M,blog-private-label-rice.html,https://jftagro.com/blog-private-label-rice.html,yes,yes,changed_existing_url,crawl_after_deploy
M,blog-psyllium-husk-export-india-2026.html,https://jftagro.com/blog-psyllium-husk-export-india-2026.html,yes,yes,changed_existing_url,crawl_after_deploy
M,blog-red-chilli-teja-export-india-2026.html,https://jftagro.com/blog-red-chilli-teja-export-india-2026.html,yes,yes,changed_existing_url,crawl_after_deploy
M,blog-sesame-export-2026.html,https://jftagro.com/blog-sesame-export-2026.html,yes,yes,changed_existing_url,crawl_after_deploy
M,blog-sgs-inspection-indian-agro-exports.html,https://jftagro.com/blog-sgs-inspection-indian-agro-exports.html,yes,yes,changed_existing_url,crawl_after_deploy
M,blog-top-indian-agro-commodities-import-2026.html,https://jftagro.com/blog-top-indian-agro-commodities-import-2026.html,yes,yes,changed_existing_url,crawl_after_deploy
M,blog-turmeric-finger-export-india-2026.html,https://jftagro.com/blog-turmeric-finger-export-india-2026.html,yes,yes,changed_existing_url,crawl_after_deploy
M,blog-turmeric-market-outlook-2026.html,https://jftagro.com/blog-turmeric-market-outlook-2026.html,yes,yes,changed_existing_url,crawl_after_deploy
M,blog.html,https://jftagro.com/blog.html,yes,yes,changed_existing_url,crawl_after_deploy
M,buckwheat-exporter.html,https://jftagro.com/buckwheat-exporter.html,yes,yes,changed_existing_url,crawl_after_deploy
M,buyer-security.html,https://jftagro.com/buyer-security.html,yes,yes,changed_existing_url,crawl_after_deploy
M,cassia-tora-meal-exporter.html,https://jftagro.com/cassia-tora-meal-exporter.html,yes,yes,changed_existing_url,crawl_after_deploy
M,cassia-tora-seeds-exporter.html,https://jftagro.com/cassia-tora-seeds-exporter.html,yes,yes,changed_existing_url,crawl_after_deploy
M,celery-seeds-powder-exporter.html,https://jftagro.com/celery-seeds-powder-exporter.html,yes,yes,changed_existing_url,crawl_after_deploy
M,certificates.html,https://jftagro.com/certificates.html,yes,yes,changed_existing_url,crawl_after_deploy
M,chickpeas-kabuli-exporter.html,https://jftagro.com/chickpeas-kabuli-exporter.html,yes,yes,changed_existing_url,crawl_after_deploy
M,contact.html,https://jftagro.com/contact.html,yes,yes,changed_existing_url,crawl_after_deploy
M,coriander-seeds-exporter.html,https://jftagro.com/coriander-seeds-exporter.html,yes,yes,changed_existing_url,crawl_after_deploy
M,corn-flour-maize-flour-exporter.html,https://jftagro.com/corn-flour-maize-flour-exporter.html,yes,yes,changed_existing_url,crawl_after_deploy
M,corn-gluten-meal-exporter.html,https://jftagro.com/corn-gluten-meal-exporter.html,yes,yes,changed_existing_url,crawl_after_deploy
M,corn-starch-exporter.html,https://jftagro.com/corn-starch-exporter.html,yes,yes,changed_existing_url,crawl_after_deploy
M,cotton-seed-oil-cake-exporter.html,https://jftagro.com/cotton-seed-oil-cake-exporter.html,yes,yes,changed_existing_url,crawl_after_deploy
M,cumin-seeds-jeera-exporter.html,https://jftagro.com/cumin-seeds-jeera-exporter.html,yes,yes,changed_existing_url,crawl_after_deploy
M,curry-powder-exporter.html,https://jftagro.com/curry-powder-exporter.html,yes,yes,changed_existing_url,crawl_after_deploy
M,deoiled-rice-bran-dorb-exporter.html,https://jftagro.com/deoiled-rice-bran-dorb-exporter.html,yes,yes,changed_existing_url,crawl_after_deploy
M,dill-seeds-powder-exporter.html,https://jftagro.com/dill-seeds-powder-exporter.html,yes,yes,changed_existing_url,crawl_after_deploy
M,dry-ginger-powder-exporter.html,https://jftagro.com/dry-ginger-powder-exporter.html,yes,yes,changed_existing_url,crawl_after_deploy
M,dry-red-chilli-exporter.html,https://jftagro.com/dry-red-chilli-exporter.html,yes,yes,changed_existing_url,crawl_after_deploy
??,editorial-policy.html,https://jftagro.com/editorial-policy.html,yes,yes,changed_existing_url,crawl_after_deploy
M,es/index.html,https://jftagro.com/es/,yes,yes,changed_existing_url,crawl_after_deploy
M,es/10-parboiled-rice-ir-64-exporter.html,https://jftagro.com/es/10-parboiled-rice-ir-64-exporter.html,yes,yes,changed_existing_url,crawl_after_deploy
M,es/100-broken-rice-exporter.html,https://jftagro.com/es/100-broken-rice-exporter.html,yes,yes,changed_existing_url,crawl_after_deploy
M,es/1121-basmati-rice-exporter.html,https://jftagro.com/es/1121-basmati-rice-exporter.html,yes,yes,changed_existing_url,crawl_after_deploy
M,es/1121-raw-basmati-rice-exporter.html,https://jftagro.com/es/1121-raw-basmati-rice-exporter.html,yes,yes,changed_existing_url,crawl_after_deploy
M,es/1121-steam-basmati-rice-exporter.html,https://jftagro.com/es/1121-steam-basmati-rice-exporter.html,yes,yes,changed_existing_url,crawl_after_deploy
M,es/1121-white-sella-basmati-exporter.html,https://jftagro.com/es/1121-white-sella-basmati-exporter.html,yes,yes,changed_existing_url,crawl_after_deploy
M,es/1401-golden-sella-basmati-exporter.html,https://jftagro.com/es/1401-golden-sella-basmati-exporter.html,yes,yes,changed_existing_url,crawl_after_deploy
M,es/1401-sella-basmati-rice-exporter.html,https://jftagro.com/es/1401-sella-basmati-rice-exporter.html,yes,yes,changed_existing_url,crawl_after_deploy
M,es/1401-steam-basmati-rice-exporter.html,https://jftagro.com/es/1401-steam-basmati-rice-exporter.html,yes,yes,changed_existing_url,crawl_after_deploy
M,es/1509-golden-sella-basmati-exporter.html,https://jftagro.com/es/1509-golden-sella-basmati-exporter.html,yes,yes,changed_existing_url,crawl_after_deploy
M,es/1509-steam-basmati-rice-exporter.html,https://jftagro.com/es/1509-steam-basmati-rice-exporter.html,yes,yes,changed_existing_url,crawl_after_deploy
M,es/1718-golden-sella-basmati-exporter.html,https://jftagro.com/es/1718-golden-sella-basmati-exporter.html,yes,yes,changed_existing_url,crawl_after_deploy
M,es/1718-steam-basmati-rice-exporter.html,https://jftagro.com/es/1718-steam-basmati-rice-exporter.html,yes,yes,changed_existing_url,crawl_after_deploy
M,es/25-silky-sortex-short-grain-exporter.html,https://jftagro.com/es/25-silky-sortex-short-grain-exporter.html,yes,yes,changed_existing_url,crawl_after_deploy
M,es/25-silky-sortex-white-exporter.html,https://jftagro.com/es/25-silky-sortex-white-exporter.html,yes,yes,changed_existing_url,crawl_after_deploy
M,es/5-parboiled-rice-ir-64-exporter.html,https://jftagro.com/es/5-parboiled-rice-ir-64-exporter.html,yes,yes,changed_existing_url,crawl_after_deploy
M,es/5-silky-sortex-short-grain-exporter.html,https://jftagro.com/es/5-silky-sortex-short-grain-exporter.html,yes,yes,changed_existing_url,crawl_after_deploy
M,es/5-silky-sortex-white-exporter.html,https://jftagro.com/es/5-silky-sortex-white-exporter.html,yes,yes,changed_existing_url,crawl_after_deploy
M,es/about.html,https://jftagro.com/es/about.html,yes,yes,changed_existing_url,crawl_after_deploy
M,es/africa-trade.html,https://jftagro.com/es/africa-trade.html,yes,yes,changed_existing_url,crawl_after_deploy
M,es/ajwain-seeds-powder-exporter.html,https://jftagro.com/es/ajwain-seeds-powder-exporter.html,yes,yes,changed_existing_url,crawl_after_deploy
M,es/akarkara-root-exporter.html,https://jftagro.com/es/akarkara-root-exporter.html,yes,yes,changed_existing_url,crawl_after_deploy
M,es/asaliya-seeds-exporter.html,https://jftagro.com/es/asaliya-seeds-exporter.html,yes,yes,changed_existing_url,crawl_after_deploy
M,es/asia-trade.html,https://jftagro.com/es/asia-trade.html,yes,yes,changed_existing_url,crawl_after_deploy
M,es/barley-seeds-exporter.html,https://jftagro.com/es/barley-seeds-exporter.html,yes,yes,changed_existing_url,crawl_after_deploy
M,es/basil-seeds-exporter.html,https://jftagro.com/es/basil-seeds-exporter.html,yes,yes,changed_existing_url,crawl_after_deploy
M,es/bay-leaf-exporter.html,https://jftagro.com/es/bay-leaf-exporter.html,yes,yes,changed_existing_url,crawl_after_deploy
M,es/black-cumin-seeds-nigella-exporter.html,https://jftagro.com/es/black-cumin-seeds-nigella-exporter.html,yes,yes,changed_existing_url,crawl_after_deploy
M,es/black-himaj-exporter.html,https://jftagro.com/es/black-himaj-exporter.html,yes,yes,changed_existing_url,crawl_after_deploy
M,es/black-pepper-powder-exporter.html,https://jftagro.com/es/black-pepper-powder-exporter.html,yes,yes,changed_existing_url,crawl_after_deploy
M,es/blog-apeda-registration-indian-exporter-explained.html,https://jftagro.com/es/blog-apeda-registration-indian-exporter-explained.html,yes,yes,changed_existing_url,crawl_after_deploy
M,es/blog-basmati-export-guide.html,https://jftagro.com/es/blog-basmati-export-guide.html,yes,yes,changed_existing_url,crawl_after_deploy
M,es/blog-bill-of-lading-explained-importers.html,https://jftagro.com/es/blog-bill-of-lading-explained-importers.html,yes,yes,changed_existing_url,crawl_after_deploy
??,es/blog-certificate-of-analysis-food-imports.html,https://jftagro.com/es/blog-certificate-of-analysis-food-imports.html,yes,yes,changed_existing_url,crawl_after_deploy
M,es/blog-cumin-jeera-price-outlook-2026.html,https://jftagro.com/es/blog-cumin-jeera-price-outlook-2026.html,yes,yes,changed_existing_url,crawl_after_deploy
??,es/blog-food-container-loading-inspection-checklist.html,https://jftagro.com/es/blog-food-container-loading-inspection-checklist.html,yes,yes,changed_existing_url,crawl_after_deploy
M,es/blog-green-mung-beans-export-india-2026.html,https://jftagro.com/es/blog-green-mung-beans-export-india-2026.html,yes,yes,changed_existing_url,crawl_after_deploy
M,es/blog-how-to-choose-indian-agro-exporter.html,https://jftagro.com/es/blog-how-to-choose-indian-agro-exporter.html,yes,yes,changed_existing_url,crawl_after_deploy
M,es/blog-how-to-export-india-to-africa.html,https://jftagro.com/es/blog-how-to-export-india-to-africa.html,yes,yes,changed_existing_url,crawl_after_deploy
M,es/blog-how-to-import-rice-nigeria-west-africa.html,https://jftagro.com/es/blog-how-to-import-rice-nigeria-west-africa.html,yes,yes,changed_existing_url,crawl_after_deploy
M,es/blog-how-to-read-proforma-invoice-india-export.html,https://jftagro.com/es/blog-how-to-read-proforma-invoice-india-export.html,yes,yes,changed_existing_url,crawl_after_deploy
??,es/blog-how-to-write-agro-commodity-purchase-specification.html,https://jftagro.com/es/blog-how-to-write-agro-commodity-purchase-specification.html,yes,yes,changed_existing_url,crawl_after_deploy
M,es/blog-import-duty-indian-rice-by-country.html,https://jftagro.com/es/blog-import-duty-indian-rice-by-country.html,yes,yes,changed_existing_url,crawl_after_deploy
M,es/blog-import-indian-agro-kenya-east-africa.html,https://jftagro.com/es/blog-import-indian-agro-kenya-east-africa.html,yes,yes,changed_existing_url,crawl_after_deploy
M,es/blog-india-rice-export-sri-lanka-bangladesh.html,https://jftagro.com/es/blog-india-rice-export-sri-lanka-bangladesh.html,yes,yes,changed_existing_url,crawl_after_deploy
M,es/blog-india-vs-thailand-rice-comparison.html,https://jftagro.com/es/blog-india-vs-thailand-rice-comparison.html,yes,yes,changed_existing_url,crawl_after_deploy
M,es/blog-ir64-export.html,https://jftagro.com/es/blog-ir64-export.html,yes,yes,changed_existing_url,crawl_after_deploy
M,es/blog-letter-of-credit-food-imports-india.html,https://jftagro.com/es/blog-letter-of-credit-food-imports-india.html,yes,yes,changed_existing_url,crawl_after_deploy
M,es/blog-psyllium-husk-export-india-2026.html,https://jftagro.com/es/blog-psyllium-husk-export-india-2026.html,yes,yes,changed_existing_url,crawl_after_deploy
M,es/blog-red-chilli-teja-export-india-2026.html,https://jftagro.com/es/blog-red-chilli-teja-export-india-2026.html,yes,yes,changed_existing_url,crawl_after_deploy
M,es/blog-sgs-inspection-indian-agro-exports.html,https://jftagro.com/es/blog-sgs-inspection-indian-agro-exports.html,yes,yes,changed_existing_url,crawl_after_deploy
M,es/blog-top-indian-agro-commodities-import-2026.html,https://jftagro.com/es/blog-top-indian-agro-commodities-import-2026.html,yes,yes,changed_existing_url,crawl_after_deploy
M,es/blog-turmeric-finger-export-india-2026.html,https://jftagro.com/es/blog-turmeric-finger-export-india-2026.html,yes,yes,changed_existing_url,crawl_after_deploy
M,es/blog-turmeric-market-outlook-2026.html,https://jftagro.com/es/blog-turmeric-market-outlook-2026.html,yes,yes,changed_existing_url,crawl_after_deploy
M,es/blog.html,https://jftagro.com/es/blog.html,yes,yes,changed_existing_url,crawl_after_deploy
M,es/buckwheat-exporter.html,https://jftagro.com/es/buckwheat-exporter.html,yes,yes,changed_existing_url,crawl_after_deploy
??,es/buyer-security.html,https://jftagro.com/es/buyer-security.html,yes,yes,changed_existing_url,crawl_after_deploy
M,es/cassia-tora-meal-exporter.html,https://jftagro.com/es/cassia-tora-meal-exporter.html,yes,yes,changed_existing_url,crawl_after_deploy
M,es/cassia-tora-seeds-exporter.html,https://jftagro.com/es/cassia-tora-seeds-exporter.html,yes,yes,changed_existing_url,crawl_after_deploy
M,es/celery-seeds-powder-exporter.html,https://jftagro.com/es/celery-seeds-powder-exporter.html,yes,yes,changed_existing_url,crawl_after_deploy
M,es/certificates.html,https://jftagro.com/es/certificates.html,yes,yes,changed_existing_url,crawl_after_deploy
M,es/chickpeas-kabuli-exporter.html,https://jftagro.com/es/chickpeas-kabuli-exporter.html,yes,yes,changed_existing_url,crawl_after_deploy
M,es/contact.html,https://jftagro.com/es/contact.html,yes,yes,changed_existing_url,crawl_after_deploy
M,es/coriander-seeds-exporter.html,https://jftagro.com/es/coriander-seeds-exporter.html,yes,yes,changed_existing_url,crawl_after_deploy
M,es/corn-flour-maize-flour-exporter.html,https://jftagro.com/es/corn-flour-maize-flour-exporter.html,yes,yes,changed_existing_url,crawl_after_deploy
M,es/corn-gluten-meal-exporter.html,https://jftagro.com/es/corn-gluten-meal-exporter.html,yes,yes,changed_existing_url,crawl_after_deploy
M,es/corn-starch-exporter.html,https://jftagro.com/es/corn-starch-exporter.html,yes,yes,changed_existing_url,crawl_after_deploy
M,es/cotton-seed-oil-cake-exporter.html,https://jftagro.com/es/cotton-seed-oil-cake-exporter.html,yes,yes,changed_existing_url,crawl_after_deploy
M,es/cumin-seeds-jeera-exporter.html,https://jftagro.com/es/cumin-seeds-jeera-exporter.html,yes,yes,changed_existing_url,crawl_after_deploy
M,es/curry-powder-exporter.html,https://jftagro.com/es/curry-powder-exporter.html,yes,yes,changed_existing_url,crawl_after_deploy
M,es/deoiled-rice-bran-dorb-exporter.html,https://jftagro.com/es/deoiled-rice-bran-dorb-exporter.html,yes,yes,changed_existing_url,crawl_after_deploy
M,es/dill-seeds-powder-exporter.html,https://jftagro.com/es/dill-seeds-powder-exporter.html,yes,yes,changed_existing_url,crawl_after_deploy
M,es/dry-ginger-powder-exporter.html,https://jftagro.com/es/dry-ginger-powder-exporter.html,yes,yes,changed_existing_url,crawl_after_deploy
M,es/dry-red-chilli-exporter.html,https://jftagro.com/es/dry-red-chilli-exporter.html,yes,yes,changed_existing_url,crawl_after_deploy
M,es/europe-trade.html,https://jftagro.com/es/europe-trade.html,yes,yes,changed_existing_url,crawl_after_deploy
??,es/export-documentation.html,https://jftagro.com/es/export-documentation.html,yes,yes,changed_existing_url,crawl_after_deploy
M,es/faq.html,https://jftagro.com/es/faq.html,yes,yes,changed_existing_url,crawl_after_deploy
M,es/fennel-seeds-sounff-exporter.html,https://jftagro.com/es/fennel-seeds-sounff-exporter.html,yes,yes,changed_existing_url,crawl_after_deploy
M,es/fenugreek-seeds-methi-exporter.html,https://jftagro.com/es/fenugreek-seeds-methi-exporter.html,yes,yes,changed_existing_url,crawl_after_deploy
M,es/galangal-root-exporter.html,https://jftagro.com/es/galangal-root-exporter.html,yes,yes,changed_existing_url,crawl_after_deploy
M,es/green-cardamom-exporter.html,https://jftagro.com/es/green-cardamom-exporter.html,yes,yes,changed_existing_url,crawl_after_deploy
M,es/green-millet-bajra-exporter.html,https://jftagro.com/es/green-millet-bajra-exporter.html,yes,yes,changed_existing_url,crawl_after_deploy
M,es/green-mung-beans-exporter.html,https://jftagro.com/es/green-mung-beans-exporter.html,yes,yes,changed_existing_url,crawl_after_deploy
M,es/grey-millet-exporter.html,https://jftagro.com/es/grey-millet-exporter.html,yes,yes,changed_existing_url,crawl_after_deploy
M,es/groundnut-oil-cake-exporter.html,https://jftagro.com/es/groundnut-oil-cake-exporter.html,yes,yes,changed_existing_url,crawl_after_deploy
M,es/groundnuts-peanuts-exporter.html,https://jftagro.com/es/groundnuts-peanuts-exporter.html,yes,yes,changed_existing_url,crawl_after_deploy
M,es/henna-leaves-exporter.html,https://jftagro.com/es/henna-leaves-exporter.html,yes,yes,changed_existing_url,crawl_after_deploy
M,es/henna-powder-exporter.html,https://jftagro.com/es/henna-powder-exporter.html,yes,yes,changed_existing_url,crawl_after_deploy
M,es/indian-raisins-kishmish-exporter.html,https://jftagro.com/es/indian-raisins-kishmish-exporter.html,yes,yes,changed_existing_url,crawl_after_deploy
M,es/infrastructure.html,https://jftagro.com/es/infrastructure.html,yes,yes,changed_existing_url,crawl_after_deploy
M,es/maida-refined-wheat-flour-exporter.html,https://jftagro.com/es/maida-refined-wheat-flour-exporter.html,yes,yes,changed_existing_url,crawl_after_deploy
M,es/maize-grits-exporter.html,https://jftagro.com/es/maize-grits-exporter.html,yes,yes,changed_existing_url,crawl_after_deploy
M,es/milling-wheat-exporter.html,https://jftagro.com/es/milling-wheat-exporter.html,yes,yes,changed_existing_url,crawl_after_deploy
M,es/moringa-leaves-exporter.html,https://jftagro.com/es/moringa-leaves-exporter.html,yes,yes,changed_existing_url,crawl_after_deploy
M,es/moringa-powder-exporter.html,https://jftagro.com/es/moringa-powder-exporter.html,yes,yes,changed_existing_url,crawl_after_deploy
M,es/mustard-seeds-powder-exporter.html,https://jftagro.com/es/mustard-seeds-powder-exporter.html,yes,yes,changed_existing_url,crawl_after_deploy
M,es/packing-calculator.html,https://jftagro.com/es/packing-calculator.html,yes,yes,changed_existing_url,crawl_after_deploy
M,es/port-transit-calculator.html,https://jftagro.com/es/port-transit-calculator.html,yes,yes,changed_existing_url,crawl_after_deploy
M,es/pr-11-rice-exporter.html,https://jftagro.com/es/pr-11-rice-exporter.html,yes,yes,changed_existing_url,crawl_after_deploy
M,es/products.html,https://jftagro.com/es/products.html,yes,yes,changed_existing_url,crawl_after_deploy
M,es/psyllium-husk-exporter.html,https://jftagro.com/es/psyllium-husk-exporter.html,yes,yes,changed_existing_url,crawl_after_deploy
M,es/quality-control.html,https://jftagro.com/es/quality-control.html,yes,yes,changed_existing_url,crawl_after_deploy
M,es/quote-calculator.html,https://jftagro.com/es/quote-calculator.html,yes,yes,changed_existing_url,crawl_after_deploy
M,es/red-millet-exporter.html,https://jftagro.com/es/red-millet-exporter.html,yes,yes,changed_existing_url,crawl_after_deploy
M,es/safflower-seeds-exporter.html,https://jftagro.com/es/safflower-seeds-exporter.html,yes,yes,changed_existing_url,crawl_after_deploy
M,es/samba-rice-exporter.html,https://jftagro.com/es/samba-rice-exporter.html,yes,yes,changed_existing_url,crawl_after_deploy
M,es/sample-request.html,https://jftagro.com/es/sample-request.html,yes,yes,changed_existing_url,crawl_after_deploy
M,es/semolina-sooji-rava-exporter.html,https://jftagro.com/es/semolina-sooji-rava-exporter.html,yes,yes,changed_existing_url,crawl_after_deploy
M,es/senna-leaves-exporter.html,https://jftagro.com/es/senna-leaves-exporter.html,yes,yes,changed_existing_url,crawl_after_deploy
M,es/senna-pods-exporter.html,https://jftagro.com/es/senna-pods-exporter.html,yes,yes,changed_existing_url,crawl_after_deploy
M,es/sesame-seeds-naturalhulled-exporter.html,https://jftagro.com/es/sesame-seeds-naturalhulled-exporter.html,yes,yes,changed_existing_url,crawl_after_deploy
M,es/shipment-tracker.html,https://jftagro.com/es/shipment-tracker.html,yes,yes,changed_existing_url,crawl_after_deploy
M,es/soya-bean-exporter.html,https://jftagro.com/es/soya-bean-exporter.html,yes,yes,changed_existing_url,crawl_after_deploy
M,es/soybean-meal-doc-exporter.html,https://jftagro.com/es/soybean-meal-doc-exporter.html,yes,yes,changed_existing_url,crawl_after_deploy
M,es/sugar-s30-supplier.html,https://jftagro.com/es/sugar-s30-supplier.html,yes,yes,changed_existing_url,crawl_after_deploy
M,es/sunflower-seeds-exporter.html,https://jftagro.com/es/sunflower-seeds-exporter.html,yes,yes,changed_existing_url,crawl_after_deploy
M,es/sunflower-seeds-in-shell-exporter.html,https://jftagro.com/es/sunflower-seeds-in-shell-exporter.html,yes,yes,changed_existing_url,crawl_after_deploy
M,es/tamarind-exporter.html,https://jftagro.com/es/tamarind-exporter.html,yes,yes,changed_existing_url,crawl_after_deploy
M,es/toor-dal-split-pigeon-pea-exporter.html,https://jftagro.com/es/toor-dal-split-pigeon-pea-exporter.html,yes,yes,changed_existing_url,crawl_after_deploy
M,es/turmeric-finger-exporter.html,https://jftagro.com/es/turmeric-finger-exporter.html,yes,yes,changed_existing_url,crawl_after_deploy
M,es/uae-trade.html,https://jftagro.com/es/uae-trade.html,yes,yes,changed_existing_url,crawl_after_deploy
M,es/whatsapp-catalog.html,https://jftagro.com/es/whatsapp-catalog.html,yes,yes,changed_existing_url,crawl_after_deploy
M,es/wheat-flour-chakki-fresh-atta-exporter.html,https://jftagro.com/es/wheat-flour-chakki-fresh-atta-exporter.html,yes,yes,changed_existing_url,crawl_after_deploy
M,es/wheat-grass-powder-exporter.html,https://jftagro.com/es/wheat-grass-powder-exporter.html,yes,yes,changed_existing_url,crawl_after_deploy
M,es/white-sorghum-jowar-exporter.html,https://jftagro.com/es/white-sorghum-jowar-exporter.html,yes,yes,changed_existing_url,crawl_after_deploy
M,es/whole-nutmeg-powder-exporter.html,https://jftagro.com/es/whole-nutmeg-powder-exporter.html,yes,yes,changed_existing_url,crawl_after_deploy
M,es/yellow-maize-corn-exporter.html,https://jftagro.com/es/yellow-maize-corn-exporter.html,yes,yes,changed_existing_url,crawl_after_deploy
M,es/yellow-peas-matar-exporter.html,https://jftagro.com/es/yellow-peas-matar-exporter.html,yes,yes,changed_existing_url,crawl_after_deploy
M,europe-trade.html,https://jftagro.com/europe-trade.html,yes,yes,changed_existing_url,crawl_after_deploy
M,export-documentation.html,https://jftagro.com/export-documentation.html,yes,yes,changed_existing_url,crawl_after_deploy
M,faq.html,https://jftagro.com/faq.html,yes,yes,changed_existing_url,crawl_after_deploy
M,fennel-seeds-sounff-exporter.html,https://jftagro.com/fennel-seeds-sounff-exporter.html,yes,yes,changed_existing_url,crawl_after_deploy
M,fenugreek-seeds-methi-exporter.html,https://jftagro.com/fenugreek-seeds-methi-exporter.html,yes,yes,changed_existing_url,crawl_after_deploy
M,fr/index.html,https://jftagro.com/fr/,yes,yes,changed_existing_url,crawl_after_deploy
M,fr/10-parboiled-rice-ir-64-exporter.html,https://jftagro.com/fr/10-parboiled-rice-ir-64-exporter.html,yes,yes,changed_existing_url,crawl_after_deploy
M,fr/100-broken-rice-exporter.html,https://jftagro.com/fr/100-broken-rice-exporter.html,yes,yes,changed_existing_url,crawl_after_deploy
M,fr/1121-basmati-rice-exporter.html,https://jftagro.com/fr/1121-basmati-rice-exporter.html,yes,yes,changed_existing_url,crawl_after_deploy
M,fr/1121-raw-basmati-rice-exporter.html,https://jftagro.com/fr/1121-raw-basmati-rice-exporter.html,yes,yes,changed_existing_url,crawl_after_deploy
M,fr/1121-steam-basmati-rice-exporter.html,https://jftagro.com/fr/1121-steam-basmati-rice-exporter.html,yes,yes,changed_existing_url,crawl_after_deploy
M,fr/1121-white-sella-basmati-exporter.html,https://jftagro.com/fr/1121-white-sella-basmati-exporter.html,yes,yes,changed_existing_url,crawl_after_deploy
M,fr/1401-golden-sella-basmati-exporter.html,https://jftagro.com/fr/1401-golden-sella-basmati-exporter.html,yes,yes,changed_existing_url,crawl_after_deploy
M,fr/1401-sella-basmati-rice-exporter.html,https://jftagro.com/fr/1401-sella-basmati-rice-exporter.html,yes,yes,changed_existing_url,crawl_after_deploy
M,fr/1401-steam-basmati-rice-exporter.html,https://jftagro.com/fr/1401-steam-basmati-rice-exporter.html,yes,yes,changed_existing_url,crawl_after_deploy
M,fr/1509-golden-sella-basmati-exporter.html,https://jftagro.com/fr/1509-golden-sella-basmati-exporter.html,yes,yes,changed_existing_url,crawl_after_deploy
M,fr/1509-steam-basmati-rice-exporter.html,https://jftagro.com/fr/1509-steam-basmati-rice-exporter.html,yes,yes,changed_existing_url,crawl_after_deploy
M,fr/1718-golden-sella-basmati-exporter.html,https://jftagro.com/fr/1718-golden-sella-basmati-exporter.html,yes,yes,changed_existing_url,crawl_after_deploy
M,fr/1718-steam-basmati-rice-exporter.html,https://jftagro.com/fr/1718-steam-basmati-rice-exporter.html,yes,yes,changed_existing_url,crawl_after_deploy
M,fr/25-silky-sortex-short-grain-exporter.html,https://jftagro.com/fr/25-silky-sortex-short-grain-exporter.html,yes,yes,changed_existing_url,crawl_after_deploy
M,fr/25-silky-sortex-white-exporter.html,https://jftagro.com/fr/25-silky-sortex-white-exporter.html,yes,yes,changed_existing_url,crawl_after_deploy
M,fr/5-parboiled-rice-ir-64-exporter.html,https://jftagro.com/fr/5-parboiled-rice-ir-64-exporter.html,yes,yes,changed_existing_url,crawl_after_deploy
M,fr/5-silky-sortex-short-grain-exporter.html,https://jftagro.com/fr/5-silky-sortex-short-grain-exporter.html,yes,yes,changed_existing_url,crawl_after_deploy
M,fr/5-silky-sortex-white-exporter.html,https://jftagro.com/fr/5-silky-sortex-white-exporter.html,yes,yes,changed_existing_url,crawl_after_deploy
M,fr/about.html,https://jftagro.com/fr/about.html,yes,yes,changed_existing_url,crawl_after_deploy
M,fr/africa-trade.html,https://jftagro.com/fr/africa-trade.html,yes,yes,changed_existing_url,crawl_after_deploy
M,fr/ajwain-seeds-powder-exporter.html,https://jftagro.com/fr/ajwain-seeds-powder-exporter.html,yes,yes,changed_existing_url,crawl_after_deploy
M,fr/akarkara-root-exporter.html,https://jftagro.com/fr/akarkara-root-exporter.html,yes,yes,changed_existing_url,crawl_after_deploy
M,fr/asaliya-seeds-exporter.html,https://jftagro.com/fr/asaliya-seeds-exporter.html,yes,yes,changed_existing_url,crawl_after_deploy
M,fr/asia-trade.html,https://jftagro.com/fr/asia-trade.html,yes,yes,changed_existing_url,crawl_after_deploy
M,fr/barley-seeds-exporter.html,https://jftagro.com/fr/barley-seeds-exporter.html,yes,yes,changed_existing_url,crawl_after_deploy
M,fr/basil-seeds-exporter.html,https://jftagro.com/fr/basil-seeds-exporter.html,yes,yes,changed_existing_url,crawl_after_deploy
M,fr/bay-leaf-exporter.html,https://jftagro.com/fr/bay-leaf-exporter.html,yes,yes,changed_existing_url,crawl_after_deploy
M,fr/black-cumin-seeds-nigella-exporter.html,https://jftagro.com/fr/black-cumin-seeds-nigella-exporter.html,yes,yes,changed_existing_url,crawl_after_deploy
M,fr/black-himaj-exporter.html,https://jftagro.com/fr/black-himaj-exporter.html,yes,yes,changed_existing_url,crawl_after_deploy
M,fr/black-pepper-powder-exporter.html,https://jftagro.com/fr/black-pepper-powder-exporter.html,yes,yes,changed_existing_url,crawl_after_deploy
M,fr/blog-apeda-registration-indian-exporter-explained.html,https://jftagro.com/fr/blog-apeda-registration-indian-exporter-explained.html,yes,yes,changed_existing_url,crawl_after_deploy
M,fr/blog-basmati-export-guide.html,https://jftagro.com/fr/blog-basmati-export-guide.html,yes,yes,changed_existing_url,crawl_after_deploy
M,fr/blog-bill-of-lading-explained-importers.html,https://jftagro.com/fr/blog-bill-of-lading-explained-importers.html,yes,yes,changed_existing_url,crawl_after_deploy
??,fr/blog-certificate-of-analysis-food-imports.html,https://jftagro.com/fr/blog-certificate-of-analysis-food-imports.html,yes,yes,changed_existing_url,crawl_after_deploy
M,fr/blog-cumin-jeera-price-outlook-2026.html,https://jftagro.com/fr/blog-cumin-jeera-price-outlook-2026.html,yes,yes,changed_existing_url,crawl_after_deploy
??,fr/blog-food-container-loading-inspection-checklist.html,https://jftagro.com/fr/blog-food-container-loading-inspection-checklist.html,yes,yes,changed_existing_url,crawl_after_deploy
M,fr/blog-green-mung-beans-export-india-2026.html,https://jftagro.com/fr/blog-green-mung-beans-export-india-2026.html,yes,yes,changed_existing_url,crawl_after_deploy
M,fr/blog-how-to-choose-indian-agro-exporter.html,https://jftagro.com/fr/blog-how-to-choose-indian-agro-exporter.html,yes,yes,changed_existing_url,crawl_after_deploy
M,fr/blog-how-to-export-india-to-africa.html,https://jftagro.com/fr/blog-how-to-export-india-to-africa.html,yes,yes,changed_existing_url,crawl_after_deploy
M,fr/blog-how-to-import-rice-nigeria-west-africa.html,https://jftagro.com/fr/blog-how-to-import-rice-nigeria-west-africa.html,yes,yes,changed_existing_url,crawl_after_deploy
M,fr/blog-how-to-read-proforma-invoice-india-export.html,https://jftagro.com/fr/blog-how-to-read-proforma-invoice-india-export.html,yes,yes,changed_existing_url,crawl_after_deploy
??,fr/blog-how-to-write-agro-commodity-purchase-specification.html,https://jftagro.com/fr/blog-how-to-write-agro-commodity-purchase-specification.html,yes,yes,changed_existing_url,crawl_after_deploy
M,fr/blog-import-duty-indian-rice-by-country.html,https://jftagro.com/fr/blog-import-duty-indian-rice-by-country.html,yes,yes,changed_existing_url,crawl_after_deploy
M,fr/blog-import-indian-agro-kenya-east-africa.html,https://jftagro.com/fr/blog-import-indian-agro-kenya-east-africa.html,yes,yes,changed_existing_url,crawl_after_deploy
M,fr/blog-india-rice-export-sri-lanka-bangladesh.html,https://jftagro.com/fr/blog-india-rice-export-sri-lanka-bangladesh.html,yes,yes,changed_existing_url,crawl_after_deploy
M,fr/blog-india-vs-thailand-rice-comparison.html,https://jftagro.com/fr/blog-india-vs-thailand-rice-comparison.html,yes,yes,changed_existing_url,crawl_after_deploy
M,fr/blog-ir64-export.html,https://jftagro.com/fr/blog-ir64-export.html,yes,yes,changed_existing_url,crawl_after_deploy
M,fr/blog-letter-of-credit-food-imports-india.html,https://jftagro.com/fr/blog-letter-of-credit-food-imports-india.html,yes,yes,changed_existing_url,crawl_after_deploy
M,fr/blog-psyllium-husk-export-india-2026.html,https://jftagro.com/fr/blog-psyllium-husk-export-india-2026.html,yes,yes,changed_existing_url,crawl_after_deploy
M,fr/blog-red-chilli-teja-export-india-2026.html,https://jftagro.com/fr/blog-red-chilli-teja-export-india-2026.html,yes,yes,changed_existing_url,crawl_after_deploy
M,fr/blog-sgs-inspection-indian-agro-exports.html,https://jftagro.com/fr/blog-sgs-inspection-indian-agro-exports.html,yes,yes,changed_existing_url,crawl_after_deploy
M,fr/blog-top-indian-agro-commodities-import-2026.html,https://jftagro.com/fr/blog-top-indian-agro-commodities-import-2026.html,yes,yes,changed_existing_url,crawl_after_deploy
M,fr/blog-turmeric-finger-export-india-2026.html,https://jftagro.com/fr/blog-turmeric-finger-export-india-2026.html,yes,yes,changed_existing_url,crawl_after_deploy
M,fr/blog-turmeric-market-outlook-2026.html,https://jftagro.com/fr/blog-turmeric-market-outlook-2026.html,yes,yes,changed_existing_url,crawl_after_deploy
M,fr/blog.html,https://jftagro.com/fr/blog.html,yes,yes,changed_existing_url,crawl_after_deploy
M,fr/buckwheat-exporter.html,https://jftagro.com/fr/buckwheat-exporter.html,yes,yes,changed_existing_url,crawl_after_deploy
??,fr/buyer-security.html,https://jftagro.com/fr/buyer-security.html,yes,yes,changed_existing_url,crawl_after_deploy
M,fr/cassia-tora-meal-exporter.html,https://jftagro.com/fr/cassia-tora-meal-exporter.html,yes,yes,changed_existing_url,crawl_after_deploy
M,fr/cassia-tora-seeds-exporter.html,https://jftagro.com/fr/cassia-tora-seeds-exporter.html,yes,yes,changed_existing_url,crawl_after_deploy
M,fr/celery-seeds-powder-exporter.html,https://jftagro.com/fr/celery-seeds-powder-exporter.html,yes,yes,changed_existing_url,crawl_after_deploy
M,fr/certificates.html,https://jftagro.com/fr/certificates.html,yes,yes,changed_existing_url,crawl_after_deploy
M,fr/chickpeas-kabuli-exporter.html,https://jftagro.com/fr/chickpeas-kabuli-exporter.html,yes,yes,changed_existing_url,crawl_after_deploy
M,fr/contact.html,https://jftagro.com/fr/contact.html,yes,yes,changed_existing_url,crawl_after_deploy
M,fr/coriander-seeds-exporter.html,https://jftagro.com/fr/coriander-seeds-exporter.html,yes,yes,changed_existing_url,crawl_after_deploy
M,fr/corn-flour-maize-flour-exporter.html,https://jftagro.com/fr/corn-flour-maize-flour-exporter.html,yes,yes,changed_existing_url,crawl_after_deploy
M,fr/corn-gluten-meal-exporter.html,https://jftagro.com/fr/corn-gluten-meal-exporter.html,yes,yes,changed_existing_url,crawl_after_deploy
M,fr/corn-starch-exporter.html,https://jftagro.com/fr/corn-starch-exporter.html,yes,yes,changed_existing_url,crawl_after_deploy
M,fr/cotton-seed-oil-cake-exporter.html,https://jftagro.com/fr/cotton-seed-oil-cake-exporter.html,yes,yes,changed_existing_url,crawl_after_deploy
M,fr/cumin-seeds-jeera-exporter.html,https://jftagro.com/fr/cumin-seeds-jeera-exporter.html,yes,yes,changed_existing_url,crawl_after_deploy
M,fr/curry-powder-exporter.html,https://jftagro.com/fr/curry-powder-exporter.html,yes,yes,changed_existing_url,crawl_after_deploy
M,fr/deoiled-rice-bran-dorb-exporter.html,https://jftagro.com/fr/deoiled-rice-bran-dorb-exporter.html,yes,yes,changed_existing_url,crawl_after_deploy
M,fr/dill-seeds-powder-exporter.html,https://jftagro.com/fr/dill-seeds-powder-exporter.html,yes,yes,changed_existing_url,crawl_after_deploy
M,fr/dry-ginger-powder-exporter.html,https://jftagro.com/fr/dry-ginger-powder-exporter.html,yes,yes,changed_existing_url,crawl_after_deploy
M,fr/dry-red-chilli-exporter.html,https://jftagro.com/fr/dry-red-chilli-exporter.html,yes,yes,changed_existing_url,crawl_after_deploy
M,fr/europe-trade.html,https://jftagro.com/fr/europe-trade.html,yes,yes,changed_existing_url,crawl_after_deploy
??,fr/export-documentation.html,https://jftagro.com/fr/export-documentation.html,yes,yes,changed_existing_url,crawl_after_deploy
M,fr/faq.html,https://jftagro.com/fr/faq.html,yes,yes,changed_existing_url,crawl_after_deploy
M,fr/fennel-seeds-sounff-exporter.html,https://jftagro.com/fr/fennel-seeds-sounff-exporter.html,yes,yes,changed_existing_url,crawl_after_deploy
M,fr/fenugreek-seeds-methi-exporter.html,https://jftagro.com/fr/fenugreek-seeds-methi-exporter.html,yes,yes,changed_existing_url,crawl_after_deploy
M,fr/galangal-root-exporter.html,https://jftagro.com/fr/galangal-root-exporter.html,yes,yes,changed_existing_url,crawl_after_deploy
M,fr/green-cardamom-exporter.html,https://jftagro.com/fr/green-cardamom-exporter.html,yes,yes,changed_existing_url,crawl_after_deploy
M,fr/green-millet-bajra-exporter.html,https://jftagro.com/fr/green-millet-bajra-exporter.html,yes,yes,changed_existing_url,crawl_after_deploy
M,fr/green-mung-beans-exporter.html,https://jftagro.com/fr/green-mung-beans-exporter.html,yes,yes,changed_existing_url,crawl_after_deploy
M,fr/grey-millet-exporter.html,https://jftagro.com/fr/grey-millet-exporter.html,yes,yes,changed_existing_url,crawl_after_deploy
M,fr/groundnut-oil-cake-exporter.html,https://jftagro.com/fr/groundnut-oil-cake-exporter.html,yes,yes,changed_existing_url,crawl_after_deploy
M,fr/groundnuts-peanuts-exporter.html,https://jftagro.com/fr/groundnuts-peanuts-exporter.html,yes,yes,changed_existing_url,crawl_after_deploy
M,fr/henna-leaves-exporter.html,https://jftagro.com/fr/henna-leaves-exporter.html,yes,yes,changed_existing_url,crawl_after_deploy
M,fr/henna-powder-exporter.html,https://jftagro.com/fr/henna-powder-exporter.html,yes,yes,changed_existing_url,crawl_after_deploy
M,fr/indian-raisins-kishmish-exporter.html,https://jftagro.com/fr/indian-raisins-kishmish-exporter.html,yes,yes,changed_existing_url,crawl_after_deploy
M,fr/infrastructure.html,https://jftagro.com/fr/infrastructure.html,yes,yes,changed_existing_url,crawl_after_deploy
M,fr/maida-refined-wheat-flour-exporter.html,https://jftagro.com/fr/maida-refined-wheat-flour-exporter.html,yes,yes,changed_existing_url,crawl_after_deploy
M,fr/maize-grits-exporter.html,https://jftagro.com/fr/maize-grits-exporter.html,yes,yes,changed_existing_url,crawl_after_deploy
M,fr/milling-wheat-exporter.html,https://jftagro.com/fr/milling-wheat-exporter.html,yes,yes,changed_existing_url,crawl_after_deploy
M,fr/moringa-leaves-exporter.html,https://jftagro.com/fr/moringa-leaves-exporter.html,yes,yes,changed_existing_url,crawl_after_deploy
M,fr/moringa-powder-exporter.html,https://jftagro.com/fr/moringa-powder-exporter.html,yes,yes,changed_existing_url,crawl_after_deploy
M,fr/mustard-seeds-powder-exporter.html,https://jftagro.com/fr/mustard-seeds-powder-exporter.html,yes,yes,changed_existing_url,crawl_after_deploy
M,fr/packing-calculator.html,https://jftagro.com/fr/packing-calculator.html,yes,yes,changed_existing_url,crawl_after_deploy
M,fr/port-transit-calculator.html,https://jftagro.com/fr/port-transit-calculator.html,yes,yes,changed_existing_url,crawl_after_deploy
M,fr/pr-11-rice-exporter.html,https://jftagro.com/fr/pr-11-rice-exporter.html,yes,yes,changed_existing_url,crawl_after_deploy
M,fr/products.html,https://jftagro.com/fr/products.html,yes,yes,changed_existing_url,crawl_after_deploy
M,fr/psyllium-husk-exporter.html,https://jftagro.com/fr/psyllium-husk-exporter.html,yes,yes,changed_existing_url,crawl_after_deploy
M,fr/quality-control.html,https://jftagro.com/fr/quality-control.html,yes,yes,changed_existing_url,crawl_after_deploy
M,fr/quote-calculator.html,https://jftagro.com/fr/quote-calculator.html,yes,yes,changed_existing_url,crawl_after_deploy
M,fr/red-millet-exporter.html,https://jftagro.com/fr/red-millet-exporter.html,yes,yes,changed_existing_url,crawl_after_deploy
M,fr/safflower-seeds-exporter.html,https://jftagro.com/fr/safflower-seeds-exporter.html,yes,yes,changed_existing_url,crawl_after_deploy
M,fr/samba-rice-exporter.html,https://jftagro.com/fr/samba-rice-exporter.html,yes,yes,changed_existing_url,crawl_after_deploy
M,fr/sample-request.html,https://jftagro.com/fr/sample-request.html,yes,yes,changed_existing_url,crawl_after_deploy
M,fr/semolina-sooji-rava-exporter.html,https://jftagro.com/fr/semolina-sooji-rava-exporter.html,yes,yes,changed_existing_url,crawl_after_deploy
M,fr/senna-leaves-exporter.html,https://jftagro.com/fr/senna-leaves-exporter.html,yes,yes,changed_existing_url,crawl_after_deploy
M,fr/senna-pods-exporter.html,https://jftagro.com/fr/senna-pods-exporter.html,yes,yes,changed_existing_url,crawl_after_deploy
M,fr/sesame-seeds-naturalhulled-exporter.html,https://jftagro.com/fr/sesame-seeds-naturalhulled-exporter.html,yes,yes,changed_existing_url,crawl_after_deploy
M,fr/shipment-tracker.html,https://jftagro.com/fr/shipment-tracker.html,yes,yes,changed_existing_url,crawl_after_deploy
M,fr/soya-bean-exporter.html,https://jftagro.com/fr/soya-bean-exporter.html,yes,yes,changed_existing_url,crawl_after_deploy
M,fr/soybean-meal-doc-exporter.html,https://jftagro.com/fr/soybean-meal-doc-exporter.html,yes,yes,changed_existing_url,crawl_after_deploy
M,fr/sugar-s30-supplier.html,https://jftagro.com/fr/sugar-s30-supplier.html,yes,yes,changed_existing_url,crawl_after_deploy
M,fr/sunflower-seeds-exporter.html,https://jftagro.com/fr/sunflower-seeds-exporter.html,yes,yes,changed_existing_url,crawl_after_deploy
M,fr/sunflower-seeds-in-shell-exporter.html,https://jftagro.com/fr/sunflower-seeds-in-shell-exporter.html,yes,yes,changed_existing_url,crawl_after_deploy
M,fr/tamarind-exporter.html,https://jftagro.com/fr/tamarind-exporter.html,yes,yes,changed_existing_url,crawl_after_deploy
M,fr/toor-dal-split-pigeon-pea-exporter.html,https://jftagro.com/fr/toor-dal-split-pigeon-pea-exporter.html,yes,yes,changed_existing_url,crawl_after_deploy
M,fr/turmeric-finger-exporter.html,https://jftagro.com/fr/turmeric-finger-exporter.html,yes,yes,changed_existing_url,crawl_after_deploy
M,fr/uae-trade.html,https://jftagro.com/fr/uae-trade.html,yes,yes,changed_existing_url,crawl_after_deploy
M,fr/whatsapp-catalog.html,https://jftagro.com/fr/whatsapp-catalog.html,yes,yes,changed_existing_url,crawl_after_deploy
M,fr/wheat-flour-chakki-fresh-atta-exporter.html,https://jftagro.com/fr/wheat-flour-chakki-fresh-atta-exporter.html,yes,yes,changed_existing_url,crawl_after_deploy
M,fr/wheat-grass-powder-exporter.html,https://jftagro.com/fr/wheat-grass-powder-exporter.html,yes,yes,changed_existing_url,crawl_after_deploy
M,fr/white-sorghum-jowar-exporter.html,https://jftagro.com/fr/white-sorghum-jowar-exporter.html,yes,yes,changed_existing_url,crawl_after_deploy
M,fr/whole-nutmeg-powder-exporter.html,https://jftagro.com/fr/whole-nutmeg-powder-exporter.html,yes,yes,changed_existing_url,crawl_after_deploy
M,fr/yellow-maize-corn-exporter.html,https://jftagro.com/fr/yellow-maize-corn-exporter.html,yes,yes,changed_existing_url,crawl_after_deploy
M,fr/yellow-peas-matar-exporter.html,https://jftagro.com/fr/yellow-peas-matar-exporter.html,yes,yes,changed_existing_url,crawl_after_deploy
M,galangal-root-exporter.html,https://jftagro.com/galangal-root-exporter.html,yes,yes,changed_existing_url,crawl_after_deploy
M,green-cardamom-exporter.html,https://jftagro.com/green-cardamom-exporter.html,yes,yes,changed_existing_url,crawl_after_deploy
M,green-millet-bajra-exporter.html,https://jftagro.com/green-millet-bajra-exporter.html,yes,yes,changed_existing_url,crawl_after_deploy
M,green-mung-beans-exporter.html,https://jftagro.com/green-mung-beans-exporter.html,yes,yes,changed_existing_url,crawl_after_deploy
M,grey-millet-exporter.html,https://jftagro.com/grey-millet-exporter.html,yes,yes,changed_existing_url,crawl_after_deploy
M,groundnut-oil-cake-exporter.html,https://jftagro.com/groundnut-oil-cake-exporter.html,yes,yes,changed_existing_url,crawl_after_deploy
M,groundnuts-peanuts-exporter.html,https://jftagro.com/groundnuts-peanuts-exporter.html,yes,yes,changed_existing_url,crawl_after_deploy
M,henna-leaves-exporter.html,https://jftagro.com/henna-leaves-exporter.html,yes,yes,changed_existing_url,crawl_after_deploy
M,henna-powder-exporter.html,https://jftagro.com/henna-powder-exporter.html,yes,yes,changed_existing_url,crawl_after_deploy
M,id/index.html,https://jftagro.com/id/,yes,yes,changed_existing_url,crawl_after_deploy
M,id/10-parboiled-rice-ir-64-exporter.html,https://jftagro.com/id/10-parboiled-rice-ir-64-exporter.html,yes,yes,changed_existing_url,crawl_after_deploy
M,id/100-broken-rice-exporter.html,https://jftagro.com/id/100-broken-rice-exporter.html,yes,yes,changed_existing_url,crawl_after_deploy
M,id/1121-basmati-rice-exporter.html,https://jftagro.com/id/1121-basmati-rice-exporter.html,yes,yes,changed_existing_url,crawl_after_deploy
M,id/1121-raw-basmati-rice-exporter.html,https://jftagro.com/id/1121-raw-basmati-rice-exporter.html,yes,yes,changed_existing_url,crawl_after_deploy
M,id/1121-steam-basmati-rice-exporter.html,https://jftagro.com/id/1121-steam-basmati-rice-exporter.html,yes,yes,changed_existing_url,crawl_after_deploy
M,id/1121-white-sella-basmati-exporter.html,https://jftagro.com/id/1121-white-sella-basmati-exporter.html,yes,yes,changed_existing_url,crawl_after_deploy
M,id/1401-golden-sella-basmati-exporter.html,https://jftagro.com/id/1401-golden-sella-basmati-exporter.html,yes,yes,changed_existing_url,crawl_after_deploy
M,id/1401-sella-basmati-rice-exporter.html,https://jftagro.com/id/1401-sella-basmati-rice-exporter.html,yes,yes,changed_existing_url,crawl_after_deploy
M,id/1401-steam-basmati-rice-exporter.html,https://jftagro.com/id/1401-steam-basmati-rice-exporter.html,yes,yes,changed_existing_url,crawl_after_deploy
M,id/1509-golden-sella-basmati-exporter.html,https://jftagro.com/id/1509-golden-sella-basmati-exporter.html,yes,yes,changed_existing_url,crawl_after_deploy
M,id/1509-steam-basmati-rice-exporter.html,https://jftagro.com/id/1509-steam-basmati-rice-exporter.html,yes,yes,changed_existing_url,crawl_after_deploy
M,id/1718-golden-sella-basmati-exporter.html,https://jftagro.com/id/1718-golden-sella-basmati-exporter.html,yes,yes,changed_existing_url,crawl_after_deploy
M,id/1718-steam-basmati-rice-exporter.html,https://jftagro.com/id/1718-steam-basmati-rice-exporter.html,yes,yes,changed_existing_url,crawl_after_deploy
M,id/25-silky-sortex-short-grain-exporter.html,https://jftagro.com/id/25-silky-sortex-short-grain-exporter.html,yes,yes,changed_existing_url,crawl_after_deploy
M,id/25-silky-sortex-white-exporter.html,https://jftagro.com/id/25-silky-sortex-white-exporter.html,yes,yes,changed_existing_url,crawl_after_deploy
M,id/5-parboiled-rice-ir-64-exporter.html,https://jftagro.com/id/5-parboiled-rice-ir-64-exporter.html,yes,yes,changed_existing_url,crawl_after_deploy
M,id/5-silky-sortex-short-grain-exporter.html,https://jftagro.com/id/5-silky-sortex-short-grain-exporter.html,yes,yes,changed_existing_url,crawl_after_deploy
M,id/5-silky-sortex-white-exporter.html,https://jftagro.com/id/5-silky-sortex-white-exporter.html,yes,yes,changed_existing_url,crawl_after_deploy
M,id/about.html,https://jftagro.com/id/about.html,yes,yes,changed_existing_url,crawl_after_deploy
M,id/africa-trade.html,https://jftagro.com/id/africa-trade.html,yes,yes,changed_existing_url,crawl_after_deploy
M,id/ajwain-seeds-powder-exporter.html,https://jftagro.com/id/ajwain-seeds-powder-exporter.html,yes,yes,changed_existing_url,crawl_after_deploy
M,id/akarkara-root-exporter.html,https://jftagro.com/id/akarkara-root-exporter.html,yes,yes,changed_existing_url,crawl_after_deploy
M,id/asaliya-seeds-exporter.html,https://jftagro.com/id/asaliya-seeds-exporter.html,yes,yes,changed_existing_url,crawl_after_deploy
M,id/asia-trade.html,https://jftagro.com/id/asia-trade.html,yes,yes,changed_existing_url,crawl_after_deploy
M,id/barley-seeds-exporter.html,https://jftagro.com/id/barley-seeds-exporter.html,yes,yes,changed_existing_url,crawl_after_deploy
M,id/basil-seeds-exporter.html,https://jftagro.com/id/basil-seeds-exporter.html,yes,yes,changed_existing_url,crawl_after_deploy
M,id/bay-leaf-exporter.html,https://jftagro.com/id/bay-leaf-exporter.html,yes,yes,changed_existing_url,crawl_after_deploy
M,id/black-cumin-seeds-nigella-exporter.html,https://jftagro.com/id/black-cumin-seeds-nigella-exporter.html,yes,yes,changed_existing_url,crawl_after_deploy
M,id/black-himaj-exporter.html,https://jftagro.com/id/black-himaj-exporter.html,yes,yes,changed_existing_url,crawl_after_deploy
M,id/black-pepper-powder-exporter.html,https://jftagro.com/id/black-pepper-powder-exporter.html,yes,yes,changed_existing_url,crawl_after_deploy
M,id/blog-apeda-registration-indian-exporter-explained.html,https://jftagro.com/id/blog-apeda-registration-indian-exporter-explained.html,yes,yes,changed_existing_url,crawl_after_deploy
M,id/blog-basmati-export-guide.html,https://jftagro.com/id/blog-basmati-export-guide.html,yes,yes,changed_existing_url,crawl_after_deploy
M,id/blog-bill-of-lading-explained-importers.html,https://jftagro.com/id/blog-bill-of-lading-explained-importers.html,yes,yes,changed_existing_url,crawl_after_deploy
??,id/blog-certificate-of-analysis-food-imports.html,https://jftagro.com/id/blog-certificate-of-analysis-food-imports.html,yes,yes,changed_existing_url,crawl_after_deploy
M,id/blog-cumin-jeera-price-outlook-2026.html,https://jftagro.com/id/blog-cumin-jeera-price-outlook-2026.html,yes,yes,changed_existing_url,crawl_after_deploy
??,id/blog-food-container-loading-inspection-checklist.html,https://jftagro.com/id/blog-food-container-loading-inspection-checklist.html,yes,yes,changed_existing_url,crawl_after_deploy
M,id/blog-green-mung-beans-export-india-2026.html,https://jftagro.com/id/blog-green-mung-beans-export-india-2026.html,yes,yes,changed_existing_url,crawl_after_deploy
M,id/blog-how-to-choose-indian-agro-exporter.html,https://jftagro.com/id/blog-how-to-choose-indian-agro-exporter.html,yes,yes,changed_existing_url,crawl_after_deploy
M,id/blog-how-to-export-india-to-africa.html,https://jftagro.com/id/blog-how-to-export-india-to-africa.html,yes,yes,changed_existing_url,crawl_after_deploy
M,id/blog-how-to-import-rice-nigeria-west-africa.html,https://jftagro.com/id/blog-how-to-import-rice-nigeria-west-africa.html,yes,yes,changed_existing_url,crawl_after_deploy
M,id/blog-how-to-read-proforma-invoice-india-export.html,https://jftagro.com/id/blog-how-to-read-proforma-invoice-india-export.html,yes,yes,changed_existing_url,crawl_after_deploy
??,id/blog-how-to-write-agro-commodity-purchase-specification.html,https://jftagro.com/id/blog-how-to-write-agro-commodity-purchase-specification.html,yes,yes,changed_existing_url,crawl_after_deploy
M,id/blog-import-duty-indian-rice-by-country.html,https://jftagro.com/id/blog-import-duty-indian-rice-by-country.html,yes,yes,changed_existing_url,crawl_after_deploy
M,id/blog-import-indian-agro-kenya-east-africa.html,https://jftagro.com/id/blog-import-indian-agro-kenya-east-africa.html,yes,yes,changed_existing_url,crawl_after_deploy
M,id/blog-india-rice-export-sri-lanka-bangladesh.html,https://jftagro.com/id/blog-india-rice-export-sri-lanka-bangladesh.html,yes,yes,changed_existing_url,crawl_after_deploy
M,id/blog-india-vs-thailand-rice-comparison.html,https://jftagro.com/id/blog-india-vs-thailand-rice-comparison.html,yes,yes,changed_existing_url,crawl_after_deploy
M,id/blog-ir64-export.html,https://jftagro.com/id/blog-ir64-export.html,yes,yes,changed_existing_url,crawl_after_deploy
M,id/blog-letter-of-credit-food-imports-india.html,https://jftagro.com/id/blog-letter-of-credit-food-imports-india.html,yes,yes,changed_existing_url,crawl_after_deploy
M,id/blog-psyllium-husk-export-india-2026.html,https://jftagro.com/id/blog-psyllium-husk-export-india-2026.html,yes,yes,changed_existing_url,crawl_after_deploy
M,id/blog-red-chilli-teja-export-india-2026.html,https://jftagro.com/id/blog-red-chilli-teja-export-india-2026.html,yes,yes,changed_existing_url,crawl_after_deploy
M,id/blog-sgs-inspection-indian-agro-exports.html,https://jftagro.com/id/blog-sgs-inspection-indian-agro-exports.html,yes,yes,changed_existing_url,crawl_after_deploy
M,id/blog-top-indian-agro-commodities-import-2026.html,https://jftagro.com/id/blog-top-indian-agro-commodities-import-2026.html,yes,yes,changed_existing_url,crawl_after_deploy
M,id/blog-turmeric-finger-export-india-2026.html,https://jftagro.com/id/blog-turmeric-finger-export-india-2026.html,yes,yes,changed_existing_url,crawl_after_deploy
M,id/blog-turmeric-market-outlook-2026.html,https://jftagro.com/id/blog-turmeric-market-outlook-2026.html,yes,yes,changed_existing_url,crawl_after_deploy
M,id/blog.html,https://jftagro.com/id/blog.html,yes,yes,changed_existing_url,crawl_after_deploy
M,id/buckwheat-exporter.html,https://jftagro.com/id/buckwheat-exporter.html,yes,yes,changed_existing_url,crawl_after_deploy
??,id/buyer-security.html,https://jftagro.com/id/buyer-security.html,yes,yes,changed_existing_url,crawl_after_deploy
M,id/cassia-tora-meal-exporter.html,https://jftagro.com/id/cassia-tora-meal-exporter.html,yes,yes,changed_existing_url,crawl_after_deploy
M,id/cassia-tora-seeds-exporter.html,https://jftagro.com/id/cassia-tora-seeds-exporter.html,yes,yes,changed_existing_url,crawl_after_deploy
M,id/celery-seeds-powder-exporter.html,https://jftagro.com/id/celery-seeds-powder-exporter.html,yes,yes,changed_existing_url,crawl_after_deploy
M,id/certificates.html,https://jftagro.com/id/certificates.html,yes,yes,changed_existing_url,crawl_after_deploy
M,id/chickpeas-kabuli-exporter.html,https://jftagro.com/id/chickpeas-kabuli-exporter.html,yes,yes,changed_existing_url,crawl_after_deploy
M,id/contact.html,https://jftagro.com/id/contact.html,yes,yes,changed_existing_url,crawl_after_deploy
M,id/coriander-seeds-exporter.html,https://jftagro.com/id/coriander-seeds-exporter.html,yes,yes,changed_existing_url,crawl_after_deploy
M,id/corn-flour-maize-flour-exporter.html,https://jftagro.com/id/corn-flour-maize-flour-exporter.html,yes,yes,changed_existing_url,crawl_after_deploy
M,id/corn-gluten-meal-exporter.html,https://jftagro.com/id/corn-gluten-meal-exporter.html,yes,yes,changed_existing_url,crawl_after_deploy
M,id/corn-starch-exporter.html,https://jftagro.com/id/corn-starch-exporter.html,yes,yes,changed_existing_url,crawl_after_deploy
M,id/cotton-seed-oil-cake-exporter.html,https://jftagro.com/id/cotton-seed-oil-cake-exporter.html,yes,yes,changed_existing_url,crawl_after_deploy
M,id/cumin-seeds-jeera-exporter.html,https://jftagro.com/id/cumin-seeds-jeera-exporter.html,yes,yes,changed_existing_url,crawl_after_deploy
M,id/curry-powder-exporter.html,https://jftagro.com/id/curry-powder-exporter.html,yes,yes,changed_existing_url,crawl_after_deploy
M,id/deoiled-rice-bran-dorb-exporter.html,https://jftagro.com/id/deoiled-rice-bran-dorb-exporter.html,yes,yes,changed_existing_url,crawl_after_deploy
M,id/dill-seeds-powder-exporter.html,https://jftagro.com/id/dill-seeds-powder-exporter.html,yes,yes,changed_existing_url,crawl_after_deploy
M,id/dry-ginger-powder-exporter.html,https://jftagro.com/id/dry-ginger-powder-exporter.html,yes,yes,changed_existing_url,crawl_after_deploy
M,id/dry-red-chilli-exporter.html,https://jftagro.com/id/dry-red-chilli-exporter.html,yes,yes,changed_existing_url,crawl_after_deploy
M,id/europe-trade.html,https://jftagro.com/id/europe-trade.html,yes,yes,changed_existing_url,crawl_after_deploy
??,id/export-documentation.html,https://jftagro.com/id/export-documentation.html,yes,yes,changed_existing_url,crawl_after_deploy
M,id/faq.html,https://jftagro.com/id/faq.html,yes,yes,changed_existing_url,crawl_after_deploy
M,id/fennel-seeds-sounff-exporter.html,https://jftagro.com/id/fennel-seeds-sounff-exporter.html,yes,yes,changed_existing_url,crawl_after_deploy
M,id/fenugreek-seeds-methi-exporter.html,https://jftagro.com/id/fenugreek-seeds-methi-exporter.html,yes,yes,changed_existing_url,crawl_after_deploy
M,id/galangal-root-exporter.html,https://jftagro.com/id/galangal-root-exporter.html,yes,yes,changed_existing_url,crawl_after_deploy
M,id/green-cardamom-exporter.html,https://jftagro.com/id/green-cardamom-exporter.html,yes,yes,changed_existing_url,crawl_after_deploy
M,id/green-millet-bajra-exporter.html,https://jftagro.com/id/green-millet-bajra-exporter.html,yes,yes,changed_existing_url,crawl_after_deploy
M,id/green-mung-beans-exporter.html,https://jftagro.com/id/green-mung-beans-exporter.html,yes,yes,changed_existing_url,crawl_after_deploy
M,id/grey-millet-exporter.html,https://jftagro.com/id/grey-millet-exporter.html,yes,yes,changed_existing_url,crawl_after_deploy
M,id/groundnut-oil-cake-exporter.html,https://jftagro.com/id/groundnut-oil-cake-exporter.html,yes,yes,changed_existing_url,crawl_after_deploy
M,id/groundnuts-peanuts-exporter.html,https://jftagro.com/id/groundnuts-peanuts-exporter.html,yes,yes,changed_existing_url,crawl_after_deploy
M,id/henna-leaves-exporter.html,https://jftagro.com/id/henna-leaves-exporter.html,yes,yes,changed_existing_url,crawl_after_deploy
M,id/henna-powder-exporter.html,https://jftagro.com/id/henna-powder-exporter.html,yes,yes,changed_existing_url,crawl_after_deploy
M,id/indian-raisins-kishmish-exporter.html,https://jftagro.com/id/indian-raisins-kishmish-exporter.html,yes,yes,changed_existing_url,crawl_after_deploy
M,id/infrastructure.html,https://jftagro.com/id/infrastructure.html,yes,yes,changed_existing_url,crawl_after_deploy
M,id/maida-refined-wheat-flour-exporter.html,https://jftagro.com/id/maida-refined-wheat-flour-exporter.html,yes,yes,changed_existing_url,crawl_after_deploy
M,id/maize-grits-exporter.html,https://jftagro.com/id/maize-grits-exporter.html,yes,yes,changed_existing_url,crawl_after_deploy
M,id/milling-wheat-exporter.html,https://jftagro.com/id/milling-wheat-exporter.html,yes,yes,changed_existing_url,crawl_after_deploy
M,id/moringa-leaves-exporter.html,https://jftagro.com/id/moringa-leaves-exporter.html,yes,yes,changed_existing_url,crawl_after_deploy
M,id/moringa-powder-exporter.html,https://jftagro.com/id/moringa-powder-exporter.html,yes,yes,changed_existing_url,crawl_after_deploy
M,id/mustard-seeds-powder-exporter.html,https://jftagro.com/id/mustard-seeds-powder-exporter.html,yes,yes,changed_existing_url,crawl_after_deploy
M,id/packing-calculator.html,https://jftagro.com/id/packing-calculator.html,yes,yes,changed_existing_url,crawl_after_deploy
M,id/port-transit-calculator.html,https://jftagro.com/id/port-transit-calculator.html,yes,yes,changed_existing_url,crawl_after_deploy
M,id/pr-11-rice-exporter.html,https://jftagro.com/id/pr-11-rice-exporter.html,yes,yes,changed_existing_url,crawl_after_deploy
M,id/products.html,https://jftagro.com/id/products.html,yes,yes,changed_existing_url,crawl_after_deploy
M,id/psyllium-husk-exporter.html,https://jftagro.com/id/psyllium-husk-exporter.html,yes,yes,changed_existing_url,crawl_after_deploy
M,id/quality-control.html,https://jftagro.com/id/quality-control.html,yes,yes,changed_existing_url,crawl_after_deploy
M,id/quote-calculator.html,https://jftagro.com/id/quote-calculator.html,yes,yes,changed_existing_url,crawl_after_deploy
M,id/red-millet-exporter.html,https://jftagro.com/id/red-millet-exporter.html,yes,yes,changed_existing_url,crawl_after_deploy
M,id/safflower-seeds-exporter.html,https://jftagro.com/id/safflower-seeds-exporter.html,yes,yes,changed_existing_url,crawl_after_deploy
M,id/samba-rice-exporter.html,https://jftagro.com/id/samba-rice-exporter.html,yes,yes,changed_existing_url,crawl_after_deploy
M,id/sample-request.html,https://jftagro.com/id/sample-request.html,yes,yes,changed_existing_url,crawl_after_deploy
M,id/semolina-sooji-rava-exporter.html,https://jftagro.com/id/semolina-sooji-rava-exporter.html,yes,yes,changed_existing_url,crawl_after_deploy
M,id/senna-leaves-exporter.html,https://jftagro.com/id/senna-leaves-exporter.html,yes,yes,changed_existing_url,crawl_after_deploy
M,id/senna-pods-exporter.html,https://jftagro.com/id/senna-pods-exporter.html,yes,yes,changed_existing_url,crawl_after_deploy
M,id/sesame-seeds-naturalhulled-exporter.html,https://jftagro.com/id/sesame-seeds-naturalhulled-exporter.html,yes,yes,changed_existing_url,crawl_after_deploy
M,id/shipment-tracker.html,https://jftagro.com/id/shipment-tracker.html,yes,yes,changed_existing_url,crawl_after_deploy
M,id/soya-bean-exporter.html,https://jftagro.com/id/soya-bean-exporter.html,yes,yes,changed_existing_url,crawl_after_deploy
M,id/soybean-meal-doc-exporter.html,https://jftagro.com/id/soybean-meal-doc-exporter.html,yes,yes,changed_existing_url,crawl_after_deploy
M,id/sugar-s30-supplier.html,https://jftagro.com/id/sugar-s30-supplier.html,yes,yes,changed_existing_url,crawl_after_deploy
M,id/sunflower-seeds-exporter.html,https://jftagro.com/id/sunflower-seeds-exporter.html,yes,yes,changed_existing_url,crawl_after_deploy
M,id/sunflower-seeds-in-shell-exporter.html,https://jftagro.com/id/sunflower-seeds-in-shell-exporter.html,yes,yes,changed_existing_url,crawl_after_deploy
M,id/tamarind-exporter.html,https://jftagro.com/id/tamarind-exporter.html,yes,yes,changed_existing_url,crawl_after_deploy
M,id/toor-dal-split-pigeon-pea-exporter.html,https://jftagro.com/id/toor-dal-split-pigeon-pea-exporter.html,yes,yes,changed_existing_url,crawl_after_deploy
M,id/turmeric-finger-exporter.html,https://jftagro.com/id/turmeric-finger-exporter.html,yes,yes,changed_existing_url,crawl_after_deploy
M,id/uae-trade.html,https://jftagro.com/id/uae-trade.html,yes,yes,changed_existing_url,crawl_after_deploy
M,id/whatsapp-catalog.html,https://jftagro.com/id/whatsapp-catalog.html,yes,yes,changed_existing_url,crawl_after_deploy
M,id/wheat-flour-chakki-fresh-atta-exporter.html,https://jftagro.com/id/wheat-flour-chakki-fresh-atta-exporter.html,yes,yes,changed_existing_url,crawl_after_deploy
M,id/wheat-grass-powder-exporter.html,https://jftagro.com/id/wheat-grass-powder-exporter.html,yes,yes,changed_existing_url,crawl_after_deploy
M,id/white-sorghum-jowar-exporter.html,https://jftagro.com/id/white-sorghum-jowar-exporter.html,yes,yes,changed_existing_url,crawl_after_deploy
M,id/whole-nutmeg-powder-exporter.html,https://jftagro.com/id/whole-nutmeg-powder-exporter.html,yes,yes,changed_existing_url,crawl_after_deploy
M,id/yellow-maize-corn-exporter.html,https://jftagro.com/id/yellow-maize-corn-exporter.html,yes,yes,changed_existing_url,crawl_after_deploy
M,id/yellow-peas-matar-exporter.html,https://jftagro.com/id/yellow-peas-matar-exporter.html,yes,yes,changed_existing_url,crawl_after_deploy
??,india-agricultural-export-market-data-sources.html,https://jftagro.com/india-agricultural-export-market-data-sources.html,yes,yes,changed_existing_url,crawl_after_deploy
M,indian-raisins-kishmish-exporter.html,https://jftagro.com/indian-raisins-kishmish-exporter.html,yes,yes,changed_existing_url,crawl_after_deploy
M,infrastructure.html,https://jftagro.com/infrastructure.html,yes,yes,changed_existing_url,crawl_after_deploy
M,legal.html,https://jftagro.com/legal.html,yes,yes,changed_existing_url,crawl_after_deploy
??,logistics/mundra-rice-exports/index.html,https://jftagro.com/logistics/mundra-rice-exports/,yes,yes,changed_existing_url,crawl_after_deploy
??,logistics/nhava-sheva-agro-exports/index.html,https://jftagro.com/logistics/nhava-sheva-agro-exports/,yes,yes,changed_existing_url,crawl_after_deploy
M,maida-refined-wheat-flour-exporter.html,https://jftagro.com/maida-refined-wheat-flour-exporter.html,yes,yes,changed_existing_url,crawl_after_deploy
M,maize-grits-exporter.html,https://jftagro.com/maize-grits-exporter.html,yes,yes,changed_existing_url,crawl_after_deploy
M,milling-wheat-exporter.html,https://jftagro.com/milling-wheat-exporter.html,yes,yes,changed_existing_url,crawl_after_deploy
M,moringa-leaves-exporter.html,https://jftagro.com/moringa-leaves-exporter.html,yes,yes,changed_existing_url,crawl_after_deploy
M,moringa-powder-exporter.html,https://jftagro.com/moringa-powder-exporter.html,yes,yes,changed_existing_url,crawl_after_deploy
M,ms/index.html,https://jftagro.com/ms/,yes,yes,changed_existing_url,crawl_after_deploy
M,ms/10-parboiled-rice-ir-64-exporter.html,https://jftagro.com/ms/10-parboiled-rice-ir-64-exporter.html,yes,yes,changed_existing_url,crawl_after_deploy
M,ms/100-broken-rice-exporter.html,https://jftagro.com/ms/100-broken-rice-exporter.html,yes,yes,changed_existing_url,crawl_after_deploy
M,ms/1121-basmati-rice-exporter.html,https://jftagro.com/ms/1121-basmati-rice-exporter.html,yes,yes,changed_existing_url,crawl_after_deploy
M,ms/1121-raw-basmati-rice-exporter.html,https://jftagro.com/ms/1121-raw-basmati-rice-exporter.html,yes,yes,changed_existing_url,crawl_after_deploy
M,ms/1121-steam-basmati-rice-exporter.html,https://jftagro.com/ms/1121-steam-basmati-rice-exporter.html,yes,yes,changed_existing_url,crawl_after_deploy
M,ms/1121-white-sella-basmati-exporter.html,https://jftagro.com/ms/1121-white-sella-basmati-exporter.html,yes,yes,changed_existing_url,crawl_after_deploy
M,ms/1401-golden-sella-basmati-exporter.html,https://jftagro.com/ms/1401-golden-sella-basmati-exporter.html,yes,yes,changed_existing_url,crawl_after_deploy
M,ms/1401-sella-basmati-rice-exporter.html,https://jftagro.com/ms/1401-sella-basmati-rice-exporter.html,yes,yes,changed_existing_url,crawl_after_deploy
M,ms/1401-steam-basmati-rice-exporter.html,https://jftagro.com/ms/1401-steam-basmati-rice-exporter.html,yes,yes,changed_existing_url,crawl_after_deploy
M,ms/1509-golden-sella-basmati-exporter.html,https://jftagro.com/ms/1509-golden-sella-basmati-exporter.html,yes,yes,changed_existing_url,crawl_after_deploy
M,ms/1509-steam-basmati-rice-exporter.html,https://jftagro.com/ms/1509-steam-basmati-rice-exporter.html,yes,yes,changed_existing_url,crawl_after_deploy
M,ms/1718-golden-sella-basmati-exporter.html,https://jftagro.com/ms/1718-golden-sella-basmati-exporter.html,yes,yes,changed_existing_url,crawl_after_deploy
M,ms/1718-steam-basmati-rice-exporter.html,https://jftagro.com/ms/1718-steam-basmati-rice-exporter.html,yes,yes,changed_existing_url,crawl_after_deploy
M,ms/25-silky-sortex-short-grain-exporter.html,https://jftagro.com/ms/25-silky-sortex-short-grain-exporter.html,yes,yes,changed_existing_url,crawl_after_deploy
M,ms/25-silky-sortex-white-exporter.html,https://jftagro.com/ms/25-silky-sortex-white-exporter.html,yes,yes,changed_existing_url,crawl_after_deploy
M,ms/5-parboiled-rice-ir-64-exporter.html,https://jftagro.com/ms/5-parboiled-rice-ir-64-exporter.html,yes,yes,changed_existing_url,crawl_after_deploy
M,ms/5-silky-sortex-short-grain-exporter.html,https://jftagro.com/ms/5-silky-sortex-short-grain-exporter.html,yes,yes,changed_existing_url,crawl_after_deploy
M,ms/5-silky-sortex-white-exporter.html,https://jftagro.com/ms/5-silky-sortex-white-exporter.html,yes,yes,changed_existing_url,crawl_after_deploy
M,ms/about.html,https://jftagro.com/ms/about.html,yes,yes,changed_existing_url,crawl_after_deploy
M,ms/africa-trade.html,https://jftagro.com/ms/africa-trade.html,yes,yes,changed_existing_url,crawl_after_deploy
M,ms/ajwain-seeds-powder-exporter.html,https://jftagro.com/ms/ajwain-seeds-powder-exporter.html,yes,yes,changed_existing_url,crawl_after_deploy
M,ms/akarkara-root-exporter.html,https://jftagro.com/ms/akarkara-root-exporter.html,yes,yes,changed_existing_url,crawl_after_deploy
M,ms/asaliya-seeds-exporter.html,https://jftagro.com/ms/asaliya-seeds-exporter.html,yes,yes,changed_existing_url,crawl_after_deploy
M,ms/asia-trade.html,https://jftagro.com/ms/asia-trade.html,yes,yes,changed_existing_url,crawl_after_deploy
M,ms/barley-seeds-exporter.html,https://jftagro.com/ms/barley-seeds-exporter.html,yes,yes,changed_existing_url,crawl_after_deploy
M,ms/basil-seeds-exporter.html,https://jftagro.com/ms/basil-seeds-exporter.html,yes,yes,changed_existing_url,crawl_after_deploy
M,ms/bay-leaf-exporter.html,https://jftagro.com/ms/bay-leaf-exporter.html,yes,yes,changed_existing_url,crawl_after_deploy
M,ms/black-cumin-seeds-nigella-exporter.html,https://jftagro.com/ms/black-cumin-seeds-nigella-exporter.html,yes,yes,changed_existing_url,crawl_after_deploy
M,ms/black-himaj-exporter.html,https://jftagro.com/ms/black-himaj-exporter.html,yes,yes,changed_existing_url,crawl_after_deploy
M,ms/black-pepper-powder-exporter.html,https://jftagro.com/ms/black-pepper-powder-exporter.html,yes,yes,changed_existing_url,crawl_after_deploy
M,ms/blog-apeda-registration-indian-exporter-explained.html,https://jftagro.com/ms/blog-apeda-registration-indian-exporter-explained.html,yes,yes,changed_existing_url,crawl_after_deploy
M,ms/blog-basmati-export-guide.html,https://jftagro.com/ms/blog-basmati-export-guide.html,yes,yes,changed_existing_url,crawl_after_deploy
M,ms/blog-bill-of-lading-explained-importers.html,https://jftagro.com/ms/blog-bill-of-lading-explained-importers.html,yes,yes,changed_existing_url,crawl_after_deploy
??,ms/blog-certificate-of-analysis-food-imports.html,https://jftagro.com/ms/blog-certificate-of-analysis-food-imports.html,yes,yes,changed_existing_url,crawl_after_deploy
M,ms/blog-cumin-jeera-price-outlook-2026.html,https://jftagro.com/ms/blog-cumin-jeera-price-outlook-2026.html,yes,yes,changed_existing_url,crawl_after_deploy
??,ms/blog-food-container-loading-inspection-checklist.html,https://jftagro.com/ms/blog-food-container-loading-inspection-checklist.html,yes,yes,changed_existing_url,crawl_after_deploy
M,ms/blog-green-mung-beans-export-india-2026.html,https://jftagro.com/ms/blog-green-mung-beans-export-india-2026.html,yes,yes,changed_existing_url,crawl_after_deploy
M,ms/blog-how-to-choose-indian-agro-exporter.html,https://jftagro.com/ms/blog-how-to-choose-indian-agro-exporter.html,yes,yes,changed_existing_url,crawl_after_deploy
M,ms/blog-how-to-export-india-to-africa.html,https://jftagro.com/ms/blog-how-to-export-india-to-africa.html,yes,yes,changed_existing_url,crawl_after_deploy
M,ms/blog-how-to-import-rice-nigeria-west-africa.html,https://jftagro.com/ms/blog-how-to-import-rice-nigeria-west-africa.html,yes,yes,changed_existing_url,crawl_after_deploy
M,ms/blog-how-to-read-proforma-invoice-india-export.html,https://jftagro.com/ms/blog-how-to-read-proforma-invoice-india-export.html,yes,yes,changed_existing_url,crawl_after_deploy
??,ms/blog-how-to-write-agro-commodity-purchase-specification.html,https://jftagro.com/ms/blog-how-to-write-agro-commodity-purchase-specification.html,yes,yes,changed_existing_url,crawl_after_deploy
M,ms/blog-import-duty-indian-rice-by-country.html,https://jftagro.com/ms/blog-import-duty-indian-rice-by-country.html,yes,yes,changed_existing_url,crawl_after_deploy
M,ms/blog-import-indian-agro-kenya-east-africa.html,https://jftagro.com/ms/blog-import-indian-agro-kenya-east-africa.html,yes,yes,changed_existing_url,crawl_after_deploy
M,ms/blog-india-rice-export-sri-lanka-bangladesh.html,https://jftagro.com/ms/blog-india-rice-export-sri-lanka-bangladesh.html,yes,yes,changed_existing_url,crawl_after_deploy
M,ms/blog-india-vs-thailand-rice-comparison.html,https://jftagro.com/ms/blog-india-vs-thailand-rice-comparison.html,yes,yes,changed_existing_url,crawl_after_deploy
M,ms/blog-ir64-export.html,https://jftagro.com/ms/blog-ir64-export.html,yes,yes,changed_existing_url,crawl_after_deploy
M,ms/blog-letter-of-credit-food-imports-india.html,https://jftagro.com/ms/blog-letter-of-credit-food-imports-india.html,yes,yes,changed_existing_url,crawl_after_deploy
M,ms/blog-psyllium-husk-export-india-2026.html,https://jftagro.com/ms/blog-psyllium-husk-export-india-2026.html,yes,yes,changed_existing_url,crawl_after_deploy
M,ms/blog-red-chilli-teja-export-india-2026.html,https://jftagro.com/ms/blog-red-chilli-teja-export-india-2026.html,yes,yes,changed_existing_url,crawl_after_deploy
M,ms/blog-sgs-inspection-indian-agro-exports.html,https://jftagro.com/ms/blog-sgs-inspection-indian-agro-exports.html,yes,yes,changed_existing_url,crawl_after_deploy
M,ms/blog-top-indian-agro-commodities-import-2026.html,https://jftagro.com/ms/blog-top-indian-agro-commodities-import-2026.html,yes,yes,changed_existing_url,crawl_after_deploy
M,ms/blog-turmeric-finger-export-india-2026.html,https://jftagro.com/ms/blog-turmeric-finger-export-india-2026.html,yes,yes,changed_existing_url,crawl_after_deploy
M,ms/blog-turmeric-market-outlook-2026.html,https://jftagro.com/ms/blog-turmeric-market-outlook-2026.html,yes,yes,changed_existing_url,crawl_after_deploy
M,ms/blog.html,https://jftagro.com/ms/blog.html,yes,yes,changed_existing_url,crawl_after_deploy
M,ms/buckwheat-exporter.html,https://jftagro.com/ms/buckwheat-exporter.html,yes,yes,changed_existing_url,crawl_after_deploy
??,ms/buyer-security.html,https://jftagro.com/ms/buyer-security.html,yes,yes,changed_existing_url,crawl_after_deploy
M,ms/cassia-tora-meal-exporter.html,https://jftagro.com/ms/cassia-tora-meal-exporter.html,yes,yes,changed_existing_url,crawl_after_deploy
M,ms/cassia-tora-seeds-exporter.html,https://jftagro.com/ms/cassia-tora-seeds-exporter.html,yes,yes,changed_existing_url,crawl_after_deploy
M,ms/celery-seeds-powder-exporter.html,https://jftagro.com/ms/celery-seeds-powder-exporter.html,yes,yes,changed_existing_url,crawl_after_deploy
M,ms/certificates.html,https://jftagro.com/ms/certificates.html,yes,yes,changed_existing_url,crawl_after_deploy
M,ms/chickpeas-kabuli-exporter.html,https://jftagro.com/ms/chickpeas-kabuli-exporter.html,yes,yes,changed_existing_url,crawl_after_deploy
M,ms/contact.html,https://jftagro.com/ms/contact.html,yes,yes,changed_existing_url,crawl_after_deploy
M,ms/coriander-seeds-exporter.html,https://jftagro.com/ms/coriander-seeds-exporter.html,yes,yes,changed_existing_url,crawl_after_deploy
M,ms/corn-flour-maize-flour-exporter.html,https://jftagro.com/ms/corn-flour-maize-flour-exporter.html,yes,yes,changed_existing_url,crawl_after_deploy
M,ms/corn-gluten-meal-exporter.html,https://jftagro.com/ms/corn-gluten-meal-exporter.html,yes,yes,changed_existing_url,crawl_after_deploy
M,ms/corn-starch-exporter.html,https://jftagro.com/ms/corn-starch-exporter.html,yes,yes,changed_existing_url,crawl_after_deploy
M,ms/cotton-seed-oil-cake-exporter.html,https://jftagro.com/ms/cotton-seed-oil-cake-exporter.html,yes,yes,changed_existing_url,crawl_after_deploy
M,ms/cumin-seeds-jeera-exporter.html,https://jftagro.com/ms/cumin-seeds-jeera-exporter.html,yes,yes,changed_existing_url,crawl_after_deploy
M,ms/curry-powder-exporter.html,https://jftagro.com/ms/curry-powder-exporter.html,yes,yes,changed_existing_url,crawl_after_deploy
M,ms/deoiled-rice-bran-dorb-exporter.html,https://jftagro.com/ms/deoiled-rice-bran-dorb-exporter.html,yes,yes,changed_existing_url,crawl_after_deploy
M,ms/dill-seeds-powder-exporter.html,https://jftagro.com/ms/dill-seeds-powder-exporter.html,yes,yes,changed_existing_url,crawl_after_deploy
M,ms/dry-ginger-powder-exporter.html,https://jftagro.com/ms/dry-ginger-powder-exporter.html,yes,yes,changed_existing_url,crawl_after_deploy
M,ms/dry-red-chilli-exporter.html,https://jftagro.com/ms/dry-red-chilli-exporter.html,yes,yes,changed_existing_url,crawl_after_deploy
M,ms/europe-trade.html,https://jftagro.com/ms/europe-trade.html,yes,yes,changed_existing_url,crawl_after_deploy
??,ms/export-documentation.html,https://jftagro.com/ms/export-documentation.html,yes,yes,changed_existing_url,crawl_after_deploy
M,ms/faq.html,https://jftagro.com/ms/faq.html,yes,yes,changed_existing_url,crawl_after_deploy
M,ms/fennel-seeds-sounff-exporter.html,https://jftagro.com/ms/fennel-seeds-sounff-exporter.html,yes,yes,changed_existing_url,crawl_after_deploy
M,ms/fenugreek-seeds-methi-exporter.html,https://jftagro.com/ms/fenugreek-seeds-methi-exporter.html,yes,yes,changed_existing_url,crawl_after_deploy
M,ms/galangal-root-exporter.html,https://jftagro.com/ms/galangal-root-exporter.html,yes,yes,changed_existing_url,crawl_after_deploy
M,ms/green-cardamom-exporter.html,https://jftagro.com/ms/green-cardamom-exporter.html,yes,yes,changed_existing_url,crawl_after_deploy
M,ms/green-millet-bajra-exporter.html,https://jftagro.com/ms/green-millet-bajra-exporter.html,yes,yes,changed_existing_url,crawl_after_deploy
M,ms/green-mung-beans-exporter.html,https://jftagro.com/ms/green-mung-beans-exporter.html,yes,yes,changed_existing_url,crawl_after_deploy
M,ms/grey-millet-exporter.html,https://jftagro.com/ms/grey-millet-exporter.html,yes,yes,changed_existing_url,crawl_after_deploy
M,ms/groundnut-oil-cake-exporter.html,https://jftagro.com/ms/groundnut-oil-cake-exporter.html,yes,yes,changed_existing_url,crawl_after_deploy
M,ms/groundnuts-peanuts-exporter.html,https://jftagro.com/ms/groundnuts-peanuts-exporter.html,yes,yes,changed_existing_url,crawl_after_deploy
M,ms/henna-leaves-exporter.html,https://jftagro.com/ms/henna-leaves-exporter.html,yes,yes,changed_existing_url,crawl_after_deploy
M,ms/henna-powder-exporter.html,https://jftagro.com/ms/henna-powder-exporter.html,yes,yes,changed_existing_url,crawl_after_deploy
M,ms/indian-raisins-kishmish-exporter.html,https://jftagro.com/ms/indian-raisins-kishmish-exporter.html,yes,yes,changed_existing_url,crawl_after_deploy
M,ms/infrastructure.html,https://jftagro.com/ms/infrastructure.html,yes,yes,changed_existing_url,crawl_after_deploy
M,ms/maida-refined-wheat-flour-exporter.html,https://jftagro.com/ms/maida-refined-wheat-flour-exporter.html,yes,yes,changed_existing_url,crawl_after_deploy
M,ms/maize-grits-exporter.html,https://jftagro.com/ms/maize-grits-exporter.html,yes,yes,changed_existing_url,crawl_after_deploy
M,ms/milling-wheat-exporter.html,https://jftagro.com/ms/milling-wheat-exporter.html,yes,yes,changed_existing_url,crawl_after_deploy
M,ms/moringa-leaves-exporter.html,https://jftagro.com/ms/moringa-leaves-exporter.html,yes,yes,changed_existing_url,crawl_after_deploy
M,ms/moringa-powder-exporter.html,https://jftagro.com/ms/moringa-powder-exporter.html,yes,yes,changed_existing_url,crawl_after_deploy
M,ms/mustard-seeds-powder-exporter.html,https://jftagro.com/ms/mustard-seeds-powder-exporter.html,yes,yes,changed_existing_url,crawl_after_deploy
M,ms/packing-calculator.html,https://jftagro.com/ms/packing-calculator.html,yes,yes,changed_existing_url,crawl_after_deploy
M,ms/port-transit-calculator.html,https://jftagro.com/ms/port-transit-calculator.html,yes,yes,changed_existing_url,crawl_after_deploy
M,ms/pr-11-rice-exporter.html,https://jftagro.com/ms/pr-11-rice-exporter.html,yes,yes,changed_existing_url,crawl_after_deploy
M,ms/products.html,https://jftagro.com/ms/products.html,yes,yes,changed_existing_url,crawl_after_deploy
M,ms/psyllium-husk-exporter.html,https://jftagro.com/ms/psyllium-husk-exporter.html,yes,yes,changed_existing_url,crawl_after_deploy
M,ms/quality-control.html,https://jftagro.com/ms/quality-control.html,yes,yes,changed_existing_url,crawl_after_deploy
M,ms/quote-calculator.html,https://jftagro.com/ms/quote-calculator.html,yes,yes,changed_existing_url,crawl_after_deploy
M,ms/red-millet-exporter.html,https://jftagro.com/ms/red-millet-exporter.html,yes,yes,changed_existing_url,crawl_after_deploy
M,ms/safflower-seeds-exporter.html,https://jftagro.com/ms/safflower-seeds-exporter.html,yes,yes,changed_existing_url,crawl_after_deploy
M,ms/samba-rice-exporter.html,https://jftagro.com/ms/samba-rice-exporter.html,yes,yes,changed_existing_url,crawl_after_deploy
M,ms/sample-request.html,https://jftagro.com/ms/sample-request.html,yes,yes,changed_existing_url,crawl_after_deploy
M,ms/semolina-sooji-rava-exporter.html,https://jftagro.com/ms/semolina-sooji-rava-exporter.html,yes,yes,changed_existing_url,crawl_after_deploy
M,ms/senna-leaves-exporter.html,https://jftagro.com/ms/senna-leaves-exporter.html,yes,yes,changed_existing_url,crawl_after_deploy
M,ms/senna-pods-exporter.html,https://jftagro.com/ms/senna-pods-exporter.html,yes,yes,changed_existing_url,crawl_after_deploy
M,ms/sesame-seeds-naturalhulled-exporter.html,https://jftagro.com/ms/sesame-seeds-naturalhulled-exporter.html,yes,yes,changed_existing_url,crawl_after_deploy
M,ms/shipment-tracker.html,https://jftagro.com/ms/shipment-tracker.html,yes,yes,changed_existing_url,crawl_after_deploy
M,ms/soya-bean-exporter.html,https://jftagro.com/ms/soya-bean-exporter.html,yes,yes,changed_existing_url,crawl_after_deploy
M,ms/soybean-meal-doc-exporter.html,https://jftagro.com/ms/soybean-meal-doc-exporter.html,yes,yes,changed_existing_url,crawl_after_deploy
M,ms/sugar-s30-supplier.html,https://jftagro.com/ms/sugar-s30-supplier.html,yes,yes,changed_existing_url,crawl_after_deploy
M,ms/sunflower-seeds-exporter.html,https://jftagro.com/ms/sunflower-seeds-exporter.html,yes,yes,changed_existing_url,crawl_after_deploy
M,ms/sunflower-seeds-in-shell-exporter.html,https://jftagro.com/ms/sunflower-seeds-in-shell-exporter.html,yes,yes,changed_existing_url,crawl_after_deploy
M,ms/tamarind-exporter.html,https://jftagro.com/ms/tamarind-exporter.html,yes,yes,changed_existing_url,crawl_after_deploy
M,ms/toor-dal-split-pigeon-pea-exporter.html,https://jftagro.com/ms/toor-dal-split-pigeon-pea-exporter.html,yes,yes,changed_existing_url,crawl_after_deploy
M,ms/turmeric-finger-exporter.html,https://jftagro.com/ms/turmeric-finger-exporter.html,yes,yes,changed_existing_url,crawl_after_deploy
M,ms/uae-trade.html,https://jftagro.com/ms/uae-trade.html,yes,yes,changed_existing_url,crawl_after_deploy
M,ms/whatsapp-catalog.html,https://jftagro.com/ms/whatsapp-catalog.html,yes,yes,changed_existing_url,crawl_after_deploy
M,ms/wheat-flour-chakki-fresh-atta-exporter.html,https://jftagro.com/ms/wheat-flour-chakki-fresh-atta-exporter.html,yes,yes,changed_existing_url,crawl_after_deploy
M,ms/wheat-grass-powder-exporter.html,https://jftagro.com/ms/wheat-grass-powder-exporter.html,yes,yes,changed_existing_url,crawl_after_deploy
M,ms/white-sorghum-jowar-exporter.html,https://jftagro.com/ms/white-sorghum-jowar-exporter.html,yes,yes,changed_existing_url,crawl_after_deploy
M,ms/whole-nutmeg-powder-exporter.html,https://jftagro.com/ms/whole-nutmeg-powder-exporter.html,yes,yes,changed_existing_url,crawl_after_deploy
M,ms/yellow-maize-corn-exporter.html,https://jftagro.com/ms/yellow-maize-corn-exporter.html,yes,yes,changed_existing_url,crawl_after_deploy
M,ms/yellow-peas-matar-exporter.html,https://jftagro.com/ms/yellow-peas-matar-exporter.html,yes,yes,changed_existing_url,crawl_after_deploy
M,mustard-seeds-powder-exporter.html,https://jftagro.com/mustard-seeds-powder-exporter.html,yes,yes,changed_existing_url,crawl_after_deploy
M,packing-calculator.html,https://jftagro.com/packing-calculator.html,yes,yes,changed_existing_url,crawl_after_deploy
M,port-transit-calculator.html,https://jftagro.com/port-transit-calculator.html,yes,yes,changed_existing_url,crawl_after_deploy
M,pr-11-rice-exporter.html,https://jftagro.com/pr-11-rice-exporter.html,yes,yes,changed_existing_url,crawl_after_deploy
M,privacy.html,https://jftagro.com/privacy.html,yes,yes,changed_existing_url,crawl_after_deploy
M,products.html,https://jftagro.com/products.html,yes,yes,changed_existing_url,crawl_after_deploy
M,psyllium-husk-exporter.html,https://jftagro.com/psyllium-husk-exporter.html,yes,yes,changed_existing_url,crawl_after_deploy
M,pt/index.html,https://jftagro.com/pt/,yes,yes,changed_existing_url,crawl_after_deploy
M,pt/10-parboiled-rice-ir-64-exporter.html,https://jftagro.com/pt/10-parboiled-rice-ir-64-exporter.html,yes,yes,changed_existing_url,crawl_after_deploy
M,pt/100-broken-rice-exporter.html,https://jftagro.com/pt/100-broken-rice-exporter.html,yes,yes,changed_existing_url,crawl_after_deploy
M,pt/1121-basmati-rice-exporter.html,https://jftagro.com/pt/1121-basmati-rice-exporter.html,yes,yes,changed_existing_url,crawl_after_deploy
M,pt/1121-raw-basmati-rice-exporter.html,https://jftagro.com/pt/1121-raw-basmati-rice-exporter.html,yes,yes,changed_existing_url,crawl_after_deploy
M,pt/1121-steam-basmati-rice-exporter.html,https://jftagro.com/pt/1121-steam-basmati-rice-exporter.html,yes,yes,changed_existing_url,crawl_after_deploy
M,pt/1121-white-sella-basmati-exporter.html,https://jftagro.com/pt/1121-white-sella-basmati-exporter.html,yes,yes,changed_existing_url,crawl_after_deploy
M,pt/1401-golden-sella-basmati-exporter.html,https://jftagro.com/pt/1401-golden-sella-basmati-exporter.html,yes,yes,changed_existing_url,crawl_after_deploy
M,pt/1401-sella-basmati-rice-exporter.html,https://jftagro.com/pt/1401-sella-basmati-rice-exporter.html,yes,yes,changed_existing_url,crawl_after_deploy
M,pt/1401-steam-basmati-rice-exporter.html,https://jftagro.com/pt/1401-steam-basmati-rice-exporter.html,yes,yes,changed_existing_url,crawl_after_deploy
M,pt/1509-golden-sella-basmati-exporter.html,https://jftagro.com/pt/1509-golden-sella-basmati-exporter.html,yes,yes,changed_existing_url,crawl_after_deploy
M,pt/1509-steam-basmati-rice-exporter.html,https://jftagro.com/pt/1509-steam-basmati-rice-exporter.html,yes,yes,changed_existing_url,crawl_after_deploy
M,pt/1718-golden-sella-basmati-exporter.html,https://jftagro.com/pt/1718-golden-sella-basmati-exporter.html,yes,yes,changed_existing_url,crawl_after_deploy
M,pt/1718-steam-basmati-rice-exporter.html,https://jftagro.com/pt/1718-steam-basmati-rice-exporter.html,yes,yes,changed_existing_url,crawl_after_deploy
M,pt/25-silky-sortex-short-grain-exporter.html,https://jftagro.com/pt/25-silky-sortex-short-grain-exporter.html,yes,yes,changed_existing_url,crawl_after_deploy
M,pt/25-silky-sortex-white-exporter.html,https://jftagro.com/pt/25-silky-sortex-white-exporter.html,yes,yes,changed_existing_url,crawl_after_deploy
M,pt/5-parboiled-rice-ir-64-exporter.html,https://jftagro.com/pt/5-parboiled-rice-ir-64-exporter.html,yes,yes,changed_existing_url,crawl_after_deploy
M,pt/5-silky-sortex-short-grain-exporter.html,https://jftagro.com/pt/5-silky-sortex-short-grain-exporter.html,yes,yes,changed_existing_url,crawl_after_deploy
M,pt/5-silky-sortex-white-exporter.html,https://jftagro.com/pt/5-silky-sortex-white-exporter.html,yes,yes,changed_existing_url,crawl_after_deploy
M,pt/about.html,https://jftagro.com/pt/about.html,yes,yes,changed_existing_url,crawl_after_deploy
M,pt/africa-trade.html,https://jftagro.com/pt/africa-trade.html,yes,yes,changed_existing_url,crawl_after_deploy
M,pt/ajwain-seeds-powder-exporter.html,https://jftagro.com/pt/ajwain-seeds-powder-exporter.html,yes,yes,changed_existing_url,crawl_after_deploy
M,pt/akarkara-root-exporter.html,https://jftagro.com/pt/akarkara-root-exporter.html,yes,yes,changed_existing_url,crawl_after_deploy
M,pt/asaliya-seeds-exporter.html,https://jftagro.com/pt/asaliya-seeds-exporter.html,yes,yes,changed_existing_url,crawl_after_deploy
M,pt/asia-trade.html,https://jftagro.com/pt/asia-trade.html,yes,yes,changed_existing_url,crawl_after_deploy
M,pt/barley-seeds-exporter.html,https://jftagro.com/pt/barley-seeds-exporter.html,yes,yes,changed_existing_url,crawl_after_deploy
M,pt/basil-seeds-exporter.html,https://jftagro.com/pt/basil-seeds-exporter.html,yes,yes,changed_existing_url,crawl_after_deploy
M,pt/bay-leaf-exporter.html,https://jftagro.com/pt/bay-leaf-exporter.html,yes,yes,changed_existing_url,crawl_after_deploy
M,pt/black-cumin-seeds-nigella-exporter.html,https://jftagro.com/pt/black-cumin-seeds-nigella-exporter.html,yes,yes,changed_existing_url,crawl_after_deploy
M,pt/black-himaj-exporter.html,https://jftagro.com/pt/black-himaj-exporter.html,yes,yes,changed_existing_url,crawl_after_deploy
M,pt/black-pepper-powder-exporter.html,https://jftagro.com/pt/black-pepper-powder-exporter.html,yes,yes,changed_existing_url,crawl_after_deploy
M,pt/blog-apeda-registration-indian-exporter-explained.html,https://jftagro.com/pt/blog-apeda-registration-indian-exporter-explained.html,yes,yes,changed_existing_url,crawl_after_deploy
M,pt/blog-basmati-export-guide.html,https://jftagro.com/pt/blog-basmati-export-guide.html,yes,yes,changed_existing_url,crawl_after_deploy
M,pt/blog-bill-of-lading-explained-importers.html,https://jftagro.com/pt/blog-bill-of-lading-explained-importers.html,yes,yes,changed_existing_url,crawl_after_deploy
??,pt/blog-certificate-of-analysis-food-imports.html,https://jftagro.com/pt/blog-certificate-of-analysis-food-imports.html,yes,yes,changed_existing_url,crawl_after_deploy
M,pt/blog-cumin-jeera-price-outlook-2026.html,https://jftagro.com/pt/blog-cumin-jeera-price-outlook-2026.html,yes,yes,changed_existing_url,crawl_after_deploy
??,pt/blog-food-container-loading-inspection-checklist.html,https://jftagro.com/pt/blog-food-container-loading-inspection-checklist.html,yes,yes,changed_existing_url,crawl_after_deploy
M,pt/blog-green-mung-beans-export-india-2026.html,https://jftagro.com/pt/blog-green-mung-beans-export-india-2026.html,yes,yes,changed_existing_url,crawl_after_deploy
M,pt/blog-how-to-choose-indian-agro-exporter.html,https://jftagro.com/pt/blog-how-to-choose-indian-agro-exporter.html,yes,yes,changed_existing_url,crawl_after_deploy
M,pt/blog-how-to-export-india-to-africa.html,https://jftagro.com/pt/blog-how-to-export-india-to-africa.html,yes,yes,changed_existing_url,crawl_after_deploy
M,pt/blog-how-to-import-rice-nigeria-west-africa.html,https://jftagro.com/pt/blog-how-to-import-rice-nigeria-west-africa.html,yes,yes,changed_existing_url,crawl_after_deploy
M,pt/blog-how-to-read-proforma-invoice-india-export.html,https://jftagro.com/pt/blog-how-to-read-proforma-invoice-india-export.html,yes,yes,changed_existing_url,crawl_after_deploy
??,pt/blog-how-to-write-agro-commodity-purchase-specification.html,https://jftagro.com/pt/blog-how-to-write-agro-commodity-purchase-specification.html,yes,yes,changed_existing_url,crawl_after_deploy
M,pt/blog-import-duty-indian-rice-by-country.html,https://jftagro.com/pt/blog-import-duty-indian-rice-by-country.html,yes,yes,changed_existing_url,crawl_after_deploy
M,pt/blog-import-indian-agro-kenya-east-africa.html,https://jftagro.com/pt/blog-import-indian-agro-kenya-east-africa.html,yes,yes,changed_existing_url,crawl_after_deploy
M,pt/blog-india-rice-export-sri-lanka-bangladesh.html,https://jftagro.com/pt/blog-india-rice-export-sri-lanka-bangladesh.html,yes,yes,changed_existing_url,crawl_after_deploy
M,pt/blog-india-vs-thailand-rice-comparison.html,https://jftagro.com/pt/blog-india-vs-thailand-rice-comparison.html,yes,yes,changed_existing_url,crawl_after_deploy
M,pt/blog-ir64-export.html,https://jftagro.com/pt/blog-ir64-export.html,yes,yes,changed_existing_url,crawl_after_deploy
M,pt/blog-letter-of-credit-food-imports-india.html,https://jftagro.com/pt/blog-letter-of-credit-food-imports-india.html,yes,yes,changed_existing_url,crawl_after_deploy
M,pt/blog-psyllium-husk-export-india-2026.html,https://jftagro.com/pt/blog-psyllium-husk-export-india-2026.html,yes,yes,changed_existing_url,crawl_after_deploy
M,pt/blog-red-chilli-teja-export-india-2026.html,https://jftagro.com/pt/blog-red-chilli-teja-export-india-2026.html,yes,yes,changed_existing_url,crawl_after_deploy
M,pt/blog-sgs-inspection-indian-agro-exports.html,https://jftagro.com/pt/blog-sgs-inspection-indian-agro-exports.html,yes,yes,changed_existing_url,crawl_after_deploy
M,pt/blog-top-indian-agro-commodities-import-2026.html,https://jftagro.com/pt/blog-top-indian-agro-commodities-import-2026.html,yes,yes,changed_existing_url,crawl_after_deploy
M,pt/blog-turmeric-finger-export-india-2026.html,https://jftagro.com/pt/blog-turmeric-finger-export-india-2026.html,yes,yes,changed_existing_url,crawl_after_deploy
M,pt/blog-turmeric-market-outlook-2026.html,https://jftagro.com/pt/blog-turmeric-market-outlook-2026.html,yes,yes,changed_existing_url,crawl_after_deploy
M,pt/blog.html,https://jftagro.com/pt/blog.html,yes,yes,changed_existing_url,crawl_after_deploy
M,pt/buckwheat-exporter.html,https://jftagro.com/pt/buckwheat-exporter.html,yes,yes,changed_existing_url,crawl_after_deploy
??,pt/buyer-security.html,https://jftagro.com/pt/buyer-security.html,yes,yes,changed_existing_url,crawl_after_deploy
M,pt/cassia-tora-meal-exporter.html,https://jftagro.com/pt/cassia-tora-meal-exporter.html,yes,yes,changed_existing_url,crawl_after_deploy
M,pt/cassia-tora-seeds-exporter.html,https://jftagro.com/pt/cassia-tora-seeds-exporter.html,yes,yes,changed_existing_url,crawl_after_deploy
M,pt/celery-seeds-powder-exporter.html,https://jftagro.com/pt/celery-seeds-powder-exporter.html,yes,yes,changed_existing_url,crawl_after_deploy
M,pt/certificates.html,https://jftagro.com/pt/certificates.html,yes,yes,changed_existing_url,crawl_after_deploy
M,pt/chickpeas-kabuli-exporter.html,https://jftagro.com/pt/chickpeas-kabuli-exporter.html,yes,yes,changed_existing_url,crawl_after_deploy
M,pt/contact.html,https://jftagro.com/pt/contact.html,yes,yes,changed_existing_url,crawl_after_deploy
M,pt/coriander-seeds-exporter.html,https://jftagro.com/pt/coriander-seeds-exporter.html,yes,yes,changed_existing_url,crawl_after_deploy
M,pt/corn-flour-maize-flour-exporter.html,https://jftagro.com/pt/corn-flour-maize-flour-exporter.html,yes,yes,changed_existing_url,crawl_after_deploy
M,pt/corn-gluten-meal-exporter.html,https://jftagro.com/pt/corn-gluten-meal-exporter.html,yes,yes,changed_existing_url,crawl_after_deploy
M,pt/corn-starch-exporter.html,https://jftagro.com/pt/corn-starch-exporter.html,yes,yes,changed_existing_url,crawl_after_deploy
M,pt/cotton-seed-oil-cake-exporter.html,https://jftagro.com/pt/cotton-seed-oil-cake-exporter.html,yes,yes,changed_existing_url,crawl_after_deploy
M,pt/cumin-seeds-jeera-exporter.html,https://jftagro.com/pt/cumin-seeds-jeera-exporter.html,yes,yes,changed_existing_url,crawl_after_deploy
M,pt/curry-powder-exporter.html,https://jftagro.com/pt/curry-powder-exporter.html,yes,yes,changed_existing_url,crawl_after_deploy
M,pt/deoiled-rice-bran-dorb-exporter.html,https://jftagro.com/pt/deoiled-rice-bran-dorb-exporter.html,yes,yes,changed_existing_url,crawl_after_deploy
M,pt/dill-seeds-powder-exporter.html,https://jftagro.com/pt/dill-seeds-powder-exporter.html,yes,yes,changed_existing_url,crawl_after_deploy
M,pt/dry-ginger-powder-exporter.html,https://jftagro.com/pt/dry-ginger-powder-exporter.html,yes,yes,changed_existing_url,crawl_after_deploy
M,pt/dry-red-chilli-exporter.html,https://jftagro.com/pt/dry-red-chilli-exporter.html,yes,yes,changed_existing_url,crawl_after_deploy
M,pt/europe-trade.html,https://jftagro.com/pt/europe-trade.html,yes,yes,changed_existing_url,crawl_after_deploy
??,pt/export-documentation.html,https://jftagro.com/pt/export-documentation.html,yes,yes,changed_existing_url,crawl_after_deploy
M,pt/faq.html,https://jftagro.com/pt/faq.html,yes,yes,changed_existing_url,crawl_after_deploy
M,pt/fennel-seeds-sounff-exporter.html,https://jftagro.com/pt/fennel-seeds-sounff-exporter.html,yes,yes,changed_existing_url,crawl_after_deploy
M,pt/fenugreek-seeds-methi-exporter.html,https://jftagro.com/pt/fenugreek-seeds-methi-exporter.html,yes,yes,changed_existing_url,crawl_after_deploy
M,pt/galangal-root-exporter.html,https://jftagro.com/pt/galangal-root-exporter.html,yes,yes,changed_existing_url,crawl_after_deploy
M,pt/green-cardamom-exporter.html,https://jftagro.com/pt/green-cardamom-exporter.html,yes,yes,changed_existing_url,crawl_after_deploy
M,pt/green-millet-bajra-exporter.html,https://jftagro.com/pt/green-millet-bajra-exporter.html,yes,yes,changed_existing_url,crawl_after_deploy
M,pt/green-mung-beans-exporter.html,https://jftagro.com/pt/green-mung-beans-exporter.html,yes,yes,changed_existing_url,crawl_after_deploy
M,pt/grey-millet-exporter.html,https://jftagro.com/pt/grey-millet-exporter.html,yes,yes,changed_existing_url,crawl_after_deploy
M,pt/groundnut-oil-cake-exporter.html,https://jftagro.com/pt/groundnut-oil-cake-exporter.html,yes,yes,changed_existing_url,crawl_after_deploy
M,pt/groundnuts-peanuts-exporter.html,https://jftagro.com/pt/groundnuts-peanuts-exporter.html,yes,yes,changed_existing_url,crawl_after_deploy
M,pt/henna-leaves-exporter.html,https://jftagro.com/pt/henna-leaves-exporter.html,yes,yes,changed_existing_url,crawl_after_deploy
M,pt/henna-powder-exporter.html,https://jftagro.com/pt/henna-powder-exporter.html,yes,yes,changed_existing_url,crawl_after_deploy
M,pt/indian-raisins-kishmish-exporter.html,https://jftagro.com/pt/indian-raisins-kishmish-exporter.html,yes,yes,changed_existing_url,crawl_after_deploy
M,pt/infrastructure.html,https://jftagro.com/pt/infrastructure.html,yes,yes,changed_existing_url,crawl_after_deploy
M,pt/maida-refined-wheat-flour-exporter.html,https://jftagro.com/pt/maida-refined-wheat-flour-exporter.html,yes,yes,changed_existing_url,crawl_after_deploy
M,pt/maize-grits-exporter.html,https://jftagro.com/pt/maize-grits-exporter.html,yes,yes,changed_existing_url,crawl_after_deploy
M,pt/milling-wheat-exporter.html,https://jftagro.com/pt/milling-wheat-exporter.html,yes,yes,changed_existing_url,crawl_after_deploy
M,pt/moringa-leaves-exporter.html,https://jftagro.com/pt/moringa-leaves-exporter.html,yes,yes,changed_existing_url,crawl_after_deploy
M,pt/moringa-powder-exporter.html,https://jftagro.com/pt/moringa-powder-exporter.html,yes,yes,changed_existing_url,crawl_after_deploy
M,pt/mustard-seeds-powder-exporter.html,https://jftagro.com/pt/mustard-seeds-powder-exporter.html,yes,yes,changed_existing_url,crawl_after_deploy
M,pt/packing-calculator.html,https://jftagro.com/pt/packing-calculator.html,yes,yes,changed_existing_url,crawl_after_deploy
M,pt/port-transit-calculator.html,https://jftagro.com/pt/port-transit-calculator.html,yes,yes,changed_existing_url,crawl_after_deploy
M,pt/pr-11-rice-exporter.html,https://jftagro.com/pt/pr-11-rice-exporter.html,yes,yes,changed_existing_url,crawl_after_deploy
M,pt/products.html,https://jftagro.com/pt/products.html,yes,yes,changed_existing_url,crawl_after_deploy
M,pt/psyllium-husk-exporter.html,https://jftagro.com/pt/psyllium-husk-exporter.html,yes,yes,changed_existing_url,crawl_after_deploy
M,pt/quality-control.html,https://jftagro.com/pt/quality-control.html,yes,yes,changed_existing_url,crawl_after_deploy
M,pt/quote-calculator.html,https://jftagro.com/pt/quote-calculator.html,yes,yes,changed_existing_url,crawl_after_deploy
M,pt/red-millet-exporter.html,https://jftagro.com/pt/red-millet-exporter.html,yes,yes,changed_existing_url,crawl_after_deploy
M,pt/safflower-seeds-exporter.html,https://jftagro.com/pt/safflower-seeds-exporter.html,yes,yes,changed_existing_url,crawl_after_deploy
M,pt/samba-rice-exporter.html,https://jftagro.com/pt/samba-rice-exporter.html,yes,yes,changed_existing_url,crawl_after_deploy
M,pt/sample-request.html,https://jftagro.com/pt/sample-request.html,yes,yes,changed_existing_url,crawl_after_deploy
M,pt/semolina-sooji-rava-exporter.html,https://jftagro.com/pt/semolina-sooji-rava-exporter.html,yes,yes,changed_existing_url,crawl_after_deploy
M,pt/senna-leaves-exporter.html,https://jftagro.com/pt/senna-leaves-exporter.html,yes,yes,changed_existing_url,crawl_after_deploy
M,pt/senna-pods-exporter.html,https://jftagro.com/pt/senna-pods-exporter.html,yes,yes,changed_existing_url,crawl_after_deploy
M,pt/sesame-seeds-naturalhulled-exporter.html,https://jftagro.com/pt/sesame-seeds-naturalhulled-exporter.html,yes,yes,changed_existing_url,crawl_after_deploy
M,pt/shipment-tracker.html,https://jftagro.com/pt/shipment-tracker.html,yes,yes,changed_existing_url,crawl_after_deploy
M,pt/soya-bean-exporter.html,https://jftagro.com/pt/soya-bean-exporter.html,yes,yes,changed_existing_url,crawl_after_deploy
M,pt/soybean-meal-doc-exporter.html,https://jftagro.com/pt/soybean-meal-doc-exporter.html,yes,yes,changed_existing_url,crawl_after_deploy
M,pt/sugar-s30-supplier.html,https://jftagro.com/pt/sugar-s30-supplier.html,yes,yes,changed_existing_url,crawl_after_deploy
M,pt/sunflower-seeds-exporter.html,https://jftagro.com/pt/sunflower-seeds-exporter.html,yes,yes,changed_existing_url,crawl_after_deploy
M,pt/sunflower-seeds-in-shell-exporter.html,https://jftagro.com/pt/sunflower-seeds-in-shell-exporter.html,yes,yes,changed_existing_url,crawl_after_deploy
M,pt/tamarind-exporter.html,https://jftagro.com/pt/tamarind-exporter.html,yes,yes,changed_existing_url,crawl_after_deploy
M,pt/toor-dal-split-pigeon-pea-exporter.html,https://jftagro.com/pt/toor-dal-split-pigeon-pea-exporter.html,yes,yes,changed_existing_url,crawl_after_deploy
M,pt/turmeric-finger-exporter.html,https://jftagro.com/pt/turmeric-finger-exporter.html,yes,yes,changed_existing_url,crawl_after_deploy
M,pt/uae-trade.html,https://jftagro.com/pt/uae-trade.html,yes,yes,changed_existing_url,crawl_after_deploy
M,pt/whatsapp-catalog.html,https://jftagro.com/pt/whatsapp-catalog.html,yes,yes,changed_existing_url,crawl_after_deploy
M,pt/wheat-flour-chakki-fresh-atta-exporter.html,https://jftagro.com/pt/wheat-flour-chakki-fresh-atta-exporter.html,yes,yes,changed_existing_url,crawl_after_deploy
M,pt/wheat-grass-powder-exporter.html,https://jftagro.com/pt/wheat-grass-powder-exporter.html,yes,yes,changed_existing_url,crawl_after_deploy
M,pt/white-sorghum-jowar-exporter.html,https://jftagro.com/pt/white-sorghum-jowar-exporter.html,yes,yes,changed_existing_url,crawl_after_deploy
M,pt/whole-nutmeg-powder-exporter.html,https://jftagro.com/pt/whole-nutmeg-powder-exporter.html,yes,yes,changed_existing_url,crawl_after_deploy
M,pt/yellow-maize-corn-exporter.html,https://jftagro.com/pt/yellow-maize-corn-exporter.html,yes,yes,changed_existing_url,crawl_after_deploy
M,pt/yellow-peas-matar-exporter.html,https://jftagro.com/pt/yellow-peas-matar-exporter.html,yes,yes,changed_existing_url,crawl_after_deploy
M,quality-control.html,https://jftagro.com/quality-control.html,yes,yes,changed_existing_url,crawl_after_deploy
M,quote-calculator.html,https://jftagro.com/quote-calculator.html,yes,yes,changed_existing_url,crawl_after_deploy
M,red-millet-exporter.html,https://jftagro.com/red-millet-exporter.html,yes,yes,changed_existing_url,crawl_after_deploy
M,ru/index.html,https://jftagro.com/ru/,yes,yes,changed_existing_url,crawl_after_deploy
M,ru/10-parboiled-rice-ir-64-exporter.html,https://jftagro.com/ru/10-parboiled-rice-ir-64-exporter.html,yes,yes,changed_existing_url,crawl_after_deploy
M,ru/100-broken-rice-exporter.html,https://jftagro.com/ru/100-broken-rice-exporter.html,yes,yes,changed_existing_url,crawl_after_deploy
M,ru/1121-basmati-rice-exporter.html,https://jftagro.com/ru/1121-basmati-rice-exporter.html,yes,yes,changed_existing_url,crawl_after_deploy
M,ru/1121-raw-basmati-rice-exporter.html,https://jftagro.com/ru/1121-raw-basmati-rice-exporter.html,yes,yes,changed_existing_url,crawl_after_deploy
M,ru/1121-steam-basmati-rice-exporter.html,https://jftagro.com/ru/1121-steam-basmati-rice-exporter.html,yes,yes,changed_existing_url,crawl_after_deploy
M,ru/1121-white-sella-basmati-exporter.html,https://jftagro.com/ru/1121-white-sella-basmati-exporter.html,yes,yes,changed_existing_url,crawl_after_deploy
M,ru/1401-golden-sella-basmati-exporter.html,https://jftagro.com/ru/1401-golden-sella-basmati-exporter.html,yes,yes,changed_existing_url,crawl_after_deploy
M,ru/1401-sella-basmati-rice-exporter.html,https://jftagro.com/ru/1401-sella-basmati-rice-exporter.html,yes,yes,changed_existing_url,crawl_after_deploy
M,ru/1401-steam-basmati-rice-exporter.html,https://jftagro.com/ru/1401-steam-basmati-rice-exporter.html,yes,yes,changed_existing_url,crawl_after_deploy
M,ru/1509-golden-sella-basmati-exporter.html,https://jftagro.com/ru/1509-golden-sella-basmati-exporter.html,yes,yes,changed_existing_url,crawl_after_deploy
M,ru/1509-steam-basmati-rice-exporter.html,https://jftagro.com/ru/1509-steam-basmati-rice-exporter.html,yes,yes,changed_existing_url,crawl_after_deploy
M,ru/1718-golden-sella-basmati-exporter.html,https://jftagro.com/ru/1718-golden-sella-basmati-exporter.html,yes,yes,changed_existing_url,crawl_after_deploy
M,ru/1718-steam-basmati-rice-exporter.html,https://jftagro.com/ru/1718-steam-basmati-rice-exporter.html,yes,yes,changed_existing_url,crawl_after_deploy
M,ru/25-silky-sortex-short-grain-exporter.html,https://jftagro.com/ru/25-silky-sortex-short-grain-exporter.html,yes,yes,changed_existing_url,crawl_after_deploy
M,ru/25-silky-sortex-white-exporter.html,https://jftagro.com/ru/25-silky-sortex-white-exporter.html,yes,yes,changed_existing_url,crawl_after_deploy
M,ru/5-parboiled-rice-ir-64-exporter.html,https://jftagro.com/ru/5-parboiled-rice-ir-64-exporter.html,yes,yes,changed_existing_url,crawl_after_deploy
M,ru/5-silky-sortex-short-grain-exporter.html,https://jftagro.com/ru/5-silky-sortex-short-grain-exporter.html,yes,yes,changed_existing_url,crawl_after_deploy
M,ru/5-silky-sortex-white-exporter.html,https://jftagro.com/ru/5-silky-sortex-white-exporter.html,yes,yes,changed_existing_url,crawl_after_deploy
M,ru/about.html,https://jftagro.com/ru/about.html,yes,yes,changed_existing_url,crawl_after_deploy
M,ru/africa-trade.html,https://jftagro.com/ru/africa-trade.html,yes,yes,changed_existing_url,crawl_after_deploy
M,ru/ajwain-seeds-powder-exporter.html,https://jftagro.com/ru/ajwain-seeds-powder-exporter.html,yes,yes,changed_existing_url,crawl_after_deploy
M,ru/akarkara-root-exporter.html,https://jftagro.com/ru/akarkara-root-exporter.html,yes,yes,changed_existing_url,crawl_after_deploy
M,ru/asaliya-seeds-exporter.html,https://jftagro.com/ru/asaliya-seeds-exporter.html,yes,yes,changed_existing_url,crawl_after_deploy
M,ru/asia-trade.html,https://jftagro.com/ru/asia-trade.html,yes,yes,changed_existing_url,crawl_after_deploy
M,ru/barley-seeds-exporter.html,https://jftagro.com/ru/barley-seeds-exporter.html,yes,yes,changed_existing_url,crawl_after_deploy
M,ru/basil-seeds-exporter.html,https://jftagro.com/ru/basil-seeds-exporter.html,yes,yes,changed_existing_url,crawl_after_deploy
M,ru/bay-leaf-exporter.html,https://jftagro.com/ru/bay-leaf-exporter.html,yes,yes,changed_existing_url,crawl_after_deploy
M,ru/black-cumin-seeds-nigella-exporter.html,https://jftagro.com/ru/black-cumin-seeds-nigella-exporter.html,yes,yes,changed_existing_url,crawl_after_deploy
M,ru/black-himaj-exporter.html,https://jftagro.com/ru/black-himaj-exporter.html,yes,yes,changed_existing_url,crawl_after_deploy
M,ru/black-pepper-powder-exporter.html,https://jftagro.com/ru/black-pepper-powder-exporter.html,yes,yes,changed_existing_url,crawl_after_deploy
M,ru/blog-apeda-registration-indian-exporter-explained.html,https://jftagro.com/ru/blog-apeda-registration-indian-exporter-explained.html,yes,yes,changed_existing_url,crawl_after_deploy
M,ru/blog-basmati-export-guide.html,https://jftagro.com/ru/blog-basmati-export-guide.html,yes,yes,changed_existing_url,crawl_after_deploy
M,ru/blog-bill-of-lading-explained-importers.html,https://jftagro.com/ru/blog-bill-of-lading-explained-importers.html,yes,yes,changed_existing_url,crawl_after_deploy
??,ru/blog-certificate-of-analysis-food-imports.html,https://jftagro.com/ru/blog-certificate-of-analysis-food-imports.html,yes,yes,changed_existing_url,crawl_after_deploy
M,ru/blog-cumin-jeera-price-outlook-2026.html,https://jftagro.com/ru/blog-cumin-jeera-price-outlook-2026.html,yes,yes,changed_existing_url,crawl_after_deploy
??,ru/blog-food-container-loading-inspection-checklist.html,https://jftagro.com/ru/blog-food-container-loading-inspection-checklist.html,yes,yes,changed_existing_url,crawl_after_deploy
M,ru/blog-green-mung-beans-export-india-2026.html,https://jftagro.com/ru/blog-green-mung-beans-export-india-2026.html,yes,yes,changed_existing_url,crawl_after_deploy
M,ru/blog-how-to-choose-indian-agro-exporter.html,https://jftagro.com/ru/blog-how-to-choose-indian-agro-exporter.html,yes,yes,changed_existing_url,crawl_after_deploy
M,ru/blog-how-to-export-india-to-africa.html,https://jftagro.com/ru/blog-how-to-export-india-to-africa.html,yes,yes,changed_existing_url,crawl_after_deploy
M,ru/blog-how-to-import-rice-nigeria-west-africa.html,https://jftagro.com/ru/blog-how-to-import-rice-nigeria-west-africa.html,yes,yes,changed_existing_url,crawl_after_deploy
M,ru/blog-how-to-read-proforma-invoice-india-export.html,https://jftagro.com/ru/blog-how-to-read-proforma-invoice-india-export.html,yes,yes,changed_existing_url,crawl_after_deploy
??,ru/blog-how-to-write-agro-commodity-purchase-specification.html,https://jftagro.com/ru/blog-how-to-write-agro-commodity-purchase-specification.html,yes,yes,changed_existing_url,crawl_after_deploy
M,ru/blog-import-duty-indian-rice-by-country.html,https://jftagro.com/ru/blog-import-duty-indian-rice-by-country.html,yes,yes,changed_existing_url,crawl_after_deploy
M,ru/blog-import-indian-agro-kenya-east-africa.html,https://jftagro.com/ru/blog-import-indian-agro-kenya-east-africa.html,yes,yes,changed_existing_url,crawl_after_deploy
M,ru/blog-india-rice-export-sri-lanka-bangladesh.html,https://jftagro.com/ru/blog-india-rice-export-sri-lanka-bangladesh.html,yes,yes,changed_existing_url,crawl_after_deploy
M,ru/blog-india-vs-thailand-rice-comparison.html,https://jftagro.com/ru/blog-india-vs-thailand-rice-comparison.html,yes,yes,changed_existing_url,crawl_after_deploy
M,ru/blog-ir64-export.html,https://jftagro.com/ru/blog-ir64-export.html,yes,yes,changed_existing_url,crawl_after_deploy
M,ru/blog-letter-of-credit-food-imports-india.html,https://jftagro.com/ru/blog-letter-of-credit-food-imports-india.html,yes,yes,changed_existing_url,crawl_after_deploy
M,ru/blog-psyllium-husk-export-india-2026.html,https://jftagro.com/ru/blog-psyllium-husk-export-india-2026.html,yes,yes,changed_existing_url,crawl_after_deploy
M,ru/blog-red-chilli-teja-export-india-2026.html,https://jftagro.com/ru/blog-red-chilli-teja-export-india-2026.html,yes,yes,changed_existing_url,crawl_after_deploy
M,ru/blog-sgs-inspection-indian-agro-exports.html,https://jftagro.com/ru/blog-sgs-inspection-indian-agro-exports.html,yes,yes,changed_existing_url,crawl_after_deploy
M,ru/blog-top-indian-agro-commodities-import-2026.html,https://jftagro.com/ru/blog-top-indian-agro-commodities-import-2026.html,yes,yes,changed_existing_url,crawl_after_deploy
M,ru/blog-turmeric-finger-export-india-2026.html,https://jftagro.com/ru/blog-turmeric-finger-export-india-2026.html,yes,yes,changed_existing_url,crawl_after_deploy
M,ru/blog-turmeric-market-outlook-2026.html,https://jftagro.com/ru/blog-turmeric-market-outlook-2026.html,yes,yes,changed_existing_url,crawl_after_deploy
M,ru/blog.html,https://jftagro.com/ru/blog.html,yes,yes,changed_existing_url,crawl_after_deploy
M,ru/buckwheat-exporter.html,https://jftagro.com/ru/buckwheat-exporter.html,yes,yes,changed_existing_url,crawl_after_deploy
??,ru/buyer-security.html,https://jftagro.com/ru/buyer-security.html,yes,yes,changed_existing_url,crawl_after_deploy
M,ru/cassia-tora-meal-exporter.html,https://jftagro.com/ru/cassia-tora-meal-exporter.html,yes,yes,changed_existing_url,crawl_after_deploy
M,ru/cassia-tora-seeds-exporter.html,https://jftagro.com/ru/cassia-tora-seeds-exporter.html,yes,yes,changed_existing_url,crawl_after_deploy
M,ru/celery-seeds-powder-exporter.html,https://jftagro.com/ru/celery-seeds-powder-exporter.html,yes,yes,changed_existing_url,crawl_after_deploy
M,ru/certificates.html,https://jftagro.com/ru/certificates.html,yes,yes,changed_existing_url,crawl_after_deploy
M,ru/chickpeas-kabuli-exporter.html,https://jftagro.com/ru/chickpeas-kabuli-exporter.html,yes,yes,changed_existing_url,crawl_after_deploy
M,ru/contact.html,https://jftagro.com/ru/contact.html,yes,yes,changed_existing_url,crawl_after_deploy
M,ru/coriander-seeds-exporter.html,https://jftagro.com/ru/coriander-seeds-exporter.html,yes,yes,changed_existing_url,crawl_after_deploy
M,ru/corn-flour-maize-flour-exporter.html,https://jftagro.com/ru/corn-flour-maize-flour-exporter.html,yes,yes,changed_existing_url,crawl_after_deploy
M,ru/corn-gluten-meal-exporter.html,https://jftagro.com/ru/corn-gluten-meal-exporter.html,yes,yes,changed_existing_url,crawl_after_deploy
M,ru/corn-starch-exporter.html,https://jftagro.com/ru/corn-starch-exporter.html,yes,yes,changed_existing_url,crawl_after_deploy
M,ru/cotton-seed-oil-cake-exporter.html,https://jftagro.com/ru/cotton-seed-oil-cake-exporter.html,yes,yes,changed_existing_url,crawl_after_deploy
M,ru/cumin-seeds-jeera-exporter.html,https://jftagro.com/ru/cumin-seeds-jeera-exporter.html,yes,yes,changed_existing_url,crawl_after_deploy
M,ru/curry-powder-exporter.html,https://jftagro.com/ru/curry-powder-exporter.html,yes,yes,changed_existing_url,crawl_after_deploy
M,ru/deoiled-rice-bran-dorb-exporter.html,https://jftagro.com/ru/deoiled-rice-bran-dorb-exporter.html,yes,yes,changed_existing_url,crawl_after_deploy
M,ru/dill-seeds-powder-exporter.html,https://jftagro.com/ru/dill-seeds-powder-exporter.html,yes,yes,changed_existing_url,crawl_after_deploy
M,ru/dry-ginger-powder-exporter.html,https://jftagro.com/ru/dry-ginger-powder-exporter.html,yes,yes,changed_existing_url,crawl_after_deploy
M,ru/dry-red-chilli-exporter.html,https://jftagro.com/ru/dry-red-chilli-exporter.html,yes,yes,changed_existing_url,crawl_after_deploy
M,ru/europe-trade.html,https://jftagro.com/ru/europe-trade.html,yes,yes,changed_existing_url,crawl_after_deploy
??,ru/export-documentation.html,https://jftagro.com/ru/export-documentation.html,yes,yes,changed_existing_url,crawl_after_deploy
M,ru/faq.html,https://jftagro.com/ru/faq.html,yes,yes,changed_existing_url,crawl_after_deploy
M,ru/fennel-seeds-sounff-exporter.html,https://jftagro.com/ru/fennel-seeds-sounff-exporter.html,yes,yes,changed_existing_url,crawl_after_deploy
M,ru/fenugreek-seeds-methi-exporter.html,https://jftagro.com/ru/fenugreek-seeds-methi-exporter.html,yes,yes,changed_existing_url,crawl_after_deploy
M,ru/galangal-root-exporter.html,https://jftagro.com/ru/galangal-root-exporter.html,yes,yes,changed_existing_url,crawl_after_deploy
M,ru/green-cardamom-exporter.html,https://jftagro.com/ru/green-cardamom-exporter.html,yes,yes,changed_existing_url,crawl_after_deploy
M,ru/green-millet-bajra-exporter.html,https://jftagro.com/ru/green-millet-bajra-exporter.html,yes,yes,changed_existing_url,crawl_after_deploy
M,ru/green-mung-beans-exporter.html,https://jftagro.com/ru/green-mung-beans-exporter.html,yes,yes,changed_existing_url,crawl_after_deploy
M,ru/grey-millet-exporter.html,https://jftagro.com/ru/grey-millet-exporter.html,yes,yes,changed_existing_url,crawl_after_deploy
M,ru/groundnut-oil-cake-exporter.html,https://jftagro.com/ru/groundnut-oil-cake-exporter.html,yes,yes,changed_existing_url,crawl_after_deploy
M,ru/groundnuts-peanuts-exporter.html,https://jftagro.com/ru/groundnuts-peanuts-exporter.html,yes,yes,changed_existing_url,crawl_after_deploy
M,ru/henna-leaves-exporter.html,https://jftagro.com/ru/henna-leaves-exporter.html,yes,yes,changed_existing_url,crawl_after_deploy
M,ru/henna-powder-exporter.html,https://jftagro.com/ru/henna-powder-exporter.html,yes,yes,changed_existing_url,crawl_after_deploy
M,ru/indian-raisins-kishmish-exporter.html,https://jftagro.com/ru/indian-raisins-kishmish-exporter.html,yes,yes,changed_existing_url,crawl_after_deploy
M,ru/infrastructure.html,https://jftagro.com/ru/infrastructure.html,yes,yes,changed_existing_url,crawl_after_deploy
M,ru/maida-refined-wheat-flour-exporter.html,https://jftagro.com/ru/maida-refined-wheat-flour-exporter.html,yes,yes,changed_existing_url,crawl_after_deploy
M,ru/maize-grits-exporter.html,https://jftagro.com/ru/maize-grits-exporter.html,yes,yes,changed_existing_url,crawl_after_deploy
M,ru/milling-wheat-exporter.html,https://jftagro.com/ru/milling-wheat-exporter.html,yes,yes,changed_existing_url,crawl_after_deploy
M,ru/moringa-leaves-exporter.html,https://jftagro.com/ru/moringa-leaves-exporter.html,yes,yes,changed_existing_url,crawl_after_deploy
M,ru/moringa-powder-exporter.html,https://jftagro.com/ru/moringa-powder-exporter.html,yes,yes,changed_existing_url,crawl_after_deploy
M,ru/mustard-seeds-powder-exporter.html,https://jftagro.com/ru/mustard-seeds-powder-exporter.html,yes,yes,changed_existing_url,crawl_after_deploy
M,ru/packing-calculator.html,https://jftagro.com/ru/packing-calculator.html,yes,yes,changed_existing_url,crawl_after_deploy
M,ru/port-transit-calculator.html,https://jftagro.com/ru/port-transit-calculator.html,yes,yes,changed_existing_url,crawl_after_deploy
M,ru/pr-11-rice-exporter.html,https://jftagro.com/ru/pr-11-rice-exporter.html,yes,yes,changed_existing_url,crawl_after_deploy
M,ru/products.html,https://jftagro.com/ru/products.html,yes,yes,changed_existing_url,crawl_after_deploy
M,ru/psyllium-husk-exporter.html,https://jftagro.com/ru/psyllium-husk-exporter.html,yes,yes,changed_existing_url,crawl_after_deploy
M,ru/quality-control.html,https://jftagro.com/ru/quality-control.html,yes,yes,changed_existing_url,crawl_after_deploy
M,ru/quote-calculator.html,https://jftagro.com/ru/quote-calculator.html,yes,yes,changed_existing_url,crawl_after_deploy
M,ru/red-millet-exporter.html,https://jftagro.com/ru/red-millet-exporter.html,yes,yes,changed_existing_url,crawl_after_deploy
M,ru/safflower-seeds-exporter.html,https://jftagro.com/ru/safflower-seeds-exporter.html,yes,yes,changed_existing_url,crawl_after_deploy
M,ru/samba-rice-exporter.html,https://jftagro.com/ru/samba-rice-exporter.html,yes,yes,changed_existing_url,crawl_after_deploy
M,ru/sample-request.html,https://jftagro.com/ru/sample-request.html,yes,yes,changed_existing_url,crawl_after_deploy
M,ru/semolina-sooji-rava-exporter.html,https://jftagro.com/ru/semolina-sooji-rava-exporter.html,yes,yes,changed_existing_url,crawl_after_deploy
M,ru/senna-leaves-exporter.html,https://jftagro.com/ru/senna-leaves-exporter.html,yes,yes,changed_existing_url,crawl_after_deploy
M,ru/senna-pods-exporter.html,https://jftagro.com/ru/senna-pods-exporter.html,yes,yes,changed_existing_url,crawl_after_deploy
M,ru/sesame-seeds-naturalhulled-exporter.html,https://jftagro.com/ru/sesame-seeds-naturalhulled-exporter.html,yes,yes,changed_existing_url,crawl_after_deploy
M,ru/shipment-tracker.html,https://jftagro.com/ru/shipment-tracker.html,yes,yes,changed_existing_url,crawl_after_deploy
M,ru/soya-bean-exporter.html,https://jftagro.com/ru/soya-bean-exporter.html,yes,yes,changed_existing_url,crawl_after_deploy
M,ru/soybean-meal-doc-exporter.html,https://jftagro.com/ru/soybean-meal-doc-exporter.html,yes,yes,changed_existing_url,crawl_after_deploy
M,ru/sugar-s30-supplier.html,https://jftagro.com/ru/sugar-s30-supplier.html,yes,yes,changed_existing_url,crawl_after_deploy
M,ru/sunflower-seeds-exporter.html,https://jftagro.com/ru/sunflower-seeds-exporter.html,yes,yes,changed_existing_url,crawl_after_deploy
M,ru/sunflower-seeds-in-shell-exporter.html,https://jftagro.com/ru/sunflower-seeds-in-shell-exporter.html,yes,yes,changed_existing_url,crawl_after_deploy
M,ru/tamarind-exporter.html,https://jftagro.com/ru/tamarind-exporter.html,yes,yes,changed_existing_url,crawl_after_deploy
M,ru/toor-dal-split-pigeon-pea-exporter.html,https://jftagro.com/ru/toor-dal-split-pigeon-pea-exporter.html,yes,yes,changed_existing_url,crawl_after_deploy
M,ru/turmeric-finger-exporter.html,https://jftagro.com/ru/turmeric-finger-exporter.html,yes,yes,changed_existing_url,crawl_after_deploy
M,ru/uae-trade.html,https://jftagro.com/ru/uae-trade.html,yes,yes,changed_existing_url,crawl_after_deploy
M,ru/whatsapp-catalog.html,https://jftagro.com/ru/whatsapp-catalog.html,yes,yes,changed_existing_url,crawl_after_deploy
M,ru/wheat-flour-chakki-fresh-atta-exporter.html,https://jftagro.com/ru/wheat-flour-chakki-fresh-atta-exporter.html,yes,yes,changed_existing_url,crawl_after_deploy
M,ru/wheat-grass-powder-exporter.html,https://jftagro.com/ru/wheat-grass-powder-exporter.html,yes,yes,changed_existing_url,crawl_after_deploy
M,ru/white-sorghum-jowar-exporter.html,https://jftagro.com/ru/white-sorghum-jowar-exporter.html,yes,yes,changed_existing_url,crawl_after_deploy
M,ru/whole-nutmeg-powder-exporter.html,https://jftagro.com/ru/whole-nutmeg-powder-exporter.html,yes,yes,changed_existing_url,crawl_after_deploy
M,ru/yellow-maize-corn-exporter.html,https://jftagro.com/ru/yellow-maize-corn-exporter.html,yes,yes,changed_existing_url,crawl_after_deploy
M,ru/yellow-peas-matar-exporter.html,https://jftagro.com/ru/yellow-peas-matar-exporter.html,yes,yes,changed_existing_url,crawl_after_deploy
M,safflower-seeds-exporter.html,https://jftagro.com/safflower-seeds-exporter.html,yes,yes,changed_existing_url,crawl_after_deploy
M,samba-rice-exporter.html,https://jftagro.com/samba-rice-exporter.html,yes,yes,changed_existing_url,crawl_after_deploy
M,sample-request.html,https://jftagro.com/sample-request.html,yes,yes,changed_existing_url,crawl_after_deploy
M,semolina-sooji-rava-exporter.html,https://jftagro.com/semolina-sooji-rava-exporter.html,yes,yes,changed_existing_url,crawl_after_deploy
M,senna-leaves-exporter.html,https://jftagro.com/senna-leaves-exporter.html,yes,yes,changed_existing_url,crawl_after_deploy
M,senna-pods-exporter.html,https://jftagro.com/senna-pods-exporter.html,yes,yes,changed_existing_url,crawl_after_deploy
M,sesame-seeds-naturalhulled-exporter.html,https://jftagro.com/sesame-seeds-naturalhulled-exporter.html,yes,yes,changed_existing_url,crawl_after_deploy
M,shipment-tracker.html,https://jftagro.com/shipment-tracker.html,yes,yes,changed_existing_url,crawl_after_deploy
M,si/index.html,https://jftagro.com/si/,yes,yes,changed_existing_url,crawl_after_deploy
M,si/10-parboiled-rice-ir-64-exporter.html,https://jftagro.com/si/10-parboiled-rice-ir-64-exporter.html,yes,yes,changed_existing_url,crawl_after_deploy
M,si/100-broken-rice-exporter.html,https://jftagro.com/si/100-broken-rice-exporter.html,yes,yes,changed_existing_url,crawl_after_deploy
M,si/1121-basmati-rice-exporter.html,https://jftagro.com/si/1121-basmati-rice-exporter.html,yes,yes,changed_existing_url,crawl_after_deploy
M,si/1121-raw-basmati-rice-exporter.html,https://jftagro.com/si/1121-raw-basmati-rice-exporter.html,yes,yes,changed_existing_url,crawl_after_deploy
M,si/1121-steam-basmati-rice-exporter.html,https://jftagro.com/si/1121-steam-basmati-rice-exporter.html,yes,yes,changed_existing_url,crawl_after_deploy
M,si/1121-white-sella-basmati-exporter.html,https://jftagro.com/si/1121-white-sella-basmati-exporter.html,yes,yes,changed_existing_url,crawl_after_deploy
M,si/1401-golden-sella-basmati-exporter.html,https://jftagro.com/si/1401-golden-sella-basmati-exporter.html,yes,yes,changed_existing_url,crawl_after_deploy
M,si/1401-sella-basmati-rice-exporter.html,https://jftagro.com/si/1401-sella-basmati-rice-exporter.html,yes,yes,changed_existing_url,crawl_after_deploy
M,si/1401-steam-basmati-rice-exporter.html,https://jftagro.com/si/1401-steam-basmati-rice-exporter.html,yes,yes,changed_existing_url,crawl_after_deploy
M,si/1509-golden-sella-basmati-exporter.html,https://jftagro.com/si/1509-golden-sella-basmati-exporter.html,yes,yes,changed_existing_url,crawl_after_deploy
M,si/1509-steam-basmati-rice-exporter.html,https://jftagro.com/si/1509-steam-basmati-rice-exporter.html,yes,yes,changed_existing_url,crawl_after_deploy
M,si/1718-golden-sella-basmati-exporter.html,https://jftagro.com/si/1718-golden-sella-basmati-exporter.html,yes,yes,changed_existing_url,crawl_after_deploy
M,si/1718-steam-basmati-rice-exporter.html,https://jftagro.com/si/1718-steam-basmati-rice-exporter.html,yes,yes,changed_existing_url,crawl_after_deploy
M,si/25-silky-sortex-short-grain-exporter.html,https://jftagro.com/si/25-silky-sortex-short-grain-exporter.html,yes,yes,changed_existing_url,crawl_after_deploy
M,si/25-silky-sortex-white-exporter.html,https://jftagro.com/si/25-silky-sortex-white-exporter.html,yes,yes,changed_existing_url,crawl_after_deploy
M,si/5-parboiled-rice-ir-64-exporter.html,https://jftagro.com/si/5-parboiled-rice-ir-64-exporter.html,yes,yes,changed_existing_url,crawl_after_deploy
M,si/5-silky-sortex-short-grain-exporter.html,https://jftagro.com/si/5-silky-sortex-short-grain-exporter.html,yes,yes,changed_existing_url,crawl_after_deploy
M,si/5-silky-sortex-white-exporter.html,https://jftagro.com/si/5-silky-sortex-white-exporter.html,yes,yes,changed_existing_url,crawl_after_deploy
M,si/about.html,https://jftagro.com/si/about.html,yes,yes,changed_existing_url,crawl_after_deploy
M,si/africa-trade.html,https://jftagro.com/si/africa-trade.html,yes,yes,changed_existing_url,crawl_after_deploy
M,si/ajwain-seeds-powder-exporter.html,https://jftagro.com/si/ajwain-seeds-powder-exporter.html,yes,yes,changed_existing_url,crawl_after_deploy
M,si/akarkara-root-exporter.html,https://jftagro.com/si/akarkara-root-exporter.html,yes,yes,changed_existing_url,crawl_after_deploy
M,si/asaliya-seeds-exporter.html,https://jftagro.com/si/asaliya-seeds-exporter.html,yes,yes,changed_existing_url,crawl_after_deploy
M,si/asia-trade.html,https://jftagro.com/si/asia-trade.html,yes,yes,changed_existing_url,crawl_after_deploy
M,si/barley-seeds-exporter.html,https://jftagro.com/si/barley-seeds-exporter.html,yes,yes,changed_existing_url,crawl_after_deploy
M,si/basil-seeds-exporter.html,https://jftagro.com/si/basil-seeds-exporter.html,yes,yes,changed_existing_url,crawl_after_deploy
M,si/bay-leaf-exporter.html,https://jftagro.com/si/bay-leaf-exporter.html,yes,yes,changed_existing_url,crawl_after_deploy
M,si/black-cumin-seeds-nigella-exporter.html,https://jftagro.com/si/black-cumin-seeds-nigella-exporter.html,yes,yes,changed_existing_url,crawl_after_deploy
M,si/black-himaj-exporter.html,https://jftagro.com/si/black-himaj-exporter.html,yes,yes,changed_existing_url,crawl_after_deploy
M,si/black-pepper-powder-exporter.html,https://jftagro.com/si/black-pepper-powder-exporter.html,yes,yes,changed_existing_url,crawl_after_deploy
M,si/blog-apeda-registration-indian-exporter-explained.html,https://jftagro.com/si/blog-apeda-registration-indian-exporter-explained.html,yes,yes,changed_existing_url,crawl_after_deploy
M,si/blog-basmati-export-guide.html,https://jftagro.com/si/blog-basmati-export-guide.html,yes,yes,changed_existing_url,crawl_after_deploy
M,si/blog-bill-of-lading-explained-importers.html,https://jftagro.com/si/blog-bill-of-lading-explained-importers.html,yes,yes,changed_existing_url,crawl_after_deploy
??,si/blog-certificate-of-analysis-food-imports.html,https://jftagro.com/si/blog-certificate-of-analysis-food-imports.html,yes,yes,changed_existing_url,crawl_after_deploy
M,si/blog-cumin-jeera-price-outlook-2026.html,https://jftagro.com/si/blog-cumin-jeera-price-outlook-2026.html,yes,yes,changed_existing_url,crawl_after_deploy
??,si/blog-food-container-loading-inspection-checklist.html,https://jftagro.com/si/blog-food-container-loading-inspection-checklist.html,yes,yes,changed_existing_url,crawl_after_deploy
M,si/blog-green-mung-beans-export-india-2026.html,https://jftagro.com/si/blog-green-mung-beans-export-india-2026.html,yes,yes,changed_existing_url,crawl_after_deploy
M,si/blog-how-to-choose-indian-agro-exporter.html,https://jftagro.com/si/blog-how-to-choose-indian-agro-exporter.html,yes,yes,changed_existing_url,crawl_after_deploy
M,si/blog-how-to-export-india-to-africa.html,https://jftagro.com/si/blog-how-to-export-india-to-africa.html,yes,yes,changed_existing_url,crawl_after_deploy
M,si/blog-how-to-import-rice-nigeria-west-africa.html,https://jftagro.com/si/blog-how-to-import-rice-nigeria-west-africa.html,yes,yes,changed_existing_url,crawl_after_deploy
M,si/blog-how-to-read-proforma-invoice-india-export.html,https://jftagro.com/si/blog-how-to-read-proforma-invoice-india-export.html,yes,yes,changed_existing_url,crawl_after_deploy
??,si/blog-how-to-write-agro-commodity-purchase-specification.html,https://jftagro.com/si/blog-how-to-write-agro-commodity-purchase-specification.html,yes,yes,changed_existing_url,crawl_after_deploy
M,si/blog-import-duty-indian-rice-by-country.html,https://jftagro.com/si/blog-import-duty-indian-rice-by-country.html,yes,yes,changed_existing_url,crawl_after_deploy
M,si/blog-import-indian-agro-kenya-east-africa.html,https://jftagro.com/si/blog-import-indian-agro-kenya-east-africa.html,yes,yes,changed_existing_url,crawl_after_deploy
M,si/blog-india-rice-export-sri-lanka-bangladesh.html,https://jftagro.com/si/blog-india-rice-export-sri-lanka-bangladesh.html,yes,yes,changed_existing_url,crawl_after_deploy
M,si/blog-india-vs-thailand-rice-comparison.html,https://jftagro.com/si/blog-india-vs-thailand-rice-comparison.html,yes,yes,changed_existing_url,crawl_after_deploy
M,si/blog-ir64-export.html,https://jftagro.com/si/blog-ir64-export.html,yes,yes,changed_existing_url,crawl_after_deploy
M,si/blog-letter-of-credit-food-imports-india.html,https://jftagro.com/si/blog-letter-of-credit-food-imports-india.html,yes,yes,changed_existing_url,crawl_after_deploy
M,si/blog-psyllium-husk-export-india-2026.html,https://jftagro.com/si/blog-psyllium-husk-export-india-2026.html,yes,yes,changed_existing_url,crawl_after_deploy
M,si/blog-red-chilli-teja-export-india-2026.html,https://jftagro.com/si/blog-red-chilli-teja-export-india-2026.html,yes,yes,changed_existing_url,crawl_after_deploy
M,si/blog-sgs-inspection-indian-agro-exports.html,https://jftagro.com/si/blog-sgs-inspection-indian-agro-exports.html,yes,yes,changed_existing_url,crawl_after_deploy
M,si/blog-top-indian-agro-commodities-import-2026.html,https://jftagro.com/si/blog-top-indian-agro-commodities-import-2026.html,yes,yes,changed_existing_url,crawl_after_deploy
M,si/blog-turmeric-finger-export-india-2026.html,https://jftagro.com/si/blog-turmeric-finger-export-india-2026.html,yes,yes,changed_existing_url,crawl_after_deploy
M,si/blog-turmeric-market-outlook-2026.html,https://jftagro.com/si/blog-turmeric-market-outlook-2026.html,yes,yes,changed_existing_url,crawl_after_deploy
M,si/blog.html,https://jftagro.com/si/blog.html,yes,yes,changed_existing_url,crawl_after_deploy
M,si/buckwheat-exporter.html,https://jftagro.com/si/buckwheat-exporter.html,yes,yes,changed_existing_url,crawl_after_deploy
??,si/buyer-security.html,https://jftagro.com/si/buyer-security.html,yes,yes,changed_existing_url,crawl_after_deploy
M,si/cassia-tora-meal-exporter.html,https://jftagro.com/si/cassia-tora-meal-exporter.html,yes,yes,changed_existing_url,crawl_after_deploy
M,si/cassia-tora-seeds-exporter.html,https://jftagro.com/si/cassia-tora-seeds-exporter.html,yes,yes,changed_existing_url,crawl_after_deploy
M,si/celery-seeds-powder-exporter.html,https://jftagro.com/si/celery-seeds-powder-exporter.html,yes,yes,changed_existing_url,crawl_after_deploy
M,si/certificates.html,https://jftagro.com/si/certificates.html,yes,yes,changed_existing_url,crawl_after_deploy
M,si/chickpeas-kabuli-exporter.html,https://jftagro.com/si/chickpeas-kabuli-exporter.html,yes,yes,changed_existing_url,crawl_after_deploy
M,si/contact.html,https://jftagro.com/si/contact.html,yes,yes,changed_existing_url,crawl_after_deploy
M,si/coriander-seeds-exporter.html,https://jftagro.com/si/coriander-seeds-exporter.html,yes,yes,changed_existing_url,crawl_after_deploy
M,si/corn-flour-maize-flour-exporter.html,https://jftagro.com/si/corn-flour-maize-flour-exporter.html,yes,yes,changed_existing_url,crawl_after_deploy
M,si/corn-gluten-meal-exporter.html,https://jftagro.com/si/corn-gluten-meal-exporter.html,yes,yes,changed_existing_url,crawl_after_deploy
M,si/corn-starch-exporter.html,https://jftagro.com/si/corn-starch-exporter.html,yes,yes,changed_existing_url,crawl_after_deploy
M,si/cotton-seed-oil-cake-exporter.html,https://jftagro.com/si/cotton-seed-oil-cake-exporter.html,yes,yes,changed_existing_url,crawl_after_deploy
M,si/cumin-seeds-jeera-exporter.html,https://jftagro.com/si/cumin-seeds-jeera-exporter.html,yes,yes,changed_existing_url,crawl_after_deploy
M,si/curry-powder-exporter.html,https://jftagro.com/si/curry-powder-exporter.html,yes,yes,changed_existing_url,crawl_after_deploy
M,si/deoiled-rice-bran-dorb-exporter.html,https://jftagro.com/si/deoiled-rice-bran-dorb-exporter.html,yes,yes,changed_existing_url,crawl_after_deploy
M,si/dill-seeds-powder-exporter.html,https://jftagro.com/si/dill-seeds-powder-exporter.html,yes,yes,changed_existing_url,crawl_after_deploy
M,si/dry-ginger-powder-exporter.html,https://jftagro.com/si/dry-ginger-powder-exporter.html,yes,yes,changed_existing_url,crawl_after_deploy
M,si/dry-red-chilli-exporter.html,https://jftagro.com/si/dry-red-chilli-exporter.html,yes,yes,changed_existing_url,crawl_after_deploy
M,si/europe-trade.html,https://jftagro.com/si/europe-trade.html,yes,yes,changed_existing_url,crawl_after_deploy
??,si/export-documentation.html,https://jftagro.com/si/export-documentation.html,yes,yes,changed_existing_url,crawl_after_deploy
M,si/faq.html,https://jftagro.com/si/faq.html,yes,yes,changed_existing_url,crawl_after_deploy
M,si/fennel-seeds-sounff-exporter.html,https://jftagro.com/si/fennel-seeds-sounff-exporter.html,yes,yes,changed_existing_url,crawl_after_deploy
M,si/fenugreek-seeds-methi-exporter.html,https://jftagro.com/si/fenugreek-seeds-methi-exporter.html,yes,yes,changed_existing_url,crawl_after_deploy
M,si/galangal-root-exporter.html,https://jftagro.com/si/galangal-root-exporter.html,yes,yes,changed_existing_url,crawl_after_deploy
M,si/green-cardamom-exporter.html,https://jftagro.com/si/green-cardamom-exporter.html,yes,yes,changed_existing_url,crawl_after_deploy
M,si/green-millet-bajra-exporter.html,https://jftagro.com/si/green-millet-bajra-exporter.html,yes,yes,changed_existing_url,crawl_after_deploy
M,si/green-mung-beans-exporter.html,https://jftagro.com/si/green-mung-beans-exporter.html,yes,yes,changed_existing_url,crawl_after_deploy
M,si/grey-millet-exporter.html,https://jftagro.com/si/grey-millet-exporter.html,yes,yes,changed_existing_url,crawl_after_deploy
M,si/groundnut-oil-cake-exporter.html,https://jftagro.com/si/groundnut-oil-cake-exporter.html,yes,yes,changed_existing_url,crawl_after_deploy
M,si/groundnuts-peanuts-exporter.html,https://jftagro.com/si/groundnuts-peanuts-exporter.html,yes,yes,changed_existing_url,crawl_after_deploy
M,si/henna-leaves-exporter.html,https://jftagro.com/si/henna-leaves-exporter.html,yes,yes,changed_existing_url,crawl_after_deploy
M,si/henna-powder-exporter.html,https://jftagro.com/si/henna-powder-exporter.html,yes,yes,changed_existing_url,crawl_after_deploy
M,si/indian-raisins-kishmish-exporter.html,https://jftagro.com/si/indian-raisins-kishmish-exporter.html,yes,yes,changed_existing_url,crawl_after_deploy
M,si/infrastructure.html,https://jftagro.com/si/infrastructure.html,yes,yes,changed_existing_url,crawl_after_deploy
M,si/maida-refined-wheat-flour-exporter.html,https://jftagro.com/si/maida-refined-wheat-flour-exporter.html,yes,yes,changed_existing_url,crawl_after_deploy
M,si/maize-grits-exporter.html,https://jftagro.com/si/maize-grits-exporter.html,yes,yes,changed_existing_url,crawl_after_deploy
M,si/milling-wheat-exporter.html,https://jftagro.com/si/milling-wheat-exporter.html,yes,yes,changed_existing_url,crawl_after_deploy
M,si/moringa-leaves-exporter.html,https://jftagro.com/si/moringa-leaves-exporter.html,yes,yes,changed_existing_url,crawl_after_deploy
M,si/moringa-powder-exporter.html,https://jftagro.com/si/moringa-powder-exporter.html,yes,yes,changed_existing_url,crawl_after_deploy
M,si/mustard-seeds-powder-exporter.html,https://jftagro.com/si/mustard-seeds-powder-exporter.html,yes,yes,changed_existing_url,crawl_after_deploy
M,si/packing-calculator.html,https://jftagro.com/si/packing-calculator.html,yes,yes,changed_existing_url,crawl_after_deploy
M,si/port-transit-calculator.html,https://jftagro.com/si/port-transit-calculator.html,yes,yes,changed_existing_url,crawl_after_deploy
M,si/pr-11-rice-exporter.html,https://jftagro.com/si/pr-11-rice-exporter.html,yes,yes,changed_existing_url,crawl_after_deploy
M,si/products.html,https://jftagro.com/si/products.html,yes,yes,changed_existing_url,crawl_after_deploy
M,si/psyllium-husk-exporter.html,https://jftagro.com/si/psyllium-husk-exporter.html,yes,yes,changed_existing_url,crawl_after_deploy
M,si/quality-control.html,https://jftagro.com/si/quality-control.html,yes,yes,changed_existing_url,crawl_after_deploy
M,si/quote-calculator.html,https://jftagro.com/si/quote-calculator.html,yes,yes,changed_existing_url,crawl_after_deploy
M,si/red-millet-exporter.html,https://jftagro.com/si/red-millet-exporter.html,yes,yes,changed_existing_url,crawl_after_deploy
M,si/safflower-seeds-exporter.html,https://jftagro.com/si/safflower-seeds-exporter.html,yes,yes,changed_existing_url,crawl_after_deploy
M,si/samba-rice-exporter.html,https://jftagro.com/si/samba-rice-exporter.html,yes,yes,changed_existing_url,crawl_after_deploy
M,si/sample-request.html,https://jftagro.com/si/sample-request.html,yes,yes,changed_existing_url,crawl_after_deploy
M,si/semolina-sooji-rava-exporter.html,https://jftagro.com/si/semolina-sooji-rava-exporter.html,yes,yes,changed_existing_url,crawl_after_deploy
M,si/senna-leaves-exporter.html,https://jftagro.com/si/senna-leaves-exporter.html,yes,yes,changed_existing_url,crawl_after_deploy
M,si/senna-pods-exporter.html,https://jftagro.com/si/senna-pods-exporter.html,yes,yes,changed_existing_url,crawl_after_deploy
M,si/sesame-seeds-naturalhulled-exporter.html,https://jftagro.com/si/sesame-seeds-naturalhulled-exporter.html,yes,yes,changed_existing_url,crawl_after_deploy
M,si/shipment-tracker.html,https://jftagro.com/si/shipment-tracker.html,yes,yes,changed_existing_url,crawl_after_deploy
M,si/soya-bean-exporter.html,https://jftagro.com/si/soya-bean-exporter.html,yes,yes,changed_existing_url,crawl_after_deploy
M,si/soybean-meal-doc-exporter.html,https://jftagro.com/si/soybean-meal-doc-exporter.html,yes,yes,changed_existing_url,crawl_after_deploy
M,si/sugar-s30-supplier.html,https://jftagro.com/si/sugar-s30-supplier.html,yes,yes,changed_existing_url,crawl_after_deploy
M,si/sunflower-seeds-exporter.html,https://jftagro.com/si/sunflower-seeds-exporter.html,yes,yes,changed_existing_url,crawl_after_deploy
M,si/sunflower-seeds-in-shell-exporter.html,https://jftagro.com/si/sunflower-seeds-in-shell-exporter.html,yes,yes,changed_existing_url,crawl_after_deploy
M,si/tamarind-exporter.html,https://jftagro.com/si/tamarind-exporter.html,yes,yes,changed_existing_url,crawl_after_deploy
M,si/toor-dal-split-pigeon-pea-exporter.html,https://jftagro.com/si/toor-dal-split-pigeon-pea-exporter.html,yes,yes,changed_existing_url,crawl_after_deploy
M,si/turmeric-finger-exporter.html,https://jftagro.com/si/turmeric-finger-exporter.html,yes,yes,changed_existing_url,crawl_after_deploy
M,si/uae-trade.html,https://jftagro.com/si/uae-trade.html,yes,yes,changed_existing_url,crawl_after_deploy
M,si/whatsapp-catalog.html,https://jftagro.com/si/whatsapp-catalog.html,yes,yes,changed_existing_url,crawl_after_deploy
M,si/wheat-flour-chakki-fresh-atta-exporter.html,https://jftagro.com/si/wheat-flour-chakki-fresh-atta-exporter.html,yes,yes,changed_existing_url,crawl_after_deploy
M,si/wheat-grass-powder-exporter.html,https://jftagro.com/si/wheat-grass-powder-exporter.html,yes,yes,changed_existing_url,crawl_after_deploy
M,si/white-sorghum-jowar-exporter.html,https://jftagro.com/si/white-sorghum-jowar-exporter.html,yes,yes,changed_existing_url,crawl_after_deploy
M,si/whole-nutmeg-powder-exporter.html,https://jftagro.com/si/whole-nutmeg-powder-exporter.html,yes,yes,changed_existing_url,crawl_after_deploy
M,si/yellow-maize-corn-exporter.html,https://jftagro.com/si/yellow-maize-corn-exporter.html,yes,yes,changed_existing_url,crawl_after_deploy
M,si/yellow-peas-matar-exporter.html,https://jftagro.com/si/yellow-peas-matar-exporter.html,yes,yes,changed_existing_url,crawl_after_deploy
M,soya-bean-exporter.html,https://jftagro.com/soya-bean-exporter.html,yes,yes,changed_existing_url,crawl_after_deploy
M,soybean-meal-doc-exporter.html,https://jftagro.com/soybean-meal-doc-exporter.html,yes,yes,changed_existing_url,crawl_after_deploy
M,sugar-s30-supplier.html,https://jftagro.com/sugar-s30-supplier.html,yes,yes,changed_existing_url,crawl_after_deploy
M,sunflower-seeds-exporter.html,https://jftagro.com/sunflower-seeds-exporter.html,yes,yes,changed_existing_url,crawl_after_deploy
M,sunflower-seeds-in-shell-exporter.html,https://jftagro.com/sunflower-seeds-in-shell-exporter.html,yes,yes,changed_existing_url,crawl_after_deploy
M,tamarind-exporter.html,https://jftagro.com/tamarind-exporter.html,yes,yes,changed_existing_url,crawl_after_deploy
M,terms.html,https://jftagro.com/terms.html,yes,yes,changed_existing_url,crawl_after_deploy
M,th/index.html,https://jftagro.com/th/,yes,yes,changed_existing_url,crawl_after_deploy
M,th/10-parboiled-rice-ir-64-exporter.html,https://jftagro.com/th/10-parboiled-rice-ir-64-exporter.html,yes,yes,changed_existing_url,crawl_after_deploy
M,th/100-broken-rice-exporter.html,https://jftagro.com/th/100-broken-rice-exporter.html,yes,yes,changed_existing_url,crawl_after_deploy
M,th/1121-basmati-rice-exporter.html,https://jftagro.com/th/1121-basmati-rice-exporter.html,yes,yes,changed_existing_url,crawl_after_deploy
M,th/1121-raw-basmati-rice-exporter.html,https://jftagro.com/th/1121-raw-basmati-rice-exporter.html,yes,yes,changed_existing_url,crawl_after_deploy
M,th/1121-steam-basmati-rice-exporter.html,https://jftagro.com/th/1121-steam-basmati-rice-exporter.html,yes,yes,changed_existing_url,crawl_after_deploy
M,th/1121-white-sella-basmati-exporter.html,https://jftagro.com/th/1121-white-sella-basmati-exporter.html,yes,yes,changed_existing_url,crawl_after_deploy
M,th/1401-golden-sella-basmati-exporter.html,https://jftagro.com/th/1401-golden-sella-basmati-exporter.html,yes,yes,changed_existing_url,crawl_after_deploy
M,th/1401-sella-basmati-rice-exporter.html,https://jftagro.com/th/1401-sella-basmati-rice-exporter.html,yes,yes,changed_existing_url,crawl_after_deploy
M,th/1401-steam-basmati-rice-exporter.html,https://jftagro.com/th/1401-steam-basmati-rice-exporter.html,yes,yes,changed_existing_url,crawl_after_deploy
M,th/1509-golden-sella-basmati-exporter.html,https://jftagro.com/th/1509-golden-sella-basmati-exporter.html,yes,yes,changed_existing_url,crawl_after_deploy
M,th/1509-steam-basmati-rice-exporter.html,https://jftagro.com/th/1509-steam-basmati-rice-exporter.html,yes,yes,changed_existing_url,crawl_after_deploy
M,th/1718-golden-sella-basmati-exporter.html,https://jftagro.com/th/1718-golden-sella-basmati-exporter.html,yes,yes,changed_existing_url,crawl_after_deploy
M,th/1718-steam-basmati-rice-exporter.html,https://jftagro.com/th/1718-steam-basmati-rice-exporter.html,yes,yes,changed_existing_url,crawl_after_deploy
M,th/25-silky-sortex-short-grain-exporter.html,https://jftagro.com/th/25-silky-sortex-short-grain-exporter.html,yes,yes,changed_existing_url,crawl_after_deploy
M,th/25-silky-sortex-white-exporter.html,https://jftagro.com/th/25-silky-sortex-white-exporter.html,yes,yes,changed_existing_url,crawl_after_deploy
M,th/5-parboiled-rice-ir-64-exporter.html,https://jftagro.com/th/5-parboiled-rice-ir-64-exporter.html,yes,yes,changed_existing_url,crawl_after_deploy
M,th/5-silky-sortex-short-grain-exporter.html,https://jftagro.com/th/5-silky-sortex-short-grain-exporter.html,yes,yes,changed_existing_url,crawl_after_deploy
M,th/5-silky-sortex-white-exporter.html,https://jftagro.com/th/5-silky-sortex-white-exporter.html,yes,yes,changed_existing_url,crawl_after_deploy
M,th/about.html,https://jftagro.com/th/about.html,yes,yes,changed_existing_url,crawl_after_deploy
M,th/africa-trade.html,https://jftagro.com/th/africa-trade.html,yes,yes,changed_existing_url,crawl_after_deploy
M,th/ajwain-seeds-powder-exporter.html,https://jftagro.com/th/ajwain-seeds-powder-exporter.html,yes,yes,changed_existing_url,crawl_after_deploy
M,th/akarkara-root-exporter.html,https://jftagro.com/th/akarkara-root-exporter.html,yes,yes,changed_existing_url,crawl_after_deploy
M,th/asaliya-seeds-exporter.html,https://jftagro.com/th/asaliya-seeds-exporter.html,yes,yes,changed_existing_url,crawl_after_deploy
M,th/asia-trade.html,https://jftagro.com/th/asia-trade.html,yes,yes,changed_existing_url,crawl_after_deploy
M,th/barley-seeds-exporter.html,https://jftagro.com/th/barley-seeds-exporter.html,yes,yes,changed_existing_url,crawl_after_deploy
M,th/basil-seeds-exporter.html,https://jftagro.com/th/basil-seeds-exporter.html,yes,yes,changed_existing_url,crawl_after_deploy
M,th/bay-leaf-exporter.html,https://jftagro.com/th/bay-leaf-exporter.html,yes,yes,changed_existing_url,crawl_after_deploy
M,th/black-cumin-seeds-nigella-exporter.html,https://jftagro.com/th/black-cumin-seeds-nigella-exporter.html,yes,yes,changed_existing_url,crawl_after_deploy
M,th/black-himaj-exporter.html,https://jftagro.com/th/black-himaj-exporter.html,yes,yes,changed_existing_url,crawl_after_deploy
M,th/black-pepper-powder-exporter.html,https://jftagro.com/th/black-pepper-powder-exporter.html,yes,yes,changed_existing_url,crawl_after_deploy
M,th/blog-apeda-registration-indian-exporter-explained.html,https://jftagro.com/th/blog-apeda-registration-indian-exporter-explained.html,yes,yes,changed_existing_url,crawl_after_deploy
M,th/blog-basmati-export-guide.html,https://jftagro.com/th/blog-basmati-export-guide.html,yes,yes,changed_existing_url,crawl_after_deploy
M,th/blog-bill-of-lading-explained-importers.html,https://jftagro.com/th/blog-bill-of-lading-explained-importers.html,yes,yes,changed_existing_url,crawl_after_deploy
??,th/blog-certificate-of-analysis-food-imports.html,https://jftagro.com/th/blog-certificate-of-analysis-food-imports.html,yes,yes,changed_existing_url,crawl_after_deploy
M,th/blog-cumin-jeera-price-outlook-2026.html,https://jftagro.com/th/blog-cumin-jeera-price-outlook-2026.html,yes,yes,changed_existing_url,crawl_after_deploy
??,th/blog-food-container-loading-inspection-checklist.html,https://jftagro.com/th/blog-food-container-loading-inspection-checklist.html,yes,yes,changed_existing_url,crawl_after_deploy
M,th/blog-green-mung-beans-export-india-2026.html,https://jftagro.com/th/blog-green-mung-beans-export-india-2026.html,yes,yes,changed_existing_url,crawl_after_deploy
M,th/blog-how-to-choose-indian-agro-exporter.html,https://jftagro.com/th/blog-how-to-choose-indian-agro-exporter.html,yes,yes,changed_existing_url,crawl_after_deploy
M,th/blog-how-to-export-india-to-africa.html,https://jftagro.com/th/blog-how-to-export-india-to-africa.html,yes,yes,changed_existing_url,crawl_after_deploy
M,th/blog-how-to-import-rice-nigeria-west-africa.html,https://jftagro.com/th/blog-how-to-import-rice-nigeria-west-africa.html,yes,yes,changed_existing_url,crawl_after_deploy
M,th/blog-how-to-read-proforma-invoice-india-export.html,https://jftagro.com/th/blog-how-to-read-proforma-invoice-india-export.html,yes,yes,changed_existing_url,crawl_after_deploy
??,th/blog-how-to-write-agro-commodity-purchase-specification.html,https://jftagro.com/th/blog-how-to-write-agro-commodity-purchase-specification.html,yes,yes,changed_existing_url,crawl_after_deploy
M,th/blog-import-duty-indian-rice-by-country.html,https://jftagro.com/th/blog-import-duty-indian-rice-by-country.html,yes,yes,changed_existing_url,crawl_after_deploy
M,th/blog-import-indian-agro-kenya-east-africa.html,https://jftagro.com/th/blog-import-indian-agro-kenya-east-africa.html,yes,yes,changed_existing_url,crawl_after_deploy
M,th/blog-india-rice-export-sri-lanka-bangladesh.html,https://jftagro.com/th/blog-india-rice-export-sri-lanka-bangladesh.html,yes,yes,changed_existing_url,crawl_after_deploy
M,th/blog-india-vs-thailand-rice-comparison.html,https://jftagro.com/th/blog-india-vs-thailand-rice-comparison.html,yes,yes,changed_existing_url,crawl_after_deploy
M,th/blog-ir64-export.html,https://jftagro.com/th/blog-ir64-export.html,yes,yes,changed_existing_url,crawl_after_deploy
M,th/blog-letter-of-credit-food-imports-india.html,https://jftagro.com/th/blog-letter-of-credit-food-imports-india.html,yes,yes,changed_existing_url,crawl_after_deploy
M,th/blog-psyllium-husk-export-india-2026.html,https://jftagro.com/th/blog-psyllium-husk-export-india-2026.html,yes,yes,changed_existing_url,crawl_after_deploy
M,th/blog-red-chilli-teja-export-india-2026.html,https://jftagro.com/th/blog-red-chilli-teja-export-india-2026.html,yes,yes,changed_existing_url,crawl_after_deploy
M,th/blog-sgs-inspection-indian-agro-exports.html,https://jftagro.com/th/blog-sgs-inspection-indian-agro-exports.html,yes,yes,changed_existing_url,crawl_after_deploy
M,th/blog-top-indian-agro-commodities-import-2026.html,https://jftagro.com/th/blog-top-indian-agro-commodities-import-2026.html,yes,yes,changed_existing_url,crawl_after_deploy
M,th/blog-turmeric-finger-export-india-2026.html,https://jftagro.com/th/blog-turmeric-finger-export-india-2026.html,yes,yes,changed_existing_url,crawl_after_deploy
M,th/blog-turmeric-market-outlook-2026.html,https://jftagro.com/th/blog-turmeric-market-outlook-2026.html,yes,yes,changed_existing_url,crawl_after_deploy
M,th/blog.html,https://jftagro.com/th/blog.html,yes,yes,changed_existing_url,crawl_after_deploy
M,th/buckwheat-exporter.html,https://jftagro.com/th/buckwheat-exporter.html,yes,yes,changed_existing_url,crawl_after_deploy
??,th/buyer-security.html,https://jftagro.com/th/buyer-security.html,yes,yes,changed_existing_url,crawl_after_deploy
M,th/cassia-tora-meal-exporter.html,https://jftagro.com/th/cassia-tora-meal-exporter.html,yes,yes,changed_existing_url,crawl_after_deploy
M,th/cassia-tora-seeds-exporter.html,https://jftagro.com/th/cassia-tora-seeds-exporter.html,yes,yes,changed_existing_url,crawl_after_deploy
M,th/celery-seeds-powder-exporter.html,https://jftagro.com/th/celery-seeds-powder-exporter.html,yes,yes,changed_existing_url,crawl_after_deploy
M,th/certificates.html,https://jftagro.com/th/certificates.html,yes,yes,changed_existing_url,crawl_after_deploy
M,th/chickpeas-kabuli-exporter.html,https://jftagro.com/th/chickpeas-kabuli-exporter.html,yes,yes,changed_existing_url,crawl_after_deploy
M,th/contact.html,https://jftagro.com/th/contact.html,yes,yes,changed_existing_url,crawl_after_deploy
M,th/coriander-seeds-exporter.html,https://jftagro.com/th/coriander-seeds-exporter.html,yes,yes,changed_existing_url,crawl_after_deploy
M,th/corn-flour-maize-flour-exporter.html,https://jftagro.com/th/corn-flour-maize-flour-exporter.html,yes,yes,changed_existing_url,crawl_after_deploy
M,th/corn-gluten-meal-exporter.html,https://jftagro.com/th/corn-gluten-meal-exporter.html,yes,yes,changed_existing_url,crawl_after_deploy
M,th/corn-starch-exporter.html,https://jftagro.com/th/corn-starch-exporter.html,yes,yes,changed_existing_url,crawl_after_deploy
M,th/cotton-seed-oil-cake-exporter.html,https://jftagro.com/th/cotton-seed-oil-cake-exporter.html,yes,yes,changed_existing_url,crawl_after_deploy
M,th/cumin-seeds-jeera-exporter.html,https://jftagro.com/th/cumin-seeds-jeera-exporter.html,yes,yes,changed_existing_url,crawl_after_deploy
M,th/curry-powder-exporter.html,https://jftagro.com/th/curry-powder-exporter.html,yes,yes,changed_existing_url,crawl_after_deploy
M,th/deoiled-rice-bran-dorb-exporter.html,https://jftagro.com/th/deoiled-rice-bran-dorb-exporter.html,yes,yes,changed_existing_url,crawl_after_deploy
M,th/dill-seeds-powder-exporter.html,https://jftagro.com/th/dill-seeds-powder-exporter.html,yes,yes,changed_existing_url,crawl_after_deploy
M,th/dry-ginger-powder-exporter.html,https://jftagro.com/th/dry-ginger-powder-exporter.html,yes,yes,changed_existing_url,crawl_after_deploy
M,th/dry-red-chilli-exporter.html,https://jftagro.com/th/dry-red-chilli-exporter.html,yes,yes,changed_existing_url,crawl_after_deploy
M,th/europe-trade.html,https://jftagro.com/th/europe-trade.html,yes,yes,changed_existing_url,crawl_after_deploy
??,th/export-documentation.html,https://jftagro.com/th/export-documentation.html,yes,yes,changed_existing_url,crawl_after_deploy
M,th/faq.html,https://jftagro.com/th/faq.html,yes,yes,changed_existing_url,crawl_after_deploy
M,th/fennel-seeds-sounff-exporter.html,https://jftagro.com/th/fennel-seeds-sounff-exporter.html,yes,yes,changed_existing_url,crawl_after_deploy
M,th/fenugreek-seeds-methi-exporter.html,https://jftagro.com/th/fenugreek-seeds-methi-exporter.html,yes,yes,changed_existing_url,crawl_after_deploy
M,th/galangal-root-exporter.html,https://jftagro.com/th/galangal-root-exporter.html,yes,yes,changed_existing_url,crawl_after_deploy
M,th/green-cardamom-exporter.html,https://jftagro.com/th/green-cardamom-exporter.html,yes,yes,changed_existing_url,crawl_after_deploy
M,th/green-millet-bajra-exporter.html,https://jftagro.com/th/green-millet-bajra-exporter.html,yes,yes,changed_existing_url,crawl_after_deploy
M,th/green-mung-beans-exporter.html,https://jftagro.com/th/green-mung-beans-exporter.html,yes,yes,changed_existing_url,crawl_after_deploy
M,th/grey-millet-exporter.html,https://jftagro.com/th/grey-millet-exporter.html,yes,yes,changed_existing_url,crawl_after_deploy
M,th/groundnut-oil-cake-exporter.html,https://jftagro.com/th/groundnut-oil-cake-exporter.html,yes,yes,changed_existing_url,crawl_after_deploy
M,th/groundnuts-peanuts-exporter.html,https://jftagro.com/th/groundnuts-peanuts-exporter.html,yes,yes,changed_existing_url,crawl_after_deploy
M,th/henna-leaves-exporter.html,https://jftagro.com/th/henna-leaves-exporter.html,yes,yes,changed_existing_url,crawl_after_deploy
M,th/henna-powder-exporter.html,https://jftagro.com/th/henna-powder-exporter.html,yes,yes,changed_existing_url,crawl_after_deploy
M,th/indian-raisins-kishmish-exporter.html,https://jftagro.com/th/indian-raisins-kishmish-exporter.html,yes,yes,changed_existing_url,crawl_after_deploy
M,th/infrastructure.html,https://jftagro.com/th/infrastructure.html,yes,yes,changed_existing_url,crawl_after_deploy
M,th/maida-refined-wheat-flour-exporter.html,https://jftagro.com/th/maida-refined-wheat-flour-exporter.html,yes,yes,changed_existing_url,crawl_after_deploy
M,th/maize-grits-exporter.html,https://jftagro.com/th/maize-grits-exporter.html,yes,yes,changed_existing_url,crawl_after_deploy
M,th/milling-wheat-exporter.html,https://jftagro.com/th/milling-wheat-exporter.html,yes,yes,changed_existing_url,crawl_after_deploy
M,th/moringa-leaves-exporter.html,https://jftagro.com/th/moringa-leaves-exporter.html,yes,yes,changed_existing_url,crawl_after_deploy
M,th/moringa-powder-exporter.html,https://jftagro.com/th/moringa-powder-exporter.html,yes,yes,changed_existing_url,crawl_after_deploy
M,th/mustard-seeds-powder-exporter.html,https://jftagro.com/th/mustard-seeds-powder-exporter.html,yes,yes,changed_existing_url,crawl_after_deploy
M,th/packing-calculator.html,https://jftagro.com/th/packing-calculator.html,yes,yes,changed_existing_url,crawl_after_deploy
M,th/port-transit-calculator.html,https://jftagro.com/th/port-transit-calculator.html,yes,yes,changed_existing_url,crawl_after_deploy
M,th/pr-11-rice-exporter.html,https://jftagro.com/th/pr-11-rice-exporter.html,yes,yes,changed_existing_url,crawl_after_deploy
M,th/products.html,https://jftagro.com/th/products.html,yes,yes,changed_existing_url,crawl_after_deploy
M,th/psyllium-husk-exporter.html,https://jftagro.com/th/psyllium-husk-exporter.html,yes,yes,changed_existing_url,crawl_after_deploy
M,th/quality-control.html,https://jftagro.com/th/quality-control.html,yes,yes,changed_existing_url,crawl_after_deploy
M,th/quote-calculator.html,https://jftagro.com/th/quote-calculator.html,yes,yes,changed_existing_url,crawl_after_deploy
M,th/red-millet-exporter.html,https://jftagro.com/th/red-millet-exporter.html,yes,yes,changed_existing_url,crawl_after_deploy
M,th/safflower-seeds-exporter.html,https://jftagro.com/th/safflower-seeds-exporter.html,yes,yes,changed_existing_url,crawl_after_deploy
M,th/samba-rice-exporter.html,https://jftagro.com/th/samba-rice-exporter.html,yes,yes,changed_existing_url,crawl_after_deploy
M,th/sample-request.html,https://jftagro.com/th/sample-request.html,yes,yes,changed_existing_url,crawl_after_deploy
M,th/semolina-sooji-rava-exporter.html,https://jftagro.com/th/semolina-sooji-rava-exporter.html,yes,yes,changed_existing_url,crawl_after_deploy
M,th/senna-leaves-exporter.html,https://jftagro.com/th/senna-leaves-exporter.html,yes,yes,changed_existing_url,crawl_after_deploy
M,th/senna-pods-exporter.html,https://jftagro.com/th/senna-pods-exporter.html,yes,yes,changed_existing_url,crawl_after_deploy
M,th/sesame-seeds-naturalhulled-exporter.html,https://jftagro.com/th/sesame-seeds-naturalhulled-exporter.html,yes,yes,changed_existing_url,crawl_after_deploy
M,th/shipment-tracker.html,https://jftagro.com/th/shipment-tracker.html,yes,yes,changed_existing_url,crawl_after_deploy
M,th/soya-bean-exporter.html,https://jftagro.com/th/soya-bean-exporter.html,yes,yes,changed_existing_url,crawl_after_deploy
M,th/soybean-meal-doc-exporter.html,https://jftagro.com/th/soybean-meal-doc-exporter.html,yes,yes,changed_existing_url,crawl_after_deploy
M,th/sugar-s30-supplier.html,https://jftagro.com/th/sugar-s30-supplier.html,yes,yes,changed_existing_url,crawl_after_deploy
M,th/sunflower-seeds-exporter.html,https://jftagro.com/th/sunflower-seeds-exporter.html,yes,yes,changed_existing_url,crawl_after_deploy
M,th/sunflower-seeds-in-shell-exporter.html,https://jftagro.com/th/sunflower-seeds-in-shell-exporter.html,yes,yes,changed_existing_url,crawl_after_deploy
M,th/tamarind-exporter.html,https://jftagro.com/th/tamarind-exporter.html,yes,yes,changed_existing_url,crawl_after_deploy
M,th/toor-dal-split-pigeon-pea-exporter.html,https://jftagro.com/th/toor-dal-split-pigeon-pea-exporter.html,yes,yes,changed_existing_url,crawl_after_deploy
M,th/turmeric-finger-exporter.html,https://jftagro.com/th/turmeric-finger-exporter.html,yes,yes,changed_existing_url,crawl_after_deploy
M,th/uae-trade.html,https://jftagro.com/th/uae-trade.html,yes,yes,changed_existing_url,crawl_after_deploy
M,th/whatsapp-catalog.html,https://jftagro.com/th/whatsapp-catalog.html,yes,yes,changed_existing_url,crawl_after_deploy
M,th/wheat-flour-chakki-fresh-atta-exporter.html,https://jftagro.com/th/wheat-flour-chakki-fresh-atta-exporter.html,yes,yes,changed_existing_url,crawl_after_deploy
M,th/wheat-grass-powder-exporter.html,https://jftagro.com/th/wheat-grass-powder-exporter.html,yes,yes,changed_existing_url,crawl_after_deploy
M,th/white-sorghum-jowar-exporter.html,https://jftagro.com/th/white-sorghum-jowar-exporter.html,yes,yes,changed_existing_url,crawl_after_deploy
M,th/whole-nutmeg-powder-exporter.html,https://jftagro.com/th/whole-nutmeg-powder-exporter.html,yes,yes,changed_existing_url,crawl_after_deploy
M,th/yellow-maize-corn-exporter.html,https://jftagro.com/th/yellow-maize-corn-exporter.html,yes,yes,changed_existing_url,crawl_after_deploy
M,th/yellow-peas-matar-exporter.html,https://jftagro.com/th/yellow-peas-matar-exporter.html,yes,yes,changed_existing_url,crawl_after_deploy
M,toor-dal-split-pigeon-pea-exporter.html,https://jftagro.com/toor-dal-split-pigeon-pea-exporter.html,yes,yes,changed_existing_url,crawl_after_deploy
M,turmeric-finger-exporter.html,https://jftagro.com/turmeric-finger-exporter.html,yes,yes,changed_existing_url,crawl_after_deploy
M,uae-trade.html,https://jftagro.com/uae-trade.html,yes,yes,changed_existing_url,crawl_after_deploy
M,vi/index.html,https://jftagro.com/vi/,yes,yes,changed_existing_url,crawl_after_deploy
M,vi/10-parboiled-rice-ir-64-exporter.html,https://jftagro.com/vi/10-parboiled-rice-ir-64-exporter.html,yes,yes,changed_existing_url,crawl_after_deploy
M,vi/100-broken-rice-exporter.html,https://jftagro.com/vi/100-broken-rice-exporter.html,yes,yes,changed_existing_url,crawl_after_deploy
M,vi/1121-basmati-rice-exporter.html,https://jftagro.com/vi/1121-basmati-rice-exporter.html,yes,yes,changed_existing_url,crawl_after_deploy
M,vi/1121-raw-basmati-rice-exporter.html,https://jftagro.com/vi/1121-raw-basmati-rice-exporter.html,yes,yes,changed_existing_url,crawl_after_deploy
M,vi/1121-steam-basmati-rice-exporter.html,https://jftagro.com/vi/1121-steam-basmati-rice-exporter.html,yes,yes,changed_existing_url,crawl_after_deploy
M,vi/1121-white-sella-basmati-exporter.html,https://jftagro.com/vi/1121-white-sella-basmati-exporter.html,yes,yes,changed_existing_url,crawl_after_deploy
M,vi/1401-golden-sella-basmati-exporter.html,https://jftagro.com/vi/1401-golden-sella-basmati-exporter.html,yes,yes,changed_existing_url,crawl_after_deploy
M,vi/1401-sella-basmati-rice-exporter.html,https://jftagro.com/vi/1401-sella-basmati-rice-exporter.html,yes,yes,changed_existing_url,crawl_after_deploy
M,vi/1401-steam-basmati-rice-exporter.html,https://jftagro.com/vi/1401-steam-basmati-rice-exporter.html,yes,yes,changed_existing_url,crawl_after_deploy
M,vi/1509-golden-sella-basmati-exporter.html,https://jftagro.com/vi/1509-golden-sella-basmati-exporter.html,yes,yes,changed_existing_url,crawl_after_deploy
M,vi/1509-steam-basmati-rice-exporter.html,https://jftagro.com/vi/1509-steam-basmati-rice-exporter.html,yes,yes,changed_existing_url,crawl_after_deploy
M,vi/1718-golden-sella-basmati-exporter.html,https://jftagro.com/vi/1718-golden-sella-basmati-exporter.html,yes,yes,changed_existing_url,crawl_after_deploy
M,vi/1718-steam-basmati-rice-exporter.html,https://jftagro.com/vi/1718-steam-basmati-rice-exporter.html,yes,yes,changed_existing_url,crawl_after_deploy
M,vi/25-silky-sortex-short-grain-exporter.html,https://jftagro.com/vi/25-silky-sortex-short-grain-exporter.html,yes,yes,changed_existing_url,crawl_after_deploy
M,vi/25-silky-sortex-white-exporter.html,https://jftagro.com/vi/25-silky-sortex-white-exporter.html,yes,yes,changed_existing_url,crawl_after_deploy
M,vi/5-parboiled-rice-ir-64-exporter.html,https://jftagro.com/vi/5-parboiled-rice-ir-64-exporter.html,yes,yes,changed_existing_url,crawl_after_deploy
M,vi/5-silky-sortex-short-grain-exporter.html,https://jftagro.com/vi/5-silky-sortex-short-grain-exporter.html,yes,yes,changed_existing_url,crawl_after_deploy
M,vi/5-silky-sortex-white-exporter.html,https://jftagro.com/vi/5-silky-sortex-white-exporter.html,yes,yes,changed_existing_url,crawl_after_deploy
M,vi/about.html,https://jftagro.com/vi/about.html,yes,yes,changed_existing_url,crawl_after_deploy
M,vi/africa-trade.html,https://jftagro.com/vi/africa-trade.html,yes,yes,changed_existing_url,crawl_after_deploy
M,vi/ajwain-seeds-powder-exporter.html,https://jftagro.com/vi/ajwain-seeds-powder-exporter.html,yes,yes,changed_existing_url,crawl_after_deploy
M,vi/akarkara-root-exporter.html,https://jftagro.com/vi/akarkara-root-exporter.html,yes,yes,changed_existing_url,crawl_after_deploy
M,vi/asaliya-seeds-exporter.html,https://jftagro.com/vi/asaliya-seeds-exporter.html,yes,yes,changed_existing_url,crawl_after_deploy
M,vi/asia-trade.html,https://jftagro.com/vi/asia-trade.html,yes,yes,changed_existing_url,crawl_after_deploy
M,vi/barley-seeds-exporter.html,https://jftagro.com/vi/barley-seeds-exporter.html,yes,yes,changed_existing_url,crawl_after_deploy
M,vi/basil-seeds-exporter.html,https://jftagro.com/vi/basil-seeds-exporter.html,yes,yes,changed_existing_url,crawl_after_deploy
M,vi/bay-leaf-exporter.html,https://jftagro.com/vi/bay-leaf-exporter.html,yes,yes,changed_existing_url,crawl_after_deploy
M,vi/black-cumin-seeds-nigella-exporter.html,https://jftagro.com/vi/black-cumin-seeds-nigella-exporter.html,yes,yes,changed_existing_url,crawl_after_deploy
M,vi/black-himaj-exporter.html,https://jftagro.com/vi/black-himaj-exporter.html,yes,yes,changed_existing_url,crawl_after_deploy
M,vi/black-pepper-powder-exporter.html,https://jftagro.com/vi/black-pepper-powder-exporter.html,yes,yes,changed_existing_url,crawl_after_deploy
M,vi/blog-apeda-registration-indian-exporter-explained.html,https://jftagro.com/vi/blog-apeda-registration-indian-exporter-explained.html,yes,yes,changed_existing_url,crawl_after_deploy
M,vi/blog-basmati-export-guide.html,https://jftagro.com/vi/blog-basmati-export-guide.html,yes,yes,changed_existing_url,crawl_after_deploy
M,vi/blog-bill-of-lading-explained-importers.html,https://jftagro.com/vi/blog-bill-of-lading-explained-importers.html,yes,yes,changed_existing_url,crawl_after_deploy
??,vi/blog-certificate-of-analysis-food-imports.html,https://jftagro.com/vi/blog-certificate-of-analysis-food-imports.html,yes,yes,changed_existing_url,crawl_after_deploy
M,vi/blog-cumin-jeera-price-outlook-2026.html,https://jftagro.com/vi/blog-cumin-jeera-price-outlook-2026.html,yes,yes,changed_existing_url,crawl_after_deploy
??,vi/blog-food-container-loading-inspection-checklist.html,https://jftagro.com/vi/blog-food-container-loading-inspection-checklist.html,yes,yes,changed_existing_url,crawl_after_deploy
M,vi/blog-green-mung-beans-export-india-2026.html,https://jftagro.com/vi/blog-green-mung-beans-export-india-2026.html,yes,yes,changed_existing_url,crawl_after_deploy
M,vi/blog-how-to-choose-indian-agro-exporter.html,https://jftagro.com/vi/blog-how-to-choose-indian-agro-exporter.html,yes,yes,changed_existing_url,crawl_after_deploy
M,vi/blog-how-to-export-india-to-africa.html,https://jftagro.com/vi/blog-how-to-export-india-to-africa.html,yes,yes,changed_existing_url,crawl_after_deploy
M,vi/blog-how-to-import-rice-nigeria-west-africa.html,https://jftagro.com/vi/blog-how-to-import-rice-nigeria-west-africa.html,yes,yes,changed_existing_url,crawl_after_deploy
M,vi/blog-how-to-read-proforma-invoice-india-export.html,https://jftagro.com/vi/blog-how-to-read-proforma-invoice-india-export.html,yes,yes,changed_existing_url,crawl_after_deploy
??,vi/blog-how-to-write-agro-commodity-purchase-specification.html,https://jftagro.com/vi/blog-how-to-write-agro-commodity-purchase-specification.html,yes,yes,changed_existing_url,crawl_after_deploy
M,vi/blog-import-duty-indian-rice-by-country.html,https://jftagro.com/vi/blog-import-duty-indian-rice-by-country.html,yes,yes,changed_existing_url,crawl_after_deploy
M,vi/blog-import-indian-agro-kenya-east-africa.html,https://jftagro.com/vi/blog-import-indian-agro-kenya-east-africa.html,yes,yes,changed_existing_url,crawl_after_deploy
M,vi/blog-india-rice-export-sri-lanka-bangladesh.html,https://jftagro.com/vi/blog-india-rice-export-sri-lanka-bangladesh.html,yes,yes,changed_existing_url,crawl_after_deploy
M,vi/blog-india-vs-thailand-rice-comparison.html,https://jftagro.com/vi/blog-india-vs-thailand-rice-comparison.html,yes,yes,changed_existing_url,crawl_after_deploy
M,vi/blog-ir64-export.html,https://jftagro.com/vi/blog-ir64-export.html,yes,yes,changed_existing_url,crawl_after_deploy
M,vi/blog-letter-of-credit-food-imports-india.html,https://jftagro.com/vi/blog-letter-of-credit-food-imports-india.html,yes,yes,changed_existing_url,crawl_after_deploy
M,vi/blog-psyllium-husk-export-india-2026.html,https://jftagro.com/vi/blog-psyllium-husk-export-india-2026.html,yes,yes,changed_existing_url,crawl_after_deploy
M,vi/blog-red-chilli-teja-export-india-2026.html,https://jftagro.com/vi/blog-red-chilli-teja-export-india-2026.html,yes,yes,changed_existing_url,crawl_after_deploy
M,vi/blog-sgs-inspection-indian-agro-exports.html,https://jftagro.com/vi/blog-sgs-inspection-indian-agro-exports.html,yes,yes,changed_existing_url,crawl_after_deploy
M,vi/blog-top-indian-agro-commodities-import-2026.html,https://jftagro.com/vi/blog-top-indian-agro-commodities-import-2026.html,yes,yes,changed_existing_url,crawl_after_deploy
M,vi/blog-turmeric-finger-export-india-2026.html,https://jftagro.com/vi/blog-turmeric-finger-export-india-2026.html,yes,yes,changed_existing_url,crawl_after_deploy
M,vi/blog-turmeric-market-outlook-2026.html,https://jftagro.com/vi/blog-turmeric-market-outlook-2026.html,yes,yes,changed_existing_url,crawl_after_deploy
M,vi/blog.html,https://jftagro.com/vi/blog.html,yes,yes,changed_existing_url,crawl_after_deploy
M,vi/buckwheat-exporter.html,https://jftagro.com/vi/buckwheat-exporter.html,yes,yes,changed_existing_url,crawl_after_deploy
??,vi/buyer-security.html,https://jftagro.com/vi/buyer-security.html,yes,yes,changed_existing_url,crawl_after_deploy
M,vi/cassia-tora-meal-exporter.html,https://jftagro.com/vi/cassia-tora-meal-exporter.html,yes,yes,changed_existing_url,crawl_after_deploy
M,vi/cassia-tora-seeds-exporter.html,https://jftagro.com/vi/cassia-tora-seeds-exporter.html,yes,yes,changed_existing_url,crawl_after_deploy
M,vi/celery-seeds-powder-exporter.html,https://jftagro.com/vi/celery-seeds-powder-exporter.html,yes,yes,changed_existing_url,crawl_after_deploy
M,vi/certificates.html,https://jftagro.com/vi/certificates.html,yes,yes,changed_existing_url,crawl_after_deploy
M,vi/chickpeas-kabuli-exporter.html,https://jftagro.com/vi/chickpeas-kabuli-exporter.html,yes,yes,changed_existing_url,crawl_after_deploy
M,vi/contact.html,https://jftagro.com/vi/contact.html,yes,yes,changed_existing_url,crawl_after_deploy
M,vi/coriander-seeds-exporter.html,https://jftagro.com/vi/coriander-seeds-exporter.html,yes,yes,changed_existing_url,crawl_after_deploy
M,vi/corn-flour-maize-flour-exporter.html,https://jftagro.com/vi/corn-flour-maize-flour-exporter.html,yes,yes,changed_existing_url,crawl_after_deploy
M,vi/corn-gluten-meal-exporter.html,https://jftagro.com/vi/corn-gluten-meal-exporter.html,yes,yes,changed_existing_url,crawl_after_deploy
M,vi/corn-starch-exporter.html,https://jftagro.com/vi/corn-starch-exporter.html,yes,yes,changed_existing_url,crawl_after_deploy
M,vi/cotton-seed-oil-cake-exporter.html,https://jftagro.com/vi/cotton-seed-oil-cake-exporter.html,yes,yes,changed_existing_url,crawl_after_deploy
M,vi/cumin-seeds-jeera-exporter.html,https://jftagro.com/vi/cumin-seeds-jeera-exporter.html,yes,yes,changed_existing_url,crawl_after_deploy
M,vi/curry-powder-exporter.html,https://jftagro.com/vi/curry-powder-exporter.html,yes,yes,changed_existing_url,crawl_after_deploy
M,vi/deoiled-rice-bran-dorb-exporter.html,https://jftagro.com/vi/deoiled-rice-bran-dorb-exporter.html,yes,yes,changed_existing_url,crawl_after_deploy
M,vi/dill-seeds-powder-exporter.html,https://jftagro.com/vi/dill-seeds-powder-exporter.html,yes,yes,changed_existing_url,crawl_after_deploy
M,vi/dry-ginger-powder-exporter.html,https://jftagro.com/vi/dry-ginger-powder-exporter.html,yes,yes,changed_existing_url,crawl_after_deploy
M,vi/dry-red-chilli-exporter.html,https://jftagro.com/vi/dry-red-chilli-exporter.html,yes,yes,changed_existing_url,crawl_after_deploy
M,vi/europe-trade.html,https://jftagro.com/vi/europe-trade.html,yes,yes,changed_existing_url,crawl_after_deploy
??,vi/export-documentation.html,https://jftagro.com/vi/export-documentation.html,yes,yes,changed_existing_url,crawl_after_deploy
M,vi/faq.html,https://jftagro.com/vi/faq.html,yes,yes,changed_existing_url,crawl_after_deploy
M,vi/fennel-seeds-sounff-exporter.html,https://jftagro.com/vi/fennel-seeds-sounff-exporter.html,yes,yes,changed_existing_url,crawl_after_deploy
M,vi/fenugreek-seeds-methi-exporter.html,https://jftagro.com/vi/fenugreek-seeds-methi-exporter.html,yes,yes,changed_existing_url,crawl_after_deploy
M,vi/galangal-root-exporter.html,https://jftagro.com/vi/galangal-root-exporter.html,yes,yes,changed_existing_url,crawl_after_deploy
M,vi/green-cardamom-exporter.html,https://jftagro.com/vi/green-cardamom-exporter.html,yes,yes,changed_existing_url,crawl_after_deploy
M,vi/green-millet-bajra-exporter.html,https://jftagro.com/vi/green-millet-bajra-exporter.html,yes,yes,changed_existing_url,crawl_after_deploy
M,vi/green-mung-beans-exporter.html,https://jftagro.com/vi/green-mung-beans-exporter.html,yes,yes,changed_existing_url,crawl_after_deploy
M,vi/grey-millet-exporter.html,https://jftagro.com/vi/grey-millet-exporter.html,yes,yes,changed_existing_url,crawl_after_deploy
M,vi/groundnut-oil-cake-exporter.html,https://jftagro.com/vi/groundnut-oil-cake-exporter.html,yes,yes,changed_existing_url,crawl_after_deploy
M,vi/groundnuts-peanuts-exporter.html,https://jftagro.com/vi/groundnuts-peanuts-exporter.html,yes,yes,changed_existing_url,crawl_after_deploy
M,vi/henna-leaves-exporter.html,https://jftagro.com/vi/henna-leaves-exporter.html,yes,yes,changed_existing_url,crawl_after_deploy
M,vi/henna-powder-exporter.html,https://jftagro.com/vi/henna-powder-exporter.html,yes,yes,changed_existing_url,crawl_after_deploy
M,vi/indian-raisins-kishmish-exporter.html,https://jftagro.com/vi/indian-raisins-kishmish-exporter.html,yes,yes,changed_existing_url,crawl_after_deploy
M,vi/infrastructure.html,https://jftagro.com/vi/infrastructure.html,yes,yes,changed_existing_url,crawl_after_deploy
M,vi/maida-refined-wheat-flour-exporter.html,https://jftagro.com/vi/maida-refined-wheat-flour-exporter.html,yes,yes,changed_existing_url,crawl_after_deploy
M,vi/maize-grits-exporter.html,https://jftagro.com/vi/maize-grits-exporter.html,yes,yes,changed_existing_url,crawl_after_deploy
M,vi/milling-wheat-exporter.html,https://jftagro.com/vi/milling-wheat-exporter.html,yes,yes,changed_existing_url,crawl_after_deploy
M,vi/moringa-leaves-exporter.html,https://jftagro.com/vi/moringa-leaves-exporter.html,yes,yes,changed_existing_url,crawl_after_deploy
M,vi/moringa-powder-exporter.html,https://jftagro.com/vi/moringa-powder-exporter.html,yes,yes,changed_existing_url,crawl_after_deploy
M,vi/mustard-seeds-powder-exporter.html,https://jftagro.com/vi/mustard-seeds-powder-exporter.html,yes,yes,changed_existing_url,crawl_after_deploy
M,vi/packing-calculator.html,https://jftagro.com/vi/packing-calculator.html,yes,yes,changed_existing_url,crawl_after_deploy
M,vi/port-transit-calculator.html,https://jftagro.com/vi/port-transit-calculator.html,yes,yes,changed_existing_url,crawl_after_deploy
M,vi/pr-11-rice-exporter.html,https://jftagro.com/vi/pr-11-rice-exporter.html,yes,yes,changed_existing_url,crawl_after_deploy
M,vi/products.html,https://jftagro.com/vi/products.html,yes,yes,changed_existing_url,crawl_after_deploy
M,vi/psyllium-husk-exporter.html,https://jftagro.com/vi/psyllium-husk-exporter.html,yes,yes,changed_existing_url,crawl_after_deploy
M,vi/quality-control.html,https://jftagro.com/vi/quality-control.html,yes,yes,changed_existing_url,crawl_after_deploy
M,vi/quote-calculator.html,https://jftagro.com/vi/quote-calculator.html,yes,yes,changed_existing_url,crawl_after_deploy
M,vi/red-millet-exporter.html,https://jftagro.com/vi/red-millet-exporter.html,yes,yes,changed_existing_url,crawl_after_deploy
M,vi/safflower-seeds-exporter.html,https://jftagro.com/vi/safflower-seeds-exporter.html,yes,yes,changed_existing_url,crawl_after_deploy
M,vi/samba-rice-exporter.html,https://jftagro.com/vi/samba-rice-exporter.html,yes,yes,changed_existing_url,crawl_after_deploy
M,vi/sample-request.html,https://jftagro.com/vi/sample-request.html,yes,yes,changed_existing_url,crawl_after_deploy
M,vi/semolina-sooji-rava-exporter.html,https://jftagro.com/vi/semolina-sooji-rava-exporter.html,yes,yes,changed_existing_url,crawl_after_deploy
M,vi/senna-leaves-exporter.html,https://jftagro.com/vi/senna-leaves-exporter.html,yes,yes,changed_existing_url,crawl_after_deploy
M,vi/senna-pods-exporter.html,https://jftagro.com/vi/senna-pods-exporter.html,yes,yes,changed_existing_url,crawl_after_deploy
M,vi/sesame-seeds-naturalhulled-exporter.html,https://jftagro.com/vi/sesame-seeds-naturalhulled-exporter.html,yes,yes,changed_existing_url,crawl_after_deploy
M,vi/shipment-tracker.html,https://jftagro.com/vi/shipment-tracker.html,yes,yes,changed_existing_url,crawl_after_deploy
M,vi/soya-bean-exporter.html,https://jftagro.com/vi/soya-bean-exporter.html,yes,yes,changed_existing_url,crawl_after_deploy
M,vi/soybean-meal-doc-exporter.html,https://jftagro.com/vi/soybean-meal-doc-exporter.html,yes,yes,changed_existing_url,crawl_after_deploy
M,vi/sugar-s30-supplier.html,https://jftagro.com/vi/sugar-s30-supplier.html,yes,yes,changed_existing_url,crawl_after_deploy
M,vi/sunflower-seeds-exporter.html,https://jftagro.com/vi/sunflower-seeds-exporter.html,yes,yes,changed_existing_url,crawl_after_deploy
M,vi/sunflower-seeds-in-shell-exporter.html,https://jftagro.com/vi/sunflower-seeds-in-shell-exporter.html,yes,yes,changed_existing_url,crawl_after_deploy
M,vi/tamarind-exporter.html,https://jftagro.com/vi/tamarind-exporter.html,yes,yes,changed_existing_url,crawl_after_deploy
M,vi/toor-dal-split-pigeon-pea-exporter.html,https://jftagro.com/vi/toor-dal-split-pigeon-pea-exporter.html,yes,yes,changed_existing_url,crawl_after_deploy
M,vi/turmeric-finger-exporter.html,https://jftagro.com/vi/turmeric-finger-exporter.html,yes,yes,changed_existing_url,crawl_after_deploy
M,vi/uae-trade.html,https://jftagro.com/vi/uae-trade.html,yes,yes,changed_existing_url,crawl_after_deploy
M,vi/whatsapp-catalog.html,https://jftagro.com/vi/whatsapp-catalog.html,yes,yes,changed_existing_url,crawl_after_deploy
M,vi/wheat-flour-chakki-fresh-atta-exporter.html,https://jftagro.com/vi/wheat-flour-chakki-fresh-atta-exporter.html,yes,yes,changed_existing_url,crawl_after_deploy
M,vi/wheat-grass-powder-exporter.html,https://jftagro.com/vi/wheat-grass-powder-exporter.html,yes,yes,changed_existing_url,crawl_after_deploy
M,vi/white-sorghum-jowar-exporter.html,https://jftagro.com/vi/white-sorghum-jowar-exporter.html,yes,yes,changed_existing_url,crawl_after_deploy
M,vi/whole-nutmeg-powder-exporter.html,https://jftagro.com/vi/whole-nutmeg-powder-exporter.html,yes,yes,changed_existing_url,crawl_after_deploy
M,vi/yellow-maize-corn-exporter.html,https://jftagro.com/vi/yellow-maize-corn-exporter.html,yes,yes,changed_existing_url,crawl_after_deploy
M,vi/yellow-peas-matar-exporter.html,https://jftagro.com/vi/yellow-peas-matar-exporter.html,yes,yes,changed_existing_url,crawl_after_deploy
M,whatsapp-catalog.html,https://jftagro.com/whatsapp-catalog.html,yes,yes,changed_existing_url,crawl_after_deploy
M,wheat-flour-chakki-fresh-atta-exporter.html,https://jftagro.com/wheat-flour-chakki-fresh-atta-exporter.html,yes,yes,changed_existing_url,crawl_after_deploy
M,wheat-grass-powder-exporter.html,https://jftagro.com/wheat-grass-powder-exporter.html,yes,yes,changed_existing_url,crawl_after_deploy
M,white-sorghum-jowar-exporter.html,https://jftagro.com/white-sorghum-jowar-exporter.html,yes,yes,changed_existing_url,crawl_after_deploy
M,whole-nutmeg-powder-exporter.html,https://jftagro.com/whole-nutmeg-powder-exporter.html,yes,yes,changed_existing_url,crawl_after_deploy
M,yellow-maize-corn-exporter.html,https://jftagro.com/yellow-maize-corn-exporter.html,yes,yes,changed_existing_url,crawl_after_deploy
M,yellow-peas-matar-exporter.html,https://jftagro.com/yellow-peas-matar-exporter.html,yes,yes,changed_existing_url,crawl_after_deploy
??,product-catalogue.html,https://jftagro.com/product-catalogue.html,yes,yes,new_url,crawl_after_deploy_then_submit
M,404.html,https://jftagro.com/404.html,no,no,nonindexable,deploy_no_index_submission
M,ar/404.html,https://jftagro.com/ar/404.html,no,no,nonindexable,deploy_no_index_submission
M,ar/blog-basmati-rice-import-uae-esma-standards.html,https://jftagro.com/ar/blog-basmati-rice-import-uae-esma-standards.html,no,no,nonindexable,deploy_no_index_submission
M,ar/blog-black-pepper-powder-export-india-2026.html,https://jftagro.com/ar/blog-black-pepper-powder-export-india-2026.html,no,no,nonindexable,deploy_no_index_submission
M,ar/blog-cif-fob-explained.html,https://jftagro.com/ar/blog-cif-fob-explained.html,no,no,nonindexable,deploy_no_index_submission
M,ar/blog-coriander-seeds-export-india-2026.html,https://jftagro.com/ar/blog-coriander-seeds-export-india-2026.html,no,no,nonindexable,deploy_no_index_submission
M,ar/blog-eu-mrl-basmati.html,https://jftagro.com/ar/blog-eu-mrl-basmati.html,no,no,nonindexable,deploy_no_index_submission
M,ar/blog-fennel-seeds-export-india-2026.html,https://jftagro.com/ar/blog-fennel-seeds-export-india-2026.html,no,no,nonindexable,deploy_no_index_submission
M,ar/blog-fenugreek-seeds-export-india-2026.html,https://jftagro.com/ar/blog-fenugreek-seeds-export-india-2026.html,no,no,nonindexable,deploy_no_index_submission
M,ar/blog-fssai-apeda-agmark-certifications-explained.html,https://jftagro.com/ar/blog-fssai-apeda-agmark-certifications-explained.html,no,no,nonindexable,deploy_no_index_submission
M,ar/blog-groundnut-peanut-export-india-2026.html,https://jftagro.com/ar/blog-groundnut-peanut-export-india-2026.html,no,no,nonindexable,deploy_no_index_submission
M,ar/blog-import-indian-spices-uk-europe.html,https://jftagro.com/ar/blog-import-indian-spices-uk-europe.html,no,no,nonindexable,deploy_no_index_submission
M,ar/blog-india-uae-cepa.html,https://jftagro.com/ar/blog-india-uae-cepa.html,no,no,nonindexable,deploy_no_index_submission
M,ar/blog-indian-spice-export-middle-east-gulf.html,https://jftagro.com/ar/blog-indian-spice-export-middle-east-gulf.html,no,no,nonindexable,deploy_no_index_submission
M,ar/blog-indian-white-rice-export-policy-2026-latest-updates.html,https://jftagro.com/ar/blog-indian-white-rice-export-policy-2026-latest-updates.html,no,no,nonindexable,deploy_no_index_submission
M,ar/blog-ir64-africa.html,https://jftagro.com/ar/blog-ir64-africa.html,no,no,nonindexable,deploy_no_index_submission
M,ar/blog-lc-vs-tt.html,https://jftagro.com/ar/blog-lc-vs-tt.html,no,no,nonindexable,deploy_no_index_submission
M,ar/blog-moringa-powder-export-india-2026.html,https://jftagro.com/ar/blog-moringa-powder-export-india-2026.html,no,no,nonindexable,deploy_no_index_submission
M,ar/blog-phytosanitary-certificate-india-exports.html,https://jftagro.com/ar/blog-phytosanitary-certificate-india-exports.html,no,no,nonindexable,deploy_no_index_submission
M,ar/blog-private-label-rice.html,https://jftagro.com/ar/blog-private-label-rice.html,no,no,nonindexable,deploy_no_index_submission
M,ar/blog-sesame-export-2026.html,https://jftagro.com/ar/blog-sesame-export-2026.html,no,no,nonindexable,deploy_no_index_submission
M,ar/blog-spice-trends-2026.html,https://jftagro.com/ar/blog-spice-trends-2026.html,no,no,nonindexable,deploy_no_index_submission
M,ar/blog-sugar-s30-export-india-2026.html,https://jftagro.com/ar/blog-sugar-s30-export-india-2026.html,no,no,nonindexable,deploy_no_index_submission
M,ar/blog-toor-dal-export-india-2026.html,https://jftagro.com/ar/blog-toor-dal-export-india-2026.html,no,no,nonindexable,deploy_no_index_submission
M,ar/blog-wheat-flour-atta-export-india-2026.html,https://jftagro.com/ar/blog-wheat-flour-atta-export-india-2026.html,no,no,nonindexable,deploy_no_index_submission
M,ar/blog-yellow-maize-export-india-2026.html,https://jftagro.com/ar/blog-yellow-maize-export-india-2026.html,no,no,nonindexable,deploy_no_index_submission
M,ar/legal.html,https://jftagro.com/ar/legal.html,no,no,nonindexable,deploy_no_index_submission
M,ar/privacy.html,https://jftagro.com/ar/privacy.html,no,no,nonindexable,deploy_no_index_submission
M,ar/terms.html,https://jftagro.com/ar/terms.html,no,no,nonindexable,deploy_no_index_submission
M,ar/thank-you.html,https://jftagro.com/ar/thank-you.html,no,no,nonindexable,deploy_no_index_submission
M,blog-cif-fob-explained.html,https://jftagro.com/blog-bill-of-lading-explained-importers.html,no,yes,nonindexable,deploy_no_index_submission
M,blog-india-uae-cepa.html,https://jftagro.com/blog-import-duty-indian-rice-by-country.html,no,yes,nonindexable,deploy_no_index_submission
M,blog-indian-white-rice-export-policy-2026-latest-updates.html,https://jftagro.com/blog-ir64-export.html,no,yes,nonindexable,deploy_no_index_submission
M,blog-ir64-africa.html,https://jftagro.com/blog-ir64-export.html,no,yes,nonindexable,deploy_no_index_submission
M,blog-eu-mrl-basmati.html,https://jftagro.com/blog-red-chilli-teja-export-india-2026.html,no,yes,nonindexable,deploy_no_index_submission
M,blog-toor-dal-export-india-2026.html,https://jftagro.com/blog-toor-dal-export-india-2026.html,no,no,nonindexable,deploy_no_index_submission
M,blog-spice-trends-2026.html,https://jftagro.com/blog-turmeric-finger-export-india-2026.html,no,yes,nonindexable,deploy_no_index_submission
M,es/404.html,https://jftagro.com/es/404.html,no,no,nonindexable,deploy_no_index_submission
M,es/blog-basmati-rice-import-uae-esma-standards.html,https://jftagro.com/es/blog-basmati-rice-import-uae-esma-standards.html,no,no,nonindexable,deploy_no_index_submission
M,es/blog-black-pepper-powder-export-india-2026.html,https://jftagro.com/es/blog-black-pepper-powder-export-india-2026.html,no,no,nonindexable,deploy_no_index_submission
M,es/blog-cif-fob-explained.html,https://jftagro.com/es/blog-cif-fob-explained.html,no,no,nonindexable,deploy_no_index_submission
M,es/blog-coriander-seeds-export-india-2026.html,https://jftagro.com/es/blog-coriander-seeds-export-india-2026.html,no,no,nonindexable,deploy_no_index_submission
M,es/blog-eu-mrl-basmati.html,https://jftagro.com/es/blog-eu-mrl-basmati.html,no,no,nonindexable,deploy_no_index_submission
M,es/blog-fennel-seeds-export-india-2026.html,https://jftagro.com/es/blog-fennel-seeds-export-india-2026.html,no,no,nonindexable,deploy_no_index_submission
M,es/blog-fenugreek-seeds-export-india-2026.html,https://jftagro.com/es/blog-fenugreek-seeds-export-india-2026.html,no,no,nonindexable,deploy_no_index_submission
M,es/blog-fssai-apeda-agmark-certifications-explained.html,https://jftagro.com/es/blog-fssai-apeda-agmark-certifications-explained.html,no,no,nonindexable,deploy_no_index_submission
M,es/blog-groundnut-peanut-export-india-2026.html,https://jftagro.com/es/blog-groundnut-peanut-export-india-2026.html,no,no,nonindexable,deploy_no_index_submission
M,es/blog-import-indian-spices-uk-europe.html,https://jftagro.com/es/blog-import-indian-spices-uk-europe.html,no,no,nonindexable,deploy_no_index_submission
M,es/blog-india-uae-cepa.html,https://jftagro.com/es/blog-india-uae-cepa.html,no,no,nonindexable,deploy_no_index_submission
M,es/blog-indian-spice-export-middle-east-gulf.html,https://jftagro.com/es/blog-indian-spice-export-middle-east-gulf.html,no,no,nonindexable,deploy_no_index_submission
M,es/blog-indian-white-rice-export-policy-2026-latest-updates.html,https://jftagro.com/es/blog-indian-white-rice-export-policy-2026-latest-updates.html,no,no,nonindexable,deploy_no_index_submission
M,es/blog-ir64-africa.html,https://jftagro.com/es/blog-ir64-africa.html,no,no,nonindexable,deploy_no_index_submission
M,es/blog-lc-vs-tt.html,https://jftagro.com/es/blog-lc-vs-tt.html,no,no,nonindexable,deploy_no_index_submission
M,es/blog-moringa-powder-export-india-2026.html,https://jftagro.com/es/blog-moringa-powder-export-india-2026.html,no,no,nonindexable,deploy_no_index_submission
M,es/blog-phytosanitary-certificate-india-exports.html,https://jftagro.com/es/blog-phytosanitary-certificate-india-exports.html,no,no,nonindexable,deploy_no_index_submission
M,es/blog-private-label-rice.html,https://jftagro.com/es/blog-private-label-rice.html,no,no,nonindexable,deploy_no_index_submission
M,es/blog-sesame-export-2026.html,https://jftagro.com/es/blog-sesame-export-2026.html,no,no,nonindexable,deploy_no_index_submission
M,es/blog-spice-trends-2026.html,https://jftagro.com/es/blog-spice-trends-2026.html,no,no,nonindexable,deploy_no_index_submission
M,es/blog-sugar-s30-export-india-2026.html,https://jftagro.com/es/blog-sugar-s30-export-india-2026.html,no,no,nonindexable,deploy_no_index_submission
M,es/blog-toor-dal-export-india-2026.html,https://jftagro.com/es/blog-toor-dal-export-india-2026.html,no,no,nonindexable,deploy_no_index_submission
M,es/blog-wheat-flour-atta-export-india-2026.html,https://jftagro.com/es/blog-wheat-flour-atta-export-india-2026.html,no,no,nonindexable,deploy_no_index_submission
M,es/blog-yellow-maize-export-india-2026.html,https://jftagro.com/es/blog-yellow-maize-export-india-2026.html,no,no,nonindexable,deploy_no_index_submission
M,es/legal.html,https://jftagro.com/es/legal.html,no,no,nonindexable,deploy_no_index_submission
M,es/privacy.html,https://jftagro.com/es/privacy.html,no,no,nonindexable,deploy_no_index_submission
M,es/terms.html,https://jftagro.com/es/terms.html,no,no,nonindexable,deploy_no_index_submission
M,es/thank-you.html,https://jftagro.com/es/thank-you.html,no,no,nonindexable,deploy_no_index_submission
M,fr/404.html,https://jftagro.com/fr/404.html,no,no,nonindexable,deploy_no_index_submission
M,fr/blog-basmati-rice-import-uae-esma-standards.html,https://jftagro.com/fr/blog-basmati-rice-import-uae-esma-standards.html,no,no,nonindexable,deploy_no_index_submission
M,fr/blog-black-pepper-powder-export-india-2026.html,https://jftagro.com/fr/blog-black-pepper-powder-export-india-2026.html,no,no,nonindexable,deploy_no_index_submission
M,fr/blog-cif-fob-explained.html,https://jftagro.com/fr/blog-cif-fob-explained.html,no,no,nonindexable,deploy_no_index_submission
M,fr/blog-coriander-seeds-export-india-2026.html,https://jftagro.com/fr/blog-coriander-seeds-export-india-2026.html,no,no,nonindexable,deploy_no_index_submission
M,fr/blog-eu-mrl-basmati.html,https://jftagro.com/fr/blog-eu-mrl-basmati.html,no,no,nonindexable,deploy_no_index_submission
M,fr/blog-fennel-seeds-export-india-2026.html,https://jftagro.com/fr/blog-fennel-seeds-export-india-2026.html,no,no,nonindexable,deploy_no_index_submission
M,fr/blog-fenugreek-seeds-export-india-2026.html,https://jftagro.com/fr/blog-fenugreek-seeds-export-india-2026.html,no,no,nonindexable,deploy_no_index_submission
M,fr/blog-fssai-apeda-agmark-certifications-explained.html,https://jftagro.com/fr/blog-fssai-apeda-agmark-certifications-explained.html,no,no,nonindexable,deploy_no_index_submission
M,fr/blog-groundnut-peanut-export-india-2026.html,https://jftagro.com/fr/blog-groundnut-peanut-export-india-2026.html,no,no,nonindexable,deploy_no_index_submission
M,fr/blog-import-indian-spices-uk-europe.html,https://jftagro.com/fr/blog-import-indian-spices-uk-europe.html,no,no,nonindexable,deploy_no_index_submission
M,fr/blog-india-uae-cepa.html,https://jftagro.com/fr/blog-india-uae-cepa.html,no,no,nonindexable,deploy_no_index_submission
M,fr/blog-indian-spice-export-middle-east-gulf.html,https://jftagro.com/fr/blog-indian-spice-export-middle-east-gulf.html,no,no,nonindexable,deploy_no_index_submission
M,fr/blog-indian-white-rice-export-policy-2026-latest-updates.html,https://jftagro.com/fr/blog-indian-white-rice-export-policy-2026-latest-updates.html,no,no,nonindexable,deploy_no_index_submission
M,fr/blog-ir64-africa.html,https://jftagro.com/fr/blog-ir64-africa.html,no,no,nonindexable,deploy_no_index_submission
M,fr/blog-lc-vs-tt.html,https://jftagro.com/fr/blog-lc-vs-tt.html,no,no,nonindexable,deploy_no_index_submission
M,fr/blog-moringa-powder-export-india-2026.html,https://jftagro.com/fr/blog-moringa-powder-export-india-2026.html,no,no,nonindexable,deploy_no_index_submission
M,fr/blog-phytosanitary-certificate-india-exports.html,https://jftagro.com/fr/blog-phytosanitary-certificate-india-exports.html,no,no,nonindexable,deploy_no_index_submission
M,fr/blog-private-label-rice.html,https://jftagro.com/fr/blog-private-label-rice.html,no,no,nonindexable,deploy_no_index_submission
M,fr/blog-sesame-export-2026.html,https://jftagro.com/fr/blog-sesame-export-2026.html,no,no,nonindexable,deploy_no_index_submission
M,fr/blog-spice-trends-2026.html,https://jftagro.com/fr/blog-spice-trends-2026.html,no,no,nonindexable,deploy_no_index_submission
M,fr/blog-sugar-s30-export-india-2026.html,https://jftagro.com/fr/blog-sugar-s30-export-india-2026.html,no,no,nonindexable,deploy_no_index_submission
M,fr/blog-toor-dal-export-india-2026.html,https://jftagro.com/fr/blog-toor-dal-export-india-2026.html,no,no,nonindexable,deploy_no_index_submission
M,fr/blog-wheat-flour-atta-export-india-2026.html,https://jftagro.com/fr/blog-wheat-flour-atta-export-india-2026.html,no,no,nonindexable,deploy_no_index_submission
M,fr/blog-yellow-maize-export-india-2026.html,https://jftagro.com/fr/blog-yellow-maize-export-india-2026.html,no,no,nonindexable,deploy_no_index_submission
M,fr/legal.html,https://jftagro.com/fr/legal.html,no,no,nonindexable,deploy_no_index_submission
M,fr/privacy.html,https://jftagro.com/fr/privacy.html,no,no,nonindexable,deploy_no_index_submission
M,fr/terms.html,https://jftagro.com/fr/terms.html,no,no,nonindexable,deploy_no_index_submission
M,fr/thank-you.html,https://jftagro.com/fr/thank-you.html,no,no,nonindexable,deploy_no_index_submission
M,id/404.html,https://jftagro.com/id/404.html,no,no,nonindexable,deploy_no_index_submission
M,id/blog-basmati-rice-import-uae-esma-standards.html,https://jftagro.com/id/blog-basmati-rice-import-uae-esma-standards.html,no,no,nonindexable,deploy_no_index_submission
M,id/blog-black-pepper-powder-export-india-2026.html,https://jftagro.com/id/blog-black-pepper-powder-export-india-2026.html,no,no,nonindexable,deploy_no_index_submission
M,id/blog-cif-fob-explained.html,https://jftagro.com/id/blog-cif-fob-explained.html,no,no,nonindexable,deploy_no_index_submission
M,id/blog-coriander-seeds-export-india-2026.html,https://jftagro.com/id/blog-coriander-seeds-export-india-2026.html,no,no,nonindexable,deploy_no_index_submission
M,id/blog-eu-mrl-basmati.html,https://jftagro.com/id/blog-eu-mrl-basmati.html,no,no,nonindexable,deploy_no_index_submission
M,id/blog-fennel-seeds-export-india-2026.html,https://jftagro.com/id/blog-fennel-seeds-export-india-2026.html,no,no,nonindexable,deploy_no_index_submission
M,id/blog-fenugreek-seeds-export-india-2026.html,https://jftagro.com/id/blog-fenugreek-seeds-export-india-2026.html,no,no,nonindexable,deploy_no_index_submission
M,id/blog-fssai-apeda-agmark-certifications-explained.html,https://jftagro.com/id/blog-fssai-apeda-agmark-certifications-explained.html,no,no,nonindexable,deploy_no_index_submission
M,id/blog-groundnut-peanut-export-india-2026.html,https://jftagro.com/id/blog-groundnut-peanut-export-india-2026.html,no,no,nonindexable,deploy_no_index_submission
M,id/blog-import-indian-spices-uk-europe.html,https://jftagro.com/id/blog-import-indian-spices-uk-europe.html,no,no,nonindexable,deploy_no_index_submission
M,id/blog-india-uae-cepa.html,https://jftagro.com/id/blog-india-uae-cepa.html,no,no,nonindexable,deploy_no_index_submission
M,id/blog-indian-spice-export-middle-east-gulf.html,https://jftagro.com/id/blog-indian-spice-export-middle-east-gulf.html,no,no,nonindexable,deploy_no_index_submission
M,id/blog-indian-white-rice-export-policy-2026-latest-updates.html,https://jftagro.com/id/blog-indian-white-rice-export-policy-2026-latest-updates.html,no,no,nonindexable,deploy_no_index_submission
M,id/blog-ir64-africa.html,https://jftagro.com/id/blog-ir64-africa.html,no,no,nonindexable,deploy_no_index_submission
M,id/blog-lc-vs-tt.html,https://jftagro.com/id/blog-lc-vs-tt.html,no,no,nonindexable,deploy_no_index_submission
M,id/blog-moringa-powder-export-india-2026.html,https://jftagro.com/id/blog-moringa-powder-export-india-2026.html,no,no,nonindexable,deploy_no_index_submission
M,id/blog-phytosanitary-certificate-india-exports.html,https://jftagro.com/id/blog-phytosanitary-certificate-india-exports.html,no,no,nonindexable,deploy_no_index_submission
M,id/blog-private-label-rice.html,https://jftagro.com/id/blog-private-label-rice.html,no,no,nonindexable,deploy_no_index_submission
M,id/blog-sesame-export-2026.html,https://jftagro.com/id/blog-sesame-export-2026.html,no,no,nonindexable,deploy_no_index_submission
M,id/blog-spice-trends-2026.html,https://jftagro.com/id/blog-spice-trends-2026.html,no,no,nonindexable,deploy_no_index_submission
M,id/blog-sugar-s30-export-india-2026.html,https://jftagro.com/id/blog-sugar-s30-export-india-2026.html,no,no,nonindexable,deploy_no_index_submission
M,id/blog-toor-dal-export-india-2026.html,https://jftagro.com/id/blog-toor-dal-export-india-2026.html,no,no,nonindexable,deploy_no_index_submission
M,id/blog-wheat-flour-atta-export-india-2026.html,https://jftagro.com/id/blog-wheat-flour-atta-export-india-2026.html,no,no,nonindexable,deploy_no_index_submission
M,id/blog-yellow-maize-export-india-2026.html,https://jftagro.com/id/blog-yellow-maize-export-india-2026.html,no,no,nonindexable,deploy_no_index_submission
M,id/legal.html,https://jftagro.com/id/legal.html,no,no,nonindexable,deploy_no_index_submission
M,id/privacy.html,https://jftagro.com/id/privacy.html,no,no,nonindexable,deploy_no_index_submission
M,id/terms.html,https://jftagro.com/id/terms.html,no,no,nonindexable,deploy_no_index_submission
M,id/thank-you.html,https://jftagro.com/id/thank-you.html,no,no,nonindexable,deploy_no_index_submission
M,ms/404.html,https://jftagro.com/ms/404.html,no,no,nonindexable,deploy_no_index_submission
M,ms/blog-basmati-rice-import-uae-esma-standards.html,https://jftagro.com/ms/blog-basmati-rice-import-uae-esma-standards.html,no,no,nonindexable,deploy_no_index_submission
M,ms/blog-black-pepper-powder-export-india-2026.html,https://jftagro.com/ms/blog-black-pepper-powder-export-india-2026.html,no,no,nonindexable,deploy_no_index_submission
M,ms/blog-cif-fob-explained.html,https://jftagro.com/ms/blog-cif-fob-explained.html,no,no,nonindexable,deploy_no_index_submission
M,ms/blog-coriander-seeds-export-india-2026.html,https://jftagro.com/ms/blog-coriander-seeds-export-india-2026.html,no,no,nonindexable,deploy_no_index_submission
M,ms/blog-eu-mrl-basmati.html,https://jftagro.com/ms/blog-eu-mrl-basmati.html,no,no,nonindexable,deploy_no_index_submission
M,ms/blog-fennel-seeds-export-india-2026.html,https://jftagro.com/ms/blog-fennel-seeds-export-india-2026.html,no,no,nonindexable,deploy_no_index_submission
M,ms/blog-fenugreek-seeds-export-india-2026.html,https://jftagro.com/ms/blog-fenugreek-seeds-export-india-2026.html,no,no,nonindexable,deploy_no_index_submission
M,ms/blog-fssai-apeda-agmark-certifications-explained.html,https://jftagro.com/ms/blog-fssai-apeda-agmark-certifications-explained.html,no,no,nonindexable,deploy_no_index_submission
M,ms/blog-groundnut-peanut-export-india-2026.html,https://jftagro.com/ms/blog-groundnut-peanut-export-india-2026.html,no,no,nonindexable,deploy_no_index_submission
M,ms/blog-import-indian-spices-uk-europe.html,https://jftagro.com/ms/blog-import-indian-spices-uk-europe.html,no,no,nonindexable,deploy_no_index_submission
M,ms/blog-india-uae-cepa.html,https://jftagro.com/ms/blog-india-uae-cepa.html,no,no,nonindexable,deploy_no_index_submission
M,ms/blog-indian-spice-export-middle-east-gulf.html,https://jftagro.com/ms/blog-indian-spice-export-middle-east-gulf.html,no,no,nonindexable,deploy_no_index_submission
M,ms/blog-indian-white-rice-export-policy-2026-latest-updates.html,https://jftagro.com/ms/blog-indian-white-rice-export-policy-2026-latest-updates.html,no,no,nonindexable,deploy_no_index_submission
M,ms/blog-ir64-africa.html,https://jftagro.com/ms/blog-ir64-africa.html,no,no,nonindexable,deploy_no_index_submission
M,ms/blog-lc-vs-tt.html,https://jftagro.com/ms/blog-lc-vs-tt.html,no,no,nonindexable,deploy_no_index_submission
M,ms/blog-moringa-powder-export-india-2026.html,https://jftagro.com/ms/blog-moringa-powder-export-india-2026.html,no,no,nonindexable,deploy_no_index_submission
M,ms/blog-phytosanitary-certificate-india-exports.html,https://jftagro.com/ms/blog-phytosanitary-certificate-india-exports.html,no,no,nonindexable,deploy_no_index_submission
M,ms/blog-private-label-rice.html,https://jftagro.com/ms/blog-private-label-rice.html,no,no,nonindexable,deploy_no_index_submission
M,ms/blog-sesame-export-2026.html,https://jftagro.com/ms/blog-sesame-export-2026.html,no,no,nonindexable,deploy_no_index_submission
M,ms/blog-spice-trends-2026.html,https://jftagro.com/ms/blog-spice-trends-2026.html,no,no,nonindexable,deploy_no_index_submission
M,ms/blog-sugar-s30-export-india-2026.html,https://jftagro.com/ms/blog-sugar-s30-export-india-2026.html,no,no,nonindexable,deploy_no_index_submission
M,ms/blog-toor-dal-export-india-2026.html,https://jftagro.com/ms/blog-toor-dal-export-india-2026.html,no,no,nonindexable,deploy_no_index_submission
M,ms/blog-wheat-flour-atta-export-india-2026.html,https://jftagro.com/ms/blog-wheat-flour-atta-export-india-2026.html,no,no,nonindexable,deploy_no_index_submission
M,ms/blog-yellow-maize-export-india-2026.html,https://jftagro.com/ms/blog-yellow-maize-export-india-2026.html,no,no,nonindexable,deploy_no_index_submission
M,ms/legal.html,https://jftagro.com/ms/legal.html,no,no,nonindexable,deploy_no_index_submission
M,ms/privacy.html,https://jftagro.com/ms/privacy.html,no,no,nonindexable,deploy_no_index_submission
M,ms/terms.html,https://jftagro.com/ms/terms.html,no,no,nonindexable,deploy_no_index_submission
M,ms/thank-you.html,https://jftagro.com/ms/thank-you.html,no,no,nonindexable,deploy_no_index_submission
M,pt/404.html,https://jftagro.com/pt/404.html,no,no,nonindexable,deploy_no_index_submission
M,pt/blog-basmati-rice-import-uae-esma-standards.html,https://jftagro.com/pt/blog-basmati-rice-import-uae-esma-standards.html,no,no,nonindexable,deploy_no_index_submission
M,pt/blog-black-pepper-powder-export-india-2026.html,https://jftagro.com/pt/blog-black-pepper-powder-export-india-2026.html,no,no,nonindexable,deploy_no_index_submission
M,pt/blog-cif-fob-explained.html,https://jftagro.com/pt/blog-cif-fob-explained.html,no,no,nonindexable,deploy_no_index_submission
M,pt/blog-coriander-seeds-export-india-2026.html,https://jftagro.com/pt/blog-coriander-seeds-export-india-2026.html,no,no,nonindexable,deploy_no_index_submission
M,pt/blog-eu-mrl-basmati.html,https://jftagro.com/pt/blog-eu-mrl-basmati.html,no,no,nonindexable,deploy_no_index_submission
M,pt/blog-fennel-seeds-export-india-2026.html,https://jftagro.com/pt/blog-fennel-seeds-export-india-2026.html,no,no,nonindexable,deploy_no_index_submission
M,pt/blog-fenugreek-seeds-export-india-2026.html,https://jftagro.com/pt/blog-fenugreek-seeds-export-india-2026.html,no,no,nonindexable,deploy_no_index_submission
M,pt/blog-fssai-apeda-agmark-certifications-explained.html,https://jftagro.com/pt/blog-fssai-apeda-agmark-certifications-explained.html,no,no,nonindexable,deploy_no_index_submission
M,pt/blog-groundnut-peanut-export-india-2026.html,https://jftagro.com/pt/blog-groundnut-peanut-export-india-2026.html,no,no,nonindexable,deploy_no_index_submission
M,pt/blog-import-indian-spices-uk-europe.html,https://jftagro.com/pt/blog-import-indian-spices-uk-europe.html,no,no,nonindexable,deploy_no_index_submission
M,pt/blog-india-uae-cepa.html,https://jftagro.com/pt/blog-india-uae-cepa.html,no,no,nonindexable,deploy_no_index_submission
M,pt/blog-indian-spice-export-middle-east-gulf.html,https://jftagro.com/pt/blog-indian-spice-export-middle-east-gulf.html,no,no,nonindexable,deploy_no_index_submission
M,pt/blog-indian-white-rice-export-policy-2026-latest-updates.html,https://jftagro.com/pt/blog-indian-white-rice-export-policy-2026-latest-updates.html,no,no,nonindexable,deploy_no_index_submission
M,pt/blog-ir64-africa.html,https://jftagro.com/pt/blog-ir64-africa.html,no,no,nonindexable,deploy_no_index_submission
M,pt/blog-lc-vs-tt.html,https://jftagro.com/pt/blog-lc-vs-tt.html,no,no,nonindexable,deploy_no_index_submission
M,pt/blog-moringa-powder-export-india-2026.html,https://jftagro.com/pt/blog-moringa-powder-export-india-2026.html,no,no,nonindexable,deploy_no_index_submission
M,pt/blog-phytosanitary-certificate-india-exports.html,https://jftagro.com/pt/blog-phytosanitary-certificate-india-exports.html,no,no,nonindexable,deploy_no_index_submission
M,pt/blog-private-label-rice.html,https://jftagro.com/pt/blog-private-label-rice.html,no,no,nonindexable,deploy_no_index_submission
M,pt/blog-sesame-export-2026.html,https://jftagro.com/pt/blog-sesame-export-2026.html,no,no,nonindexable,deploy_no_index_submission
M,pt/blog-spice-trends-2026.html,https://jftagro.com/pt/blog-spice-trends-2026.html,no,no,nonindexable,deploy_no_index_submission
M,pt/blog-sugar-s30-export-india-2026.html,https://jftagro.com/pt/blog-sugar-s30-export-india-2026.html,no,no,nonindexable,deploy_no_index_submission
M,pt/blog-toor-dal-export-india-2026.html,https://jftagro.com/pt/blog-toor-dal-export-india-2026.html,no,no,nonindexable,deploy_no_index_submission
M,pt/blog-wheat-flour-atta-export-india-2026.html,https://jftagro.com/pt/blog-wheat-flour-atta-export-india-2026.html,no,no,nonindexable,deploy_no_index_submission
M,pt/blog-yellow-maize-export-india-2026.html,https://jftagro.com/pt/blog-yellow-maize-export-india-2026.html,no,no,nonindexable,deploy_no_index_submission
M,pt/legal.html,https://jftagro.com/pt/legal.html,no,no,nonindexable,deploy_no_index_submission
M,pt/privacy.html,https://jftagro.com/pt/privacy.html,no,no,nonindexable,deploy_no_index_submission
M,pt/terms.html,https://jftagro.com/pt/terms.html,no,no,nonindexable,deploy_no_index_submission
M,pt/thank-you.html,https://jftagro.com/pt/thank-you.html,no,no,nonindexable,deploy_no_index_submission
M,ru/404.html,https://jftagro.com/ru/404.html,no,no,nonindexable,deploy_no_index_submission
M,ru/blog-basmati-rice-import-uae-esma-standards.html,https://jftagro.com/ru/blog-basmati-rice-import-uae-esma-standards.html,no,no,nonindexable,deploy_no_index_submission
M,ru/blog-black-pepper-powder-export-india-2026.html,https://jftagro.com/ru/blog-black-pepper-powder-export-india-2026.html,no,no,nonindexable,deploy_no_index_submission
M,ru/blog-cif-fob-explained.html,https://jftagro.com/ru/blog-cif-fob-explained.html,no,no,nonindexable,deploy_no_index_submission
M,ru/blog-coriander-seeds-export-india-2026.html,https://jftagro.com/ru/blog-coriander-seeds-export-india-2026.html,no,no,nonindexable,deploy_no_index_submission
M,ru/blog-eu-mrl-basmati.html,https://jftagro.com/ru/blog-eu-mrl-basmati.html,no,no,nonindexable,deploy_no_index_submission
M,ru/blog-fennel-seeds-export-india-2026.html,https://jftagro.com/ru/blog-fennel-seeds-export-india-2026.html,no,no,nonindexable,deploy_no_index_submission
M,ru/blog-fenugreek-seeds-export-india-2026.html,https://jftagro.com/ru/blog-fenugreek-seeds-export-india-2026.html,no,no,nonindexable,deploy_no_index_submission
M,ru/blog-fssai-apeda-agmark-certifications-explained.html,https://jftagro.com/ru/blog-fssai-apeda-agmark-certifications-explained.html,no,no,nonindexable,deploy_no_index_submission
M,ru/blog-groundnut-peanut-export-india-2026.html,https://jftagro.com/ru/blog-groundnut-peanut-export-india-2026.html,no,no,nonindexable,deploy_no_index_submission
M,ru/blog-import-indian-spices-uk-europe.html,https://jftagro.com/ru/blog-import-indian-spices-uk-europe.html,no,no,nonindexable,deploy_no_index_submission
M,ru/blog-india-uae-cepa.html,https://jftagro.com/ru/blog-india-uae-cepa.html,no,no,nonindexable,deploy_no_index_submission
M,ru/blog-indian-spice-export-middle-east-gulf.html,https://jftagro.com/ru/blog-indian-spice-export-middle-east-gulf.html,no,no,nonindexable,deploy_no_index_submission
M,ru/blog-indian-white-rice-export-policy-2026-latest-updates.html,https://jftagro.com/ru/blog-indian-white-rice-export-policy-2026-latest-updates.html,no,no,nonindexable,deploy_no_index_submission
M,ru/blog-ir64-africa.html,https://jftagro.com/ru/blog-ir64-africa.html,no,no,nonindexable,deploy_no_index_submission
M,ru/blog-lc-vs-tt.html,https://jftagro.com/ru/blog-lc-vs-tt.html,no,no,nonindexable,deploy_no_index_submission
M,ru/blog-moringa-powder-export-india-2026.html,https://jftagro.com/ru/blog-moringa-powder-export-india-2026.html,no,no,nonindexable,deploy_no_index_submission
M,ru/blog-phytosanitary-certificate-india-exports.html,https://jftagro.com/ru/blog-phytosanitary-certificate-india-exports.html,no,no,nonindexable,deploy_no_index_submission
M,ru/blog-private-label-rice.html,https://jftagro.com/ru/blog-private-label-rice.html,no,no,nonindexable,deploy_no_index_submission
M,ru/blog-sesame-export-2026.html,https://jftagro.com/ru/blog-sesame-export-2026.html,no,no,nonindexable,deploy_no_index_submission
M,ru/blog-spice-trends-2026.html,https://jftagro.com/ru/blog-spice-trends-2026.html,no,no,nonindexable,deploy_no_index_submission
M,ru/blog-sugar-s30-export-india-2026.html,https://jftagro.com/ru/blog-sugar-s30-export-india-2026.html,no,no,nonindexable,deploy_no_index_submission
M,ru/blog-toor-dal-export-india-2026.html,https://jftagro.com/ru/blog-toor-dal-export-india-2026.html,no,no,nonindexable,deploy_no_index_submission
M,ru/blog-wheat-flour-atta-export-india-2026.html,https://jftagro.com/ru/blog-wheat-flour-atta-export-india-2026.html,no,no,nonindexable,deploy_no_index_submission
M,ru/blog-yellow-maize-export-india-2026.html,https://jftagro.com/ru/blog-yellow-maize-export-india-2026.html,no,no,nonindexable,deploy_no_index_submission
M,ru/legal.html,https://jftagro.com/ru/legal.html,no,no,nonindexable,deploy_no_index_submission
M,ru/privacy.html,https://jftagro.com/ru/privacy.html,no,no,nonindexable,deploy_no_index_submission
M,ru/terms.html,https://jftagro.com/ru/terms.html,no,no,nonindexable,deploy_no_index_submission
M,ru/thank-you.html,https://jftagro.com/ru/thank-you.html,no,no,nonindexable,deploy_no_index_submission
M,si/404.html,https://jftagro.com/si/404.html,no,no,nonindexable,deploy_no_index_submission
M,si/blog-basmati-rice-import-uae-esma-standards.html,https://jftagro.com/si/blog-basmati-rice-import-uae-esma-standards.html,no,no,nonindexable,deploy_no_index_submission
M,si/blog-black-pepper-powder-export-india-2026.html,https://jftagro.com/si/blog-black-pepper-powder-export-india-2026.html,no,no,nonindexable,deploy_no_index_submission
M,si/blog-cif-fob-explained.html,https://jftagro.com/si/blog-cif-fob-explained.html,no,no,nonindexable,deploy_no_index_submission
M,si/blog-coriander-seeds-export-india-2026.html,https://jftagro.com/si/blog-coriander-seeds-export-india-2026.html,no,no,nonindexable,deploy_no_index_submission
M,si/blog-eu-mrl-basmati.html,https://jftagro.com/si/blog-eu-mrl-basmati.html,no,no,nonindexable,deploy_no_index_submission
M,si/blog-fennel-seeds-export-india-2026.html,https://jftagro.com/si/blog-fennel-seeds-export-india-2026.html,no,no,nonindexable,deploy_no_index_submission
M,si/blog-fenugreek-seeds-export-india-2026.html,https://jftagro.com/si/blog-fenugreek-seeds-export-india-2026.html,no,no,nonindexable,deploy_no_index_submission
M,si/blog-fssai-apeda-agmark-certifications-explained.html,https://jftagro.com/si/blog-fssai-apeda-agmark-certifications-explained.html,no,no,nonindexable,deploy_no_index_submission
M,si/blog-groundnut-peanut-export-india-2026.html,https://jftagro.com/si/blog-groundnut-peanut-export-india-2026.html,no,no,nonindexable,deploy_no_index_submission
M,si/blog-import-indian-spices-uk-europe.html,https://jftagro.com/si/blog-import-indian-spices-uk-europe.html,no,no,nonindexable,deploy_no_index_submission
M,si/blog-india-uae-cepa.html,https://jftagro.com/si/blog-india-uae-cepa.html,no,no,nonindexable,deploy_no_index_submission
M,si/blog-indian-spice-export-middle-east-gulf.html,https://jftagro.com/si/blog-indian-spice-export-middle-east-gulf.html,no,no,nonindexable,deploy_no_index_submission
M,si/blog-indian-white-rice-export-policy-2026-latest-updates.html,https://jftagro.com/si/blog-indian-white-rice-export-policy-2026-latest-updates.html,no,no,nonindexable,deploy_no_index_submission
M,si/blog-ir64-africa.html,https://jftagro.com/si/blog-ir64-africa.html,no,no,nonindexable,deploy_no_index_submission
M,si/blog-lc-vs-tt.html,https://jftagro.com/si/blog-lc-vs-tt.html,no,no,nonindexable,deploy_no_index_submission
M,si/blog-moringa-powder-export-india-2026.html,https://jftagro.com/si/blog-moringa-powder-export-india-2026.html,no,no,nonindexable,deploy_no_index_submission
M,si/blog-phytosanitary-certificate-india-exports.html,https://jftagro.com/si/blog-phytosanitary-certificate-india-exports.html,no,no,nonindexable,deploy_no_index_submission
M,si/blog-private-label-rice.html,https://jftagro.com/si/blog-private-label-rice.html,no,no,nonindexable,deploy_no_index_submission
M,si/blog-sesame-export-2026.html,https://jftagro.com/si/blog-sesame-export-2026.html,no,no,nonindexable,deploy_no_index_submission
M,si/blog-spice-trends-2026.html,https://jftagro.com/si/blog-spice-trends-2026.html,no,no,nonindexable,deploy_no_index_submission
M,si/blog-sugar-s30-export-india-2026.html,https://jftagro.com/si/blog-sugar-s30-export-india-2026.html,no,no,nonindexable,deploy_no_index_submission
M,si/blog-toor-dal-export-india-2026.html,https://jftagro.com/si/blog-toor-dal-export-india-2026.html,no,no,nonindexable,deploy_no_index_submission
M,si/blog-wheat-flour-atta-export-india-2026.html,https://jftagro.com/si/blog-wheat-flour-atta-export-india-2026.html,no,no,nonindexable,deploy_no_index_submission
M,si/blog-yellow-maize-export-india-2026.html,https://jftagro.com/si/blog-yellow-maize-export-india-2026.html,no,no,nonindexable,deploy_no_index_submission
M,si/legal.html,https://jftagro.com/si/legal.html,no,no,nonindexable,deploy_no_index_submission
M,si/privacy.html,https://jftagro.com/si/privacy.html,no,no,nonindexable,deploy_no_index_submission
M,si/terms.html,https://jftagro.com/si/terms.html,no,no,nonindexable,deploy_no_index_submission
M,si/thank-you.html,https://jftagro.com/si/thank-you.html,no,no,nonindexable,deploy_no_index_submission
M,th/404.html,https://jftagro.com/th/404.html,no,no,nonindexable,deploy_no_index_submission
M,th/blog-basmati-rice-import-uae-esma-standards.html,https://jftagro.com/th/blog-basmati-rice-import-uae-esma-standards.html,no,no,nonindexable,deploy_no_index_submission
M,th/blog-black-pepper-powder-export-india-2026.html,https://jftagro.com/th/blog-black-pepper-powder-export-india-2026.html,no,no,nonindexable,deploy_no_index_submission
M,th/blog-cif-fob-explained.html,https://jftagro.com/th/blog-cif-fob-explained.html,no,no,nonindexable,deploy_no_index_submission
M,th/blog-coriander-seeds-export-india-2026.html,https://jftagro.com/th/blog-coriander-seeds-export-india-2026.html,no,no,nonindexable,deploy_no_index_submission
M,th/blog-eu-mrl-basmati.html,https://jftagro.com/th/blog-eu-mrl-basmati.html,no,no,nonindexable,deploy_no_index_submission
M,th/blog-fennel-seeds-export-india-2026.html,https://jftagro.com/th/blog-fennel-seeds-export-india-2026.html,no,no,nonindexable,deploy_no_index_submission
M,th/blog-fenugreek-seeds-export-india-2026.html,https://jftagro.com/th/blog-fenugreek-seeds-export-india-2026.html,no,no,nonindexable,deploy_no_index_submission
M,th/blog-fssai-apeda-agmark-certifications-explained.html,https://jftagro.com/th/blog-fssai-apeda-agmark-certifications-explained.html,no,no,nonindexable,deploy_no_index_submission
M,th/blog-groundnut-peanut-export-india-2026.html,https://jftagro.com/th/blog-groundnut-peanut-export-india-2026.html,no,no,nonindexable,deploy_no_index_submission
M,th/blog-import-indian-spices-uk-europe.html,https://jftagro.com/th/blog-import-indian-spices-uk-europe.html,no,no,nonindexable,deploy_no_index_submission
M,th/blog-india-uae-cepa.html,https://jftagro.com/th/blog-india-uae-cepa.html,no,no,nonindexable,deploy_no_index_submission
M,th/blog-indian-spice-export-middle-east-gulf.html,https://jftagro.com/th/blog-indian-spice-export-middle-east-gulf.html,no,no,nonindexable,deploy_no_index_submission
M,th/blog-indian-white-rice-export-policy-2026-latest-updates.html,https://jftagro.com/th/blog-indian-white-rice-export-policy-2026-latest-updates.html,no,no,nonindexable,deploy_no_index_submission
M,th/blog-ir64-africa.html,https://jftagro.com/th/blog-ir64-africa.html,no,no,nonindexable,deploy_no_index_submission
M,th/blog-lc-vs-tt.html,https://jftagro.com/th/blog-lc-vs-tt.html,no,no,nonindexable,deploy_no_index_submission
M,th/blog-moringa-powder-export-india-2026.html,https://jftagro.com/th/blog-moringa-powder-export-india-2026.html,no,no,nonindexable,deploy_no_index_submission
M,th/blog-phytosanitary-certificate-india-exports.html,https://jftagro.com/th/blog-phytosanitary-certificate-india-exports.html,no,no,nonindexable,deploy_no_index_submission
M,th/blog-private-label-rice.html,https://jftagro.com/th/blog-private-label-rice.html,no,no,nonindexable,deploy_no_index_submission
M,th/blog-sesame-export-2026.html,https://jftagro.com/th/blog-sesame-export-2026.html,no,no,nonindexable,deploy_no_index_submission
M,th/blog-spice-trends-2026.html,https://jftagro.com/th/blog-spice-trends-2026.html,no,no,nonindexable,deploy_no_index_submission
M,th/blog-sugar-s30-export-india-2026.html,https://jftagro.com/th/blog-sugar-s30-export-india-2026.html,no,no,nonindexable,deploy_no_index_submission
M,th/blog-toor-dal-export-india-2026.html,https://jftagro.com/th/blog-toor-dal-export-india-2026.html,no,no,nonindexable,deploy_no_index_submission
M,th/blog-wheat-flour-atta-export-india-2026.html,https://jftagro.com/th/blog-wheat-flour-atta-export-india-2026.html,no,no,nonindexable,deploy_no_index_submission
M,th/blog-yellow-maize-export-india-2026.html,https://jftagro.com/th/blog-yellow-maize-export-india-2026.html,no,no,nonindexable,deploy_no_index_submission
M,th/legal.html,https://jftagro.com/th/legal.html,no,no,nonindexable,deploy_no_index_submission
M,th/privacy.html,https://jftagro.com/th/privacy.html,no,no,nonindexable,deploy_no_index_submission
M,th/terms.html,https://jftagro.com/th/terms.html,no,no,nonindexable,deploy_no_index_submission
M,th/thank-you.html,https://jftagro.com/th/thank-you.html,no,no,nonindexable,deploy_no_index_submission
M,thank-you.html,https://jftagro.com/thank-you.html,no,no,nonindexable,deploy_no_index_submission
M,vi/404.html,https://jftagro.com/vi/404.html,no,no,nonindexable,deploy_no_index_submission
M,vi/blog-basmati-rice-import-uae-esma-standards.html,https://jftagro.com/vi/blog-basmati-rice-import-uae-esma-standards.html,no,no,nonindexable,deploy_no_index_submission
M,vi/blog-black-pepper-powder-export-india-2026.html,https://jftagro.com/vi/blog-black-pepper-powder-export-india-2026.html,no,no,nonindexable,deploy_no_index_submission
M,vi/blog-cif-fob-explained.html,https://jftagro.com/vi/blog-cif-fob-explained.html,no,no,nonindexable,deploy_no_index_submission
M,vi/blog-coriander-seeds-export-india-2026.html,https://jftagro.com/vi/blog-coriander-seeds-export-india-2026.html,no,no,nonindexable,deploy_no_index_submission
M,vi/blog-eu-mrl-basmati.html,https://jftagro.com/vi/blog-eu-mrl-basmati.html,no,no,nonindexable,deploy_no_index_submission
M,vi/blog-fennel-seeds-export-india-2026.html,https://jftagro.com/vi/blog-fennel-seeds-export-india-2026.html,no,no,nonindexable,deploy_no_index_submission
M,vi/blog-fenugreek-seeds-export-india-2026.html,https://jftagro.com/vi/blog-fenugreek-seeds-export-india-2026.html,no,no,nonindexable,deploy_no_index_submission
M,vi/blog-fssai-apeda-agmark-certifications-explained.html,https://jftagro.com/vi/blog-fssai-apeda-agmark-certifications-explained.html,no,no,nonindexable,deploy_no_index_submission
M,vi/blog-groundnut-peanut-export-india-2026.html,https://jftagro.com/vi/blog-groundnut-peanut-export-india-2026.html,no,no,nonindexable,deploy_no_index_submission
M,vi/blog-import-indian-spices-uk-europe.html,https://jftagro.com/vi/blog-import-indian-spices-uk-europe.html,no,no,nonindexable,deploy_no_index_submission
M,vi/blog-india-uae-cepa.html,https://jftagro.com/vi/blog-india-uae-cepa.html,no,no,nonindexable,deploy_no_index_submission
M,vi/blog-indian-spice-export-middle-east-gulf.html,https://jftagro.com/vi/blog-indian-spice-export-middle-east-gulf.html,no,no,nonindexable,deploy_no_index_submission
M,vi/blog-indian-white-rice-export-policy-2026-latest-updates.html,https://jftagro.com/vi/blog-indian-white-rice-export-policy-2026-latest-updates.html,no,no,nonindexable,deploy_no_index_submission
M,vi/blog-ir64-africa.html,https://jftagro.com/vi/blog-ir64-africa.html,no,no,nonindexable,deploy_no_index_submission
M,vi/blog-lc-vs-tt.html,https://jftagro.com/vi/blog-lc-vs-tt.html,no,no,nonindexable,deploy_no_index_submission
M,vi/blog-moringa-powder-export-india-2026.html,https://jftagro.com/vi/blog-moringa-powder-export-india-2026.html,no,no,nonindexable,deploy_no_index_submission
M,vi/blog-phytosanitary-certificate-india-exports.html,https://jftagro.com/vi/blog-phytosanitary-certificate-india-exports.html,no,no,nonindexable,deploy_no_index_submission
M,vi/blog-private-label-rice.html,https://jftagro.com/vi/blog-private-label-rice.html,no,no,nonindexable,deploy_no_index_submission
M,vi/blog-sesame-export-2026.html,https://jftagro.com/vi/blog-sesame-export-2026.html,no,no,nonindexable,deploy_no_index_submission
M,vi/blog-spice-trends-2026.html,https://jftagro.com/vi/blog-spice-trends-2026.html,no,no,nonindexable,deploy_no_index_submission
M,vi/blog-sugar-s30-export-india-2026.html,https://jftagro.com/vi/blog-sugar-s30-export-india-2026.html,no,no,nonindexable,deploy_no_index_submission
M,vi/blog-toor-dal-export-india-2026.html,https://jftagro.com/vi/blog-toor-dal-export-india-2026.html,no,no,nonindexable,deploy_no_index_submission
M,vi/blog-wheat-flour-atta-export-india-2026.html,https://jftagro.com/vi/blog-wheat-flour-atta-export-india-2026.html,no,no,nonindexable,deploy_no_index_submission
M,vi/blog-yellow-maize-export-india-2026.html,https://jftagro.com/vi/blog-yellow-maize-export-india-2026.html,no,no,nonindexable,deploy_no_index_submission
M,vi/legal.html,https://jftagro.com/vi/legal.html,no,no,nonindexable,deploy_no_index_submission
M,vi/privacy.html,https://jftagro.com/vi/privacy.html,no,no,nonindexable,deploy_no_index_submission
M,vi/terms.html,https://jftagro.com/vi/terms.html,no,no,nonindexable,deploy_no_index_submission
M,vi/thank-you.html,https://jftagro.com/vi/thank-you.html,no,no,nonindexable,deploy_no_index_submission
