page,clicks,impressions,ctr_percent,avg_position,nonbrand_queries,potential_click_uplift,enquiries,qualified_enquiries,won_contracts,opportunity_score,recommended_action
https://jftagro.com/,0.0,0.0,0,0,0,0.0,0,0,0,0,no_gsc_data
https://jftagro.com/10-parboiled-rice-ir-64-exporter.html,0.0,0.0,0,0,0,0.0,0,0,0,0,no_gsc_data
https://jftagro.com/100-broken-rice-exporter.html,0.0,0.0,0,0,0,0.0,0,0,0,0,no_gsc_data
https://jftagro.com/1121-basmati-rice-exporter.html,0.0,0.0,0,0,0,0.0,0,0,0,0,no_gsc_data
https://jftagro.com/1121-raw-basmati-rice-exporter.html,0.0,0.0,0,0,0,0.0,0,0,0,0,no_gsc_data
https://jftagro.com/1121-steam-basmati-rice-exporter.html,0.0,0.0,0,0,0,0.0,0,0,0,0,no_gsc_data
https://jftagro.com/1121-white-sella-basmati-exporter.html,0.0,0.0,0,0,0,0.0,0,0,0,0,no_gsc_data
https://jftagro.com/1401-golden-sella-basmati-exporter.html,0.0,0.0,0,0,0,0.0,0,0,0,0,no_gsc_data
https://jftagro.com/1401-sella-basmati-rice-exporter.html,0.0,0.0,0,0,0,0.0,0,0,0,0,no_gsc_data
https://jftagro.com/1401-steam-basmati-rice-exporter.html,0.0,0.0,0,0,0,0.0,0,0,0,0,no_gsc_data
https://jftagro.com/1509-golden-sella-basmati-exporter.html,0.0,0.0,0,0,0,0.0,0,0,0,0,no_gsc_data
https://jftagro.com/1509-steam-basmati-rice-exporter.html,0.0,0.0,0,0,0,0.0,0,0,0,0,no_gsc_data
https://jftagro.com/1718-golden-sella-basmati-exporter.html,0.0,0.0,0,0,0,0.0,0,0,0,0,no_gsc_data
https://jftagro.com/1718-steam-basmati-rice-exporter.html,0.0,0.0,0,0,0,0.0,0,0,0,0,no_gsc_data
https://jftagro.com/25-silky-sortex-short-grain-exporter.html,0.0,0.0,0,0,0,0.0,0,0,0,0,no_gsc_data
https://jftagro.com/25-silky-sortex-white-exporter.html,0.0,0.0,0,0,0,0.0,0,0,0,0,no_gsc_data
https://jftagro.com/5-parboiled-rice-ir-64-exporter.html,0.0,0.0,0,0,0,0.0,0,0,0,0,no_gsc_data
https://jftagro.com/5-silky-sortex-short-grain-exporter.html,0.0,0.0,0,0,0,0.0,0,0,0,0,no_gsc_data
https://jftagro.com/5-silky-sortex-white-exporter.html,0.0,0.0,0,0,0,0.0,0,0,0,0,no_gsc_data
https://jftagro.com/about.html,0.0,0.0,0,0,0,0.0,0,0,0,0,no_gsc_data
https://jftagro.com/africa-trade.html,0.0,0.0,0,0,0,0.0,0,0,0,0,no_gsc_data
https://jftagro.com/ajwain-seeds-powder-exporter.html,0.0,0.0,0,0,0,0.0,0,0,0,0,no_gsc_data
https://jftagro.com/akarkara-root-exporter.html,0.0,0.0,0,0,0,0.0,0,0,0,0,no_gsc_data
https://jftagro.com/ar/,0.0,0.0,0,0,0,0.0,0,0,0,0,no_gsc_data
https://jftagro.com/ar/10-parboiled-rice-ir-64-exporter.html,0.0,0.0,0,0,0,0.0,0,0,0,0,no_gsc_data
https://jftagro.com/ar/100-broken-rice-exporter.html,0.0,0.0,0,0,0,0.0,0,0,0,0,no_gsc_data
https://jftagro.com/ar/1121-basmati-rice-exporter.html,0.0,0.0,0,0,0,0.0,0,0,0,0,no_gsc_data
https://jftagro.com/ar/1121-raw-basmati-rice-exporter.html,0.0,0.0,0,0,0,0.0,0,0,0,0,no_gsc_data
https://jftagro.com/ar/1121-steam-basmati-rice-exporter.html,0.0,0.0,0,0,0,0.0,0,0,0,0,no_gsc_data
https://jftagro.com/ar/1121-white-sella-basmati-exporter.html,0.0,0.0,0,0,0,0.0,0,0,0,0,no_gsc_data
https://jftagro.com/ar/1401-golden-sella-basmati-exporter.html,0.0,0.0,0,0,0,0.0,0,0,0,0,no_gsc_data
https://jftagro.com/ar/1401-sella-basmati-rice-exporter.html,0.0,0.0,0,0,0,0.0,0,0,0,0,no_gsc_data
https://jftagro.com/ar/1401-steam-basmati-rice-exporter.html,0.0,0.0,0,0,0,0.0,0,0,0,0,no_gsc_data
https://jftagro.com/ar/1509-golden-sella-basmati-exporter.html,0.0,0.0,0,0,0,0.0,0,0,0,0,no_gsc_data
https://jftagro.com/ar/1509-steam-basmati-rice-exporter.html,0.0,0.0,0,0,0,0.0,0,0,0,0,no_gsc_data
https://jftagro.com/ar/1718-golden-sella-basmati-exporter.html,0.0,0.0,0,0,0,0.0,0,0,0,0,no_gsc_data
https://jftagro.com/ar/1718-steam-basmati-rice-exporter.html,0.0,0.0,0,0,0,0.0,0,0,0,0,no_gsc_data
https://jftagro.com/ar/25-silky-sortex-short-grain-exporter.html,0.0,0.0,0,0,0,0.0,0,0,0,0,no_gsc_data
https://jftagro.com/ar/25-silky-sortex-white-exporter.html,0.0,0.0,0,0,0,0.0,0,0,0,0,no_gsc_data
https://jftagro.com/ar/5-parboiled-rice-ir-64-exporter.html,0.0,0.0,0,0,0,0.0,0,0,0,0,no_gsc_data
https://jftagro.com/ar/5-silky-sortex-short-grain-exporter.html,0.0,0.0,0,0,0,0.0,0,0,0,0,no_gsc_data
https://jftagro.com/ar/5-silky-sortex-white-exporter.html,0.0,0.0,0,0,0,0.0,0,0,0,0,no_gsc_data
https://jftagro.com/ar/about.html,0.0,0.0,0,0,0,0.0,0,0,0,0,no_gsc_data
https://jftagro.com/ar/africa-trade.html,0.0,0.0,0,0,0,0.0,0,0,0,0,no_gsc_data
https://jftagro.com/ar/ajwain-seeds-powder-exporter.html,0.0,0.0,0,0,0,0.0,0,0,0,0,no_gsc_data
https://jftagro.com/ar/akarkara-root-exporter.html,0.0,0.0,0,0,0,0.0,0,0,0,0,no_gsc_data
https://jftagro.com/ar/asaliya-seeds-exporter.html,0.0,0.0,0,0,0,0.0,0,0,0,0,no_gsc_data
https://jftagro.com/ar/asia-trade.html,0.0,0.0,0,0,0,0.0,0,0,0,0,no_gsc_data
https://jftagro.com/ar/barley-seeds-exporter.html,0.0,0.0,0,0,0,0.0,0,0,0,0,no_gsc_data
https://jftagro.com/ar/basil-seeds-exporter.html,0.0,0.0,0,0,0,0.0,0,0,0,0,no_gsc_data
https://jftagro.com/ar/bay-leaf-exporter.html,0.0,0.0,0,0,0,0.0,0,0,0,0,no_gsc_data
https://jftagro.com/ar/black-cumin-seeds-nigella-exporter.html,0.0,0.0,0,0,0,0.0,0,0,0,0,no_gsc_data
https://jftagro.com/ar/black-himaj-exporter.html,0.0,0.0,0,0,0,0.0,0,0,0,0,no_gsc_data
https://jftagro.com/ar/black-pepper-powder-exporter.html,0.0,0.0,0,0,0,0.0,0,0,0,0,no_gsc_data
https://jftagro.com/ar/blog-apeda-registration-indian-exporter-explained.html,0.0,0.0,0,0,0,0.0,0,0,0,0,no_gsc_data
https://jftagro.com/ar/blog-basmati-export-guide.html,0.0,0.0,0,0,0,0.0,0,0,0,0,no_gsc_data
https://jftagro.com/ar/blog-bill-of-lading-explained-importers.html,0.0,0.0,0,0,0,0.0,0,0,0,0,no_gsc_data
https://jftagro.com/ar/blog-certificate-of-analysis-food-imports.html,0.0,0.0,0,0,0,0.0,0,0,0,0,no_gsc_data
https://jftagro.com/ar/blog-cumin-jeera-price-outlook-2026.html,0.0,0.0,0,0,0,0.0,0,0,0,0,no_gsc_data
https://jftagro.com/ar/blog-food-container-loading-inspection-checklist.html,0.0,0.0,0,0,0,0.0,0,0,0,0,no_gsc_data
https://jftagro.com/ar/blog-green-mung-beans-export-india-2026.html,0.0,0.0,0,0,0,0.0,0,0,0,0,no_gsc_data
https://jftagro.com/ar/blog-how-to-choose-indian-agro-exporter.html,0.0,0.0,0,0,0,0.0,0,0,0,0,no_gsc_data
https://jftagro.com/ar/blog-how-to-export-india-to-africa.html,0.0,0.0,0,0,0,0.0,0,0,0,0,no_gsc_data
https://jftagro.com/ar/blog-how-to-import-rice-nigeria-west-africa.html,0.0,0.0,0,0,0,0.0,0,0,0,0,no_gsc_data
https://jftagro.com/ar/blog-how-to-read-proforma-invoice-india-export.html,0.0,0.0,0,0,0,0.0,0,0,0,0,no_gsc_data
https://jftagro.com/ar/blog-how-to-write-agro-commodity-purchase-specification.html,0.0,0.0,0,0,0,0.0,0,0,0,0,no_gsc_data
https://jftagro.com/ar/blog-import-duty-indian-rice-by-country.html,0.0,0.0,0,0,0,0.0,0,0,0,0,no_gsc_data
https://jftagro.com/ar/blog-import-indian-agro-kenya-east-africa.html,0.0,0.0,0,0,0,0.0,0,0,0,0,no_gsc_data
https://jftagro.com/ar/blog-india-rice-export-sri-lanka-bangladesh.html,0.0,0.0,0,0,0,0.0,0,0,0,0,no_gsc_data
https://jftagro.com/ar/blog-india-vs-thailand-rice-comparison.html,0.0,0.0,0,0,0,0.0,0,0,0,0,no_gsc_data
https://jftagro.com/ar/blog-ir64-export.html,0.0,0.0,0,0,0,0.0,0,0,0,0,no_gsc_data
https://jftagro.com/ar/blog-letter-of-credit-food-imports-india.html,0.0,0.0,0,0,0,0.0,0,0,0,0,no_gsc_data
https://jftagro.com/ar/blog-psyllium-husk-export-india-2026.html,0.0,0.0,0,0,0,0.0,0,0,0,0,no_gsc_data
https://jftagro.com/ar/blog-red-chilli-teja-export-india-2026.html,0.0,0.0,0,0,0,0.0,0,0,0,0,no_gsc_data
https://jftagro.com/ar/blog-sgs-inspection-indian-agro-exports.html,0.0,0.0,0,0,0,0.0,0,0,0,0,no_gsc_data
https://jftagro.com/ar/blog-top-indian-agro-commodities-import-2026.html,0.0,0.0,0,0,0,0.0,0,0,0,0,no_gsc_data
https://jftagro.com/ar/blog-turmeric-finger-export-india-2026.html,0.0,0.0,0,0,0,0.0,0,0,0,0,no_gsc_data
https://jftagro.com/ar/blog-turmeric-market-outlook-2026.html,0.0,0.0,0,0,0,0.0,0,0,0,0,no_gsc_data
https://jftagro.com/ar/blog.html,0.0,0.0,0,0,0,0.0,0,0,0,0,no_gsc_data
https://jftagro.com/ar/buckwheat-exporter.html,0.0,0.0,0,0,0,0.0,0,0,0,0,no_gsc_data
https://jftagro.com/ar/buyer-security.html,0.0,0.0,0,0,0,0.0,0,0,0,0,no_gsc_data
https://jftagro.com/ar/cassia-tora-meal-exporter.html,0.0,0.0,0,0,0,0.0,0,0,0,0,no_gsc_data
https://jftagro.com/ar/cassia-tora-seeds-exporter.html,0.0,0.0,0,0,0,0.0,0,0,0,0,no_gsc_data
https://jftagro.com/ar/celery-seeds-powder-exporter.html,0.0,0.0,0,0,0,0.0,0,0,0,0,no_gsc_data
https://jftagro.com/ar/certificates.html,0.0,0.0,0,0,0,0.0,0,0,0,0,no_gsc_data
https://jftagro.com/ar/chickpeas-kabuli-exporter.html,0.0,0.0,0,0,0,0.0,0,0,0,0,no_gsc_data
https://jftagro.com/ar/contact.html,0.0,0.0,0,0,0,0.0,0,0,0,0,no_gsc_data
https://jftagro.com/ar/coriander-seeds-exporter.html,0.0,0.0,0,0,0,0.0,0,0,0,0,no_gsc_data
https://jftagro.com/ar/corn-flour-maize-flour-exporter.html,0.0,0.0,0,0,0,0.0,0,0,0,0,no_gsc_data
https://jftagro.com/ar/corn-gluten-meal-exporter.html,0.0,0.0,0,0,0,0.0,0,0,0,0,no_gsc_data
https://jftagro.com/ar/corn-starch-exporter.html,0.0,0.0,0,0,0,0.0,0,0,0,0,no_gsc_data
https://jftagro.com/ar/cotton-seed-oil-cake-exporter.html,0.0,0.0,0,0,0,0.0,0,0,0,0,no_gsc_data
https://jftagro.com/ar/cumin-seeds-jeera-exporter.html,0.0,0.0,0,0,0,0.0,0,0,0,0,no_gsc_data
https://jftagro.com/ar/curry-powder-exporter.html,0.0,0.0,0,0,0,0.0,0,0,0,0,no_gsc_data
https://jftagro.com/ar/deoiled-rice-bran-dorb-exporter.html,0.0,0.0,0,0,0,0.0,0,0,0,0,no_gsc_data
https://jftagro.com/ar/dill-seeds-powder-exporter.html,0.0,0.0,0,0,0,0.0,0,0,0,0,no_gsc_data
https://jftagro.com/ar/dry-ginger-powder-exporter.html,0.0,0.0,0,0,0,0.0,0,0,0,0,no_gsc_data
https://jftagro.com/ar/dry-red-chilli-exporter.html,0.0,0.0,0,0,0,0.0,0,0,0,0,no_gsc_data
https://jftagro.com/ar/europe-trade.html,0.0,0.0,0,0,0,0.0,0,0,0,0,no_gsc_data
https://jftagro.com/ar/export-documentation.html,0.0,0.0,0,0,0,0.0,0,0,0,0,no_gsc_data
https://jftagro.com/ar/faq.html,0.0,0.0,0,0,0,0.0,0,0,0,0,no_gsc_data
https://jftagro.com/ar/fennel-seeds-sounff-exporter.html,0.0,0.0,0,0,0,0.0,0,0,0,0,no_gsc_data
https://jftagro.com/ar/fenugreek-seeds-methi-exporter.html,0.0,0.0,0,0,0,0.0,0,0,0,0,no_gsc_data
https://jftagro.com/ar/galangal-root-exporter.html,0.0,0.0,0,0,0,0.0,0,0,0,0,no_gsc_data
https://jftagro.com/ar/green-cardamom-exporter.html,0.0,0.0,0,0,0,0.0,0,0,0,0,no_gsc_data
https://jftagro.com/ar/green-millet-bajra-exporter.html,0.0,0.0,0,0,0,0.0,0,0,0,0,no_gsc_data
https://jftagro.com/ar/green-mung-beans-exporter.html,0.0,0.0,0,0,0,0.0,0,0,0,0,no_gsc_data
https://jftagro.com/ar/grey-millet-exporter.html,0.0,0.0,0,0,0,0.0,0,0,0,0,no_gsc_data
https://jftagro.com/ar/groundnut-oil-cake-exporter.html,0.0,0.0,0,0,0,0.0,0,0,0,0,no_gsc_data
https://jftagro.com/ar/groundnuts-peanuts-exporter.html,0.0,0.0,0,0,0,0.0,0,0,0,0,no_gsc_data
https://jftagro.com/ar/henna-leaves-exporter.html,0.0,0.0,0,0,0,0.0,0,0,0,0,no_gsc_data
https://jftagro.com/ar/henna-powder-exporter.html,0.0,0.0,0,0,0,0.0,0,0,0,0,no_gsc_data
https://jftagro.com/ar/indian-raisins-kishmish-exporter.html,0.0,0.0,0,0,0,0.0,0,0,0,0,no_gsc_data
https://jftagro.com/ar/infrastructure.html,0.0,0.0,0,0,0,0.0,0,0,0,0,no_gsc_data
https://jftagro.com/ar/maida-refined-wheat-flour-exporter.html,0.0,0.0,0,0,0,0.0,0,0,0,0,no_gsc_data
https://jftagro.com/ar/maize-grits-exporter.html,0.0,0.0,0,0,0,0.0,0,0,0,0,no_gsc_data
https://jftagro.com/ar/milling-wheat-exporter.html,0.0,0.0,0,0,0,0.0,0,0,0,0,no_gsc_data
https://jftagro.com/ar/moringa-leaves-exporter.html,0.0,0.0,0,0,0,0.0,0,0,0,0,no_gsc_data
https://jftagro.com/ar/moringa-powder-exporter.html,0.0,0.0,0,0,0,0.0,0,0,0,0,no_gsc_data
https://jftagro.com/ar/mustard-seeds-powder-exporter.html,0.0,0.0,0,0,0,0.0,0,0,0,0,no_gsc_data
https://jftagro.com/ar/packing-calculator.html,0.0,0.0,0,0,0,0.0,0,0,0,0,no_gsc_data
https://jftagro.com/ar/port-transit-calculator.html,0.0,0.0,0,0,0,0.0,0,0,0,0,no_gsc_data
https://jftagro.com/ar/pr-11-rice-exporter.html,0.0,0.0,0,0,0,0.0,0,0,0,0,no_gsc_data
https://jftagro.com/ar/products.html,0.0,0.0,0,0,0,0.0,0,0,0,0,no_gsc_data
https://jftagro.com/ar/psyllium-husk-exporter.html,0.0,0.0,0,0,0,0.0,0,0,0,0,no_gsc_data
https://jftagro.com/ar/quality-control.html,0.0,0.0,0,0,0,0.0,0,0,0,0,no_gsc_data
https://jftagro.com/ar/quote-calculator.html,0.0,0.0,0,0,0,0.0,0,0,0,0,no_gsc_data
https://jftagro.com/ar/red-millet-exporter.html,0.0,0.0,0,0,0,0.0,0,0,0,0,no_gsc_data
https://jftagro.com/ar/safflower-seeds-exporter.html,0.0,0.0,0,0,0,0.0,0,0,0,0,no_gsc_data
https://jftagro.com/ar/samba-rice-exporter.html,0.0,0.0,0,0,0,0.0,0,0,0,0,no_gsc_data
https://jftagro.com/ar/sample-request.html,0.0,0.0,0,0,0,0.0,0,0,0,0,no_gsc_data
https://jftagro.com/ar/semolina-sooji-rava-exporter.html,0.0,0.0,0,0,0,0.0,0,0,0,0,no_gsc_data
https://jftagro.com/ar/senna-leaves-exporter.html,0.0,0.0,0,0,0,0.0,0,0,0,0,no_gsc_data
https://jftagro.com/ar/senna-pods-exporter.html,0.0,0.0,0,0,0,0.0,0,0,0,0,no_gsc_data
https://jftagro.com/ar/sesame-seeds-naturalhulled-exporter.html,0.0,0.0,0,0,0,0.0,0,0,0,0,no_gsc_data
https://jftagro.com/ar/shipment-tracker.html,0.0,0.0,0,0,0,0.0,0,0,0,0,no_gsc_data
https://jftagro.com/ar/soya-bean-exporter.html,0.0,0.0,0,0,0,0.0,0,0,0,0,no_gsc_data
https://jftagro.com/ar/soybean-meal-doc-exporter.html,0.0,0.0,0,0,0,0.0,0,0,0,0,no_gsc_data
https://jftagro.com/ar/sugar-s30-supplier.html,0.0,0.0,0,0,0,0.0,0,0,0,0,no_gsc_data
https://jftagro.com/ar/sunflower-seeds-exporter.html,0.0,0.0,0,0,0,0.0,0,0,0,0,no_gsc_data
https://jftagro.com/ar/sunflower-seeds-in-shell-exporter.html,0.0,0.0,0,0,0,0.0,0,0,0,0,no_gsc_data
https://jftagro.com/ar/tamarind-exporter.html,0.0,0.0,0,0,0,0.0,0,0,0,0,no_gsc_data
https://jftagro.com/ar/toor-dal-split-pigeon-pea-exporter.html,0.0,0.0,0,0,0,0.0,0,0,0,0,no_gsc_data
https://jftagro.com/ar/turmeric-finger-exporter.html,0.0,0.0,0,0,0,0.0,0,0,0,0,no_gsc_data
https://jftagro.com/ar/uae-trade.html,0.0,0.0,0,0,0,0.0,0,0,0,0,no_gsc_data
https://jftagro.com/ar/whatsapp-catalog.html,0.0,0.0,0,0,0,0.0,0,0,0,0,no_gsc_data
https://jftagro.com/ar/wheat-flour-chakki-fresh-atta-exporter.html,0.0,0.0,0,0,0,0.0,0,0,0,0,no_gsc_data
https://jftagro.com/ar/wheat-grass-powder-exporter.html,0.0,0.0,0,0,0,0.0,0,0,0,0,no_gsc_data
https://jftagro.com/ar/white-sorghum-jowar-exporter.html,0.0,0.0,0,0,0,0.0,0,0,0,0,no_gsc_data
https://jftagro.com/ar/whole-nutmeg-powder-exporter.html,0.0,0.0,0,0,0,0.0,0,0,0,0,no_gsc_data
https://jftagro.com/ar/yellow-maize-corn-exporter.html,0.0,0.0,0,0,0,0.0,0,0,0,0,no_gsc_data
https://jftagro.com/ar/yellow-peas-matar-exporter.html,0.0,0.0,0,0,0,0.0,0,0,0,0,no_gsc_data
https://jftagro.com/asaliya-seeds-exporter.html,0.0,0.0,0,0,0,0.0,0,0,0,0,no_gsc_data
https://jftagro.com/asia-trade.html,0.0,0.0,0,0,0,0.0,0,0,0,0,no_gsc_data
https://jftagro.com/barley-seeds-exporter.html,0.0,0.0,0,0,0,0.0,0,0,0,0,no_gsc_data
https://jftagro.com/basil-seeds-exporter.html,0.0,0.0,0,0,0,0.0,0,0,0,0,no_gsc_data
https://jftagro.com/bay-leaf-exporter.html,0.0,0.0,0,0,0,0.0,0,0,0,0,no_gsc_data
https://jftagro.com/black-cumin-seeds-nigella-exporter.html,0.0,0.0,0,0,0,0.0,0,0,0,0,no_gsc_data
https://jftagro.com/black-himaj-exporter.html,0.0,0.0,0,0,0,0.0,0,0,0,0,no_gsc_data
https://jftagro.com/black-pepper-powder-exporter.html,0.0,0.0,0,0,0,0.0,0,0,0,0,no_gsc_data
https://jftagro.com/blog-apeda-registration-indian-exporter-explained.html,0.0,0.0,0,0,0,0.0,0,0,0,0,no_gsc_data
https://jftagro.com/blog-basmati-export-guide.html,0.0,0.0,0,0,0,0.0,0,0,0,0,no_gsc_data
https://jftagro.com/blog-bill-of-lading-explained-importers.html,0.0,0.0,0,0,0,0.0,0,0,0,0,no_gsc_data
https://jftagro.com/blog-certificate-of-analysis-food-imports.html,0.0,0.0,0,0,0,0.0,0,0,0,0,no_gsc_data
https://jftagro.com/blog-coriander-seeds-export-india-2026.html,0.0,0.0,0,0,0,0.0,0,0,0,0,no_gsc_data
https://jftagro.com/blog-cumin-jeera-price-outlook-2026.html,0.0,0.0,0,0,0,0.0,0,0,0,0,no_gsc_data
https://jftagro.com/blog-food-container-loading-inspection-checklist.html,0.0,0.0,0,0,0,0.0,0,0,0,0,no_gsc_data
https://jftagro.com/blog-green-mung-beans-export-india-2026.html,0.0,0.0,0,0,0,0.0,0,0,0,0,no_gsc_data
https://jftagro.com/blog-groundnut-peanut-export-india-2026.html,0.0,0.0,0,0,0,0.0,0,0,0,0,no_gsc_data
https://jftagro.com/blog-how-to-choose-indian-agro-exporter.html,0.0,0.0,0,0,0,0.0,0,0,0,0,no_gsc_data
https://jftagro.com/blog-how-to-export-india-to-africa.html,0.0,0.0,0,0,0,0.0,0,0,0,0,no_gsc_data
https://jftagro.com/blog-how-to-import-rice-nigeria-west-africa.html,0.0,0.0,0,0,0,0.0,0,0,0,0,no_gsc_data
https://jftagro.com/blog-how-to-read-proforma-invoice-india-export.html,0.0,0.0,0,0,0,0.0,0,0,0,0,no_gsc_data
https://jftagro.com/blog-how-to-write-agro-commodity-purchase-specification.html,0.0,0.0,0,0,0,0.0,0,0,0,0,no_gsc_data
https://jftagro.com/blog-import-duty-indian-rice-by-country.html,0.0,0.0,0,0,0,0.0,0,0,0,0,no_gsc_data
https://jftagro.com/blog-import-indian-agro-kenya-east-africa.html,0.0,0.0,0,0,0,0.0,0,0,0,0,no_gsc_data
https://jftagro.com/blog-import-indian-spices-uk-europe.html,0.0,0.0,0,0,0,0.0,0,0,0,0,no_gsc_data
https://jftagro.com/blog-india-rice-export-sri-lanka-bangladesh.html,0.0,0.0,0,0,0,0.0,0,0,0,0,no_gsc_data
https://jftagro.com/blog-india-vs-thailand-rice-comparison.html,0.0,0.0,0,0,0,0.0,0,0,0,0,no_gsc_data
https://jftagro.com/blog-ir64-export.html,0.0,0.0,0,0,0,0.0,0,0,0,0,no_gsc_data
https://jftagro.com/blog-lc-vs-tt.html,0.0,0.0,0,0,0,0.0,0,0,0,0,no_gsc_data
https://jftagro.com/blog-letter-of-credit-food-imports-india.html,0.0,0.0,0,0,0,0.0,0,0,0,0,no_gsc_data
https://jftagro.com/blog-private-label-rice.html,0.0,0.0,0,0,0,0.0,0,0,0,0,no_gsc_data
https://jftagro.com/blog-psyllium-husk-export-india-2026.html,0.0,0.0,0,0,0,0.0,0,0,0,0,no_gsc_data
https://jftagro.com/blog-red-chilli-teja-export-india-2026.html,0.0,0.0,0,0,0,0.0,0,0,0,0,no_gsc_data
https://jftagro.com/blog-sesame-export-2026.html,0.0,0.0,0,0,0,0.0,0,0,0,0,no_gsc_data
https://jftagro.com/blog-sgs-inspection-indian-agro-exports.html,0.0,0.0,0,0,0,0.0,0,0,0,0,no_gsc_data
https://jftagro.com/blog-top-indian-agro-commodities-import-2026.html,0.0,0.0,0,0,0,0.0,0,0,0,0,no_gsc_data
https://jftagro.com/blog-turmeric-finger-export-india-2026.html,0.0,0.0,0,0,0,0.0,0,0,0,0,no_gsc_data
https://jftagro.com/blog-turmeric-market-outlook-2026.html,0.0,0.0,0,0,0,0.0,0,0,0,0,no_gsc_data
https://jftagro.com/blog.html,0.0,0.0,0,0,0,0.0,0,0,0,0,no_gsc_data
https://jftagro.com/buckwheat-exporter.html,0.0,0.0,0,0,0,0.0,0,0,0,0,no_gsc_data
https://jftagro.com/buyer-security.html,0.0,0.0,0,0,0,0.0,0,0,0,0,no_gsc_data
https://jftagro.com/cassia-tora-meal-exporter.html,0.0,0.0,0,0,0,0.0,0,0,0,0,no_gsc_data
https://jftagro.com/cassia-tora-seeds-exporter.html,0.0,0.0,0,0,0,0.0,0,0,0,0,no_gsc_data
https://jftagro.com/celery-seeds-powder-exporter.html,0.0,0.0,0,0,0,0.0,0,0,0,0,no_gsc_data
https://jftagro.com/certificates.html,0.0,0.0,0,0,0,0.0,0,0,0,0,no_gsc_data
https://jftagro.com/chickpeas-kabuli-exporter.html,0.0,0.0,0,0,0,0.0,0,0,0,0,no_gsc_data
https://jftagro.com/contact.html,0.0,0.0,0,0,0,0.0,0,0,0,0,no_gsc_data
https://jftagro.com/coriander-seeds-exporter.html,0.0,0.0,0,0,0,0.0,0,0,0,0,no_gsc_data
https://jftagro.com/corn-flour-maize-flour-exporter.html,0.0,0.0,0,0,0,0.0,0,0,0,0,no_gsc_data
https://jftagro.com/corn-gluten-meal-exporter.html,0.0,0.0,0,0,0,0.0,0,0,0,0,no_gsc_data
https://jftagro.com/corn-starch-exporter.html,0.0,0.0,0,0,0,0.0,0,0,0,0,no_gsc_data
https://jftagro.com/cotton-seed-oil-cake-exporter.html,0.0,0.0,0,0,0,0.0,0,0,0,0,no_gsc_data
https://jftagro.com/cumin-seeds-jeera-exporter.html,0.0,0.0,0,0,0,0.0,0,0,0,0,no_gsc_data
https://jftagro.com/curry-powder-exporter.html,0.0,0.0,0,0,0,0.0,0,0,0,0,no_gsc_data
https://jftagro.com/deoiled-rice-bran-dorb-exporter.html,0.0,0.0,0,0,0,0.0,0,0,0,0,no_gsc_data
https://jftagro.com/dill-seeds-powder-exporter.html,0.0,0.0,0,0,0,0.0,0,0,0,0,no_gsc_data
https://jftagro.com/dry-ginger-powder-exporter.html,0.0,0.0,0,0,0,0.0,0,0,0,0,no_gsc_data
https://jftagro.com/dry-red-chilli-exporter.html,0.0,0.0,0,0,0,0.0,0,0,0,0,no_gsc_data
https://jftagro.com/editorial-policy.html,0.0,0.0,0,0,0,0.0,0,0,0,0,no_gsc_data
https://jftagro.com/es/,0.0,0.0,0,0,0,0.0,0,0,0,0,no_gsc_data
https://jftagro.com/es/10-parboiled-rice-ir-64-exporter.html,0.0,0.0,0,0,0,0.0,0,0,0,0,no_gsc_data
https://jftagro.com/es/100-broken-rice-exporter.html,0.0,0.0,0,0,0,0.0,0,0,0,0,no_gsc_data
https://jftagro.com/es/1121-basmati-rice-exporter.html,0.0,0.0,0,0,0,0.0,0,0,0,0,no_gsc_data
https://jftagro.com/es/1121-raw-basmati-rice-exporter.html,0.0,0.0,0,0,0,0.0,0,0,0,0,no_gsc_data
https://jftagro.com/es/1121-steam-basmati-rice-exporter.html,0.0,0.0,0,0,0,0.0,0,0,0,0,no_gsc_data
https://jftagro.com/es/1121-white-sella-basmati-exporter.html,0.0,0.0,0,0,0,0.0,0,0,0,0,no_gsc_data
https://jftagro.com/es/1401-golden-sella-basmati-exporter.html,0.0,0.0,0,0,0,0.0,0,0,0,0,no_gsc_data
https://jftagro.com/es/1401-sella-basmati-rice-exporter.html,0.0,0.0,0,0,0,0.0,0,0,0,0,no_gsc_data
https://jftagro.com/es/1401-steam-basmati-rice-exporter.html,0.0,0.0,0,0,0,0.0,0,0,0,0,no_gsc_data
https://jftagro.com/es/1509-golden-sella-basmati-exporter.html,0.0,0.0,0,0,0,0.0,0,0,0,0,no_gsc_data
https://jftagro.com/es/1509-steam-basmati-rice-exporter.html,0.0,0.0,0,0,0,0.0,0,0,0,0,no_gsc_data
https://jftagro.com/es/1718-golden-sella-basmati-exporter.html,0.0,0.0,0,0,0,0.0,0,0,0,0,no_gsc_data
https://jftagro.com/es/1718-steam-basmati-rice-exporter.html,0.0,0.0,0,0,0,0.0,0,0,0,0,no_gsc_data
https://jftagro.com/es/25-silky-sortex-short-grain-exporter.html,0.0,0.0,0,0,0,0.0,0,0,0,0,no_gsc_data
https://jftagro.com/es/25-silky-sortex-white-exporter.html,0.0,0.0,0,0,0,0.0,0,0,0,0,no_gsc_data
https://jftagro.com/es/5-parboiled-rice-ir-64-exporter.html,0.0,0.0,0,0,0,0.0,0,0,0,0,no_gsc_data
https://jftagro.com/es/5-silky-sortex-short-grain-exporter.html,0.0,0.0,0,0,0,0.0,0,0,0,0,no_gsc_data
https://jftagro.com/es/5-silky-sortex-white-exporter.html,0.0,0.0,0,0,0,0.0,0,0,0,0,no_gsc_data
https://jftagro.com/es/about.html,0.0,0.0,0,0,0,0.0,0,0,0,0,no_gsc_data
https://jftagro.com/es/africa-trade.html,0.0,0.0,0,0,0,0.0,0,0,0,0,no_gsc_data
https://jftagro.com/es/ajwain-seeds-powder-exporter.html,0.0,0.0,0,0,0,0.0,0,0,0,0,no_gsc_data
https://jftagro.com/es/akarkara-root-exporter.html,0.0,0.0,0,0,0,0.0,0,0,0,0,no_gsc_data
https://jftagro.com/es/asaliya-seeds-exporter.html,0.0,0.0,0,0,0,0.0,0,0,0,0,no_gsc_data
https://jftagro.com/es/asia-trade.html,0.0,0.0,0,0,0,0.0,0,0,0,0,no_gsc_data
https://jftagro.com/es/barley-seeds-exporter.html,0.0,0.0,0,0,0,0.0,0,0,0,0,no_gsc_data
https://jftagro.com/es/basil-seeds-exporter.html,0.0,0.0,0,0,0,0.0,0,0,0,0,no_gsc_data
https://jftagro.com/es/bay-leaf-exporter.html,0.0,0.0,0,0,0,0.0,0,0,0,0,no_gsc_data
https://jftagro.com/es/black-cumin-seeds-nigella-exporter.html,0.0,0.0,0,0,0,0.0,0,0,0,0,no_gsc_data
https://jftagro.com/es/black-himaj-exporter.html,0.0,0.0,0,0,0,0.0,0,0,0,0,no_gsc_data
https://jftagro.com/es/black-pepper-powder-exporter.html,0.0,0.0,0,0,0,0.0,0,0,0,0,no_gsc_data
https://jftagro.com/es/blog-apeda-registration-indian-exporter-explained.html,0.0,0.0,0,0,0,0.0,0,0,0,0,no_gsc_data
https://jftagro.com/es/blog-basmati-export-guide.html,0.0,0.0,0,0,0,0.0,0,0,0,0,no_gsc_data
https://jftagro.com/es/blog-bill-of-lading-explained-importers.html,0.0,0.0,0,0,0,0.0,0,0,0,0,no_gsc_data
https://jftagro.com/es/blog-certificate-of-analysis-food-imports.html,0.0,0.0,0,0,0,0.0,0,0,0,0,no_gsc_data
https://jftagro.com/es/blog-cumin-jeera-price-outlook-2026.html,0.0,0.0,0,0,0,0.0,0,0,0,0,no_gsc_data
https://jftagro.com/es/blog-food-container-loading-inspection-checklist.html,0.0,0.0,0,0,0,0.0,0,0,0,0,no_gsc_data
https://jftagro.com/es/blog-green-mung-beans-export-india-2026.html,0.0,0.0,0,0,0,0.0,0,0,0,0,no_gsc_data
https://jftagro.com/es/blog-how-to-choose-indian-agro-exporter.html,0.0,0.0,0,0,0,0.0,0,0,0,0,no_gsc_data
https://jftagro.com/es/blog-how-to-export-india-to-africa.html,0.0,0.0,0,0,0,0.0,0,0,0,0,no_gsc_data
https://jftagro.com/es/blog-how-to-import-rice-nigeria-west-africa.html,0.0,0.0,0,0,0,0.0,0,0,0,0,no_gsc_data
https://jftagro.com/es/blog-how-to-read-proforma-invoice-india-export.html,0.0,0.0,0,0,0,0.0,0,0,0,0,no_gsc_data
https://jftagro.com/es/blog-how-to-write-agro-commodity-purchase-specification.html,0.0,0.0,0,0,0,0.0,0,0,0,0,no_gsc_data
https://jftagro.com/es/blog-import-duty-indian-rice-by-country.html,0.0,0.0,0,0,0,0.0,0,0,0,0,no_gsc_data
https://jftagro.com/es/blog-import-indian-agro-kenya-east-africa.html,0.0,0.0,0,0,0,0.0,0,0,0,0,no_gsc_data
https://jftagro.com/es/blog-india-rice-export-sri-lanka-bangladesh.html,0.0,0.0,0,0,0,0.0,0,0,0,0,no_gsc_data
https://jftagro.com/es/blog-india-vs-thailand-rice-comparison.html,0.0,0.0,0,0,0,0.0,0,0,0,0,no_gsc_data
https://jftagro.com/es/blog-ir64-export.html,0.0,0.0,0,0,0,0.0,0,0,0,0,no_gsc_data
https://jftagro.com/es/blog-letter-of-credit-food-imports-india.html,0.0,0.0,0,0,0,0.0,0,0,0,0,no_gsc_data
https://jftagro.com/es/blog-psyllium-husk-export-india-2026.html,0.0,0.0,0,0,0,0.0,0,0,0,0,no_gsc_data
https://jftagro.com/es/blog-red-chilli-teja-export-india-2026.html,0.0,0.0,0,0,0,0.0,0,0,0,0,no_gsc_data
https://jftagro.com/es/blog-sgs-inspection-indian-agro-exports.html,0.0,0.0,0,0,0,0.0,0,0,0,0,no_gsc_data
https://jftagro.com/es/blog-top-indian-agro-commodities-import-2026.html,0.0,0.0,0,0,0,0.0,0,0,0,0,no_gsc_data
https://jftagro.com/es/blog-turmeric-finger-export-india-2026.html,0.0,0.0,0,0,0,0.0,0,0,0,0,no_gsc_data
https://jftagro.com/es/blog-turmeric-market-outlook-2026.html,0.0,0.0,0,0,0,0.0,0,0,0,0,no_gsc_data
https://jftagro.com/es/blog.html,0.0,0.0,0,0,0,0.0,0,0,0,0,no_gsc_data
https://jftagro.com/es/buckwheat-exporter.html,0.0,0.0,0,0,0,0.0,0,0,0,0,no_gsc_data
https://jftagro.com/es/buyer-security.html,0.0,0.0,0,0,0,0.0,0,0,0,0,no_gsc_data
https://jftagro.com/es/cassia-tora-meal-exporter.html,0.0,0.0,0,0,0,0.0,0,0,0,0,no_gsc_data
https://jftagro.com/es/cassia-tora-seeds-exporter.html,0.0,0.0,0,0,0,0.0,0,0,0,0,no_gsc_data
https://jftagro.com/es/celery-seeds-powder-exporter.html,0.0,0.0,0,0,0,0.0,0,0,0,0,no_gsc_data
https://jftagro.com/es/certificates.html,0.0,0.0,0,0,0,0.0,0,0,0,0,no_gsc_data
https://jftagro.com/es/chickpeas-kabuli-exporter.html,0.0,0.0,0,0,0,0.0,0,0,0,0,no_gsc_data
https://jftagro.com/es/contact.html,0.0,0.0,0,0,0,0.0,0,0,0,0,no_gsc_data
https://jftagro.com/es/coriander-seeds-exporter.html,0.0,0.0,0,0,0,0.0,0,0,0,0,no_gsc_data
https://jftagro.com/es/corn-flour-maize-flour-exporter.html,0.0,0.0,0,0,0,0.0,0,0,0,0,no_gsc_data
https://jftagro.com/es/corn-gluten-meal-exporter.html,0.0,0.0,0,0,0,0.0,0,0,0,0,no_gsc_data
https://jftagro.com/es/corn-starch-exporter.html,0.0,0.0,0,0,0,0.0,0,0,0,0,no_gsc_data
https://jftagro.com/es/cotton-seed-oil-cake-exporter.html,0.0,0.0,0,0,0,0.0,0,0,0,0,no_gsc_data
https://jftagro.com/es/cumin-seeds-jeera-exporter.html,0.0,0.0,0,0,0,0.0,0,0,0,0,no_gsc_data
https://jftagro.com/es/curry-powder-exporter.html,0.0,0.0,0,0,0,0.0,0,0,0,0,no_gsc_data
https://jftagro.com/es/deoiled-rice-bran-dorb-exporter.html,0.0,0.0,0,0,0,0.0,0,0,0,0,no_gsc_data
https://jftagro.com/es/dill-seeds-powder-exporter.html,0.0,0.0,0,0,0,0.0,0,0,0,0,no_gsc_data
https://jftagro.com/es/dry-ginger-powder-exporter.html,0.0,0.0,0,0,0,0.0,0,0,0,0,no_gsc_data
https://jftagro.com/es/dry-red-chilli-exporter.html,0.0,0.0,0,0,0,0.0,0,0,0,0,no_gsc_data
https://jftagro.com/es/europe-trade.html,0.0,0.0,0,0,0,0.0,0,0,0,0,no_gsc_data
https://jftagro.com/es/export-documentation.html,0.0,0.0,0,0,0,0.0,0,0,0,0,no_gsc_data
https://jftagro.com/es/faq.html,0.0,0.0,0,0,0,0.0,0,0,0,0,no_gsc_data
https://jftagro.com/es/fennel-seeds-sounff-exporter.html,0.0,0.0,0,0,0,0.0,0,0,0,0,no_gsc_data
https://jftagro.com/es/fenugreek-seeds-methi-exporter.html,0.0,0.0,0,0,0,0.0,0,0,0,0,no_gsc_data
https://jftagro.com/es/galangal-root-exporter.html,0.0,0.0,0,0,0,0.0,0,0,0,0,no_gsc_data
https://jftagro.com/es/green-cardamom-exporter.html,0.0,0.0,0,0,0,0.0,0,0,0,0,no_gsc_data
https://jftagro.com/es/green-millet-bajra-exporter.html,0.0,0.0,0,0,0,0.0,0,0,0,0,no_gsc_data
https://jftagro.com/es/green-mung-beans-exporter.html,0.0,0.0,0,0,0,0.0,0,0,0,0,no_gsc_data
https://jftagro.com/es/grey-millet-exporter.html,0.0,0.0,0,0,0,0.0,0,0,0,0,no_gsc_data
https://jftagro.com/es/groundnut-oil-cake-exporter.html,0.0,0.0,0,0,0,0.0,0,0,0,0,no_gsc_data
https://jftagro.com/es/groundnuts-peanuts-exporter.html,0.0,0.0,0,0,0,0.0,0,0,0,0,no_gsc_data
https://jftagro.com/es/henna-leaves-exporter.html,0.0,0.0,0,0,0,0.0,0,0,0,0,no_gsc_data
https://jftagro.com/es/henna-powder-exporter.html,0.0,0.0,0,0,0,0.0,0,0,0,0,no_gsc_data
https://jftagro.com/es/indian-raisins-kishmish-exporter.html,0.0,0.0,0,0,0,0.0,0,0,0,0,no_gsc_data
https://jftagro.com/es/infrastructure.html,0.0,0.0,0,0,0,0.0,0,0,0,0,no_gsc_data
https://jftagro.com/es/maida-refined-wheat-flour-exporter.html,0.0,0.0,0,0,0,0.0,0,0,0,0,no_gsc_data
https://jftagro.com/es/maize-grits-exporter.html,0.0,0.0,0,0,0,0.0,0,0,0,0,no_gsc_data
https://jftagro.com/es/milling-wheat-exporter.html,0.0,0.0,0,0,0,0.0,0,0,0,0,no_gsc_data
https://jftagro.com/es/moringa-leaves-exporter.html,0.0,0.0,0,0,0,0.0,0,0,0,0,no_gsc_data
https://jftagro.com/es/moringa-powder-exporter.html,0.0,0.0,0,0,0,0.0,0,0,0,0,no_gsc_data
https://jftagro.com/es/mustard-seeds-powder-exporter.html,0.0,0.0,0,0,0,0.0,0,0,0,0,no_gsc_data
https://jftagro.com/es/packing-calculator.html,0.0,0.0,0,0,0,0.0,0,0,0,0,no_gsc_data
https://jftagro.com/es/port-transit-calculator.html,0.0,0.0,0,0,0,0.0,0,0,0,0,no_gsc_data
https://jftagro.com/es/pr-11-rice-exporter.html,0.0,0.0,0,0,0,0.0,0,0,0,0,no_gsc_data
https://jftagro.com/es/products.html,0.0,0.0,0,0,0,0.0,0,0,0,0,no_gsc_data
https://jftagro.com/es/psyllium-husk-exporter.html,0.0,0.0,0,0,0,0.0,0,0,0,0,no_gsc_data
https://jftagro.com/es/quality-control.html,0.0,0.0,0,0,0,0.0,0,0,0,0,no_gsc_data
https://jftagro.com/es/quote-calculator.html,0.0,0.0,0,0,0,0.0,0,0,0,0,no_gsc_data
https://jftagro.com/es/red-millet-exporter.html,0.0,0.0,0,0,0,0.0,0,0,0,0,no_gsc_data
https://jftagro.com/es/safflower-seeds-exporter.html,0.0,0.0,0,0,0,0.0,0,0,0,0,no_gsc_data
https://jftagro.com/es/samba-rice-exporter.html,0.0,0.0,0,0,0,0.0,0,0,0,0,no_gsc_data
https://jftagro.com/es/sample-request.html,0.0,0.0,0,0,0,0.0,0,0,0,0,no_gsc_data
https://jftagro.com/es/semolina-sooji-rava-exporter.html,0.0,0.0,0,0,0,0.0,0,0,0,0,no_gsc_data
https://jftagro.com/es/senna-leaves-exporter.html,0.0,0.0,0,0,0,0.0,0,0,0,0,no_gsc_data
https://jftagro.com/es/senna-pods-exporter.html,0.0,0.0,0,0,0,0.0,0,0,0,0,no_gsc_data
https://jftagro.com/es/sesame-seeds-naturalhulled-exporter.html,0.0,0.0,0,0,0,0.0,0,0,0,0,no_gsc_data
https://jftagro.com/es/shipment-tracker.html,0.0,0.0,0,0,0,0.0,0,0,0,0,no_gsc_data
https://jftagro.com/es/soya-bean-exporter.html,0.0,0.0,0,0,0,0.0,0,0,0,0,no_gsc_data
https://jftagro.com/es/soybean-meal-doc-exporter.html,0.0,0.0,0,0,0,0.0,0,0,0,0,no_gsc_data
https://jftagro.com/es/sugar-s30-supplier.html,0.0,0.0,0,0,0,0.0,0,0,0,0,no_gsc_data
https://jftagro.com/es/sunflower-seeds-exporter.html,0.0,0.0,0,0,0,0.0,0,0,0,0,no_gsc_data
https://jftagro.com/es/sunflower-seeds-in-shell-exporter.html,0.0,0.0,0,0,0,0.0,0,0,0,0,no_gsc_data
https://jftagro.com/es/tamarind-exporter.html,0.0,0.0,0,0,0,0.0,0,0,0,0,no_gsc_data
https://jftagro.com/es/toor-dal-split-pigeon-pea-exporter.html,0.0,0.0,0,0,0,0.0,0,0,0,0,no_gsc_data
https://jftagro.com/es/turmeric-finger-exporter.html,0.0,0.0,0,0,0,0.0,0,0,0,0,no_gsc_data
https://jftagro.com/es/uae-trade.html,0.0,0.0,0,0,0,0.0,0,0,0,0,no_gsc_data
https://jftagro.com/es/whatsapp-catalog.html,0.0,0.0,0,0,0,0.0,0,0,0,0,no_gsc_data
https://jftagro.com/es/wheat-flour-chakki-fresh-atta-exporter.html,0.0,0.0,0,0,0,0.0,0,0,0,0,no_gsc_data
https://jftagro.com/es/wheat-grass-powder-exporter.html,0.0,0.0,0,0,0,0.0,0,0,0,0,no_gsc_data
https://jftagro.com/es/white-sorghum-jowar-exporter.html,0.0,0.0,0,0,0,0.0,0,0,0,0,no_gsc_data
https://jftagro.com/es/whole-nutmeg-powder-exporter.html,0.0,0.0,0,0,0,0.0,0,0,0,0,no_gsc_data
https://jftagro.com/es/yellow-maize-corn-exporter.html,0.0,0.0,0,0,0,0.0,0,0,0,0,no_gsc_data
https://jftagro.com/es/yellow-peas-matar-exporter.html,0.0,0.0,0,0,0,0.0,0,0,0,0,no_gsc_data
https://jftagro.com/europe-trade.html,0.0,0.0,0,0,0,0.0,0,0,0,0,no_gsc_data
https://jftagro.com/export-documentation.html,0.0,0.0,0,0,0,0.0,0,0,0,0,no_gsc_data
https://jftagro.com/faq.html,0.0,0.0,0,0,0,0.0,0,0,0,0,no_gsc_data
https://jftagro.com/fennel-seeds-sounff-exporter.html,0.0,0.0,0,0,0,0.0,0,0,0,0,no_gsc_data
https://jftagro.com/fenugreek-seeds-methi-exporter.html,0.0,0.0,0,0,0,0.0,0,0,0,0,no_gsc_data
https://jftagro.com/fr/,0.0,0.0,0,0,0,0.0,0,0,0,0,no_gsc_data
https://jftagro.com/fr/10-parboiled-rice-ir-64-exporter.html,0.0,0.0,0,0,0,0.0,0,0,0,0,no_gsc_data
https://jftagro.com/fr/100-broken-rice-exporter.html,0.0,0.0,0,0,0,0.0,0,0,0,0,no_gsc_data
https://jftagro.com/fr/1121-basmati-rice-exporter.html,0.0,0.0,0,0,0,0.0,0,0,0,0,no_gsc_data
https://jftagro.com/fr/1121-raw-basmati-rice-exporter.html,0.0,0.0,0,0,0,0.0,0,0,0,0,no_gsc_data
https://jftagro.com/fr/1121-steam-basmati-rice-exporter.html,0.0,0.0,0,0,0,0.0,0,0,0,0,no_gsc_data
https://jftagro.com/fr/1121-white-sella-basmati-exporter.html,0.0,0.0,0,0,0,0.0,0,0,0,0,no_gsc_data
https://jftagro.com/fr/1401-golden-sella-basmati-exporter.html,0.0,0.0,0,0,0,0.0,0,0,0,0,no_gsc_data
https://jftagro.com/fr/1401-sella-basmati-rice-exporter.html,0.0,0.0,0,0,0,0.0,0,0,0,0,no_gsc_data
https://jftagro.com/fr/1401-steam-basmati-rice-exporter.html,0.0,0.0,0,0,0,0.0,0,0,0,0,no_gsc_data
https://jftagro.com/fr/1509-golden-sella-basmati-exporter.html,0.0,0.0,0,0,0,0.0,0,0,0,0,no_gsc_data
https://jftagro.com/fr/1509-steam-basmati-rice-exporter.html,0.0,0.0,0,0,0,0.0,0,0,0,0,no_gsc_data
https://jftagro.com/fr/1718-golden-sella-basmati-exporter.html,0.0,0.0,0,0,0,0.0,0,0,0,0,no_gsc_data
https://jftagro.com/fr/1718-steam-basmati-rice-exporter.html,0.0,0.0,0,0,0,0.0,0,0,0,0,no_gsc_data
https://jftagro.com/fr/25-silky-sortex-short-grain-exporter.html,0.0,0.0,0,0,0,0.0,0,0,0,0,no_gsc_data
https://jftagro.com/fr/25-silky-sortex-white-exporter.html,0.0,0.0,0,0,0,0.0,0,0,0,0,no_gsc_data
https://jftagro.com/fr/5-parboiled-rice-ir-64-exporter.html,0.0,0.0,0,0,0,0.0,0,0,0,0,no_gsc_data
https://jftagro.com/fr/5-silky-sortex-short-grain-exporter.html,0.0,0.0,0,0,0,0.0,0,0,0,0,no_gsc_data
https://jftagro.com/fr/5-silky-sortex-white-exporter.html,0.0,0.0,0,0,0,0.0,0,0,0,0,no_gsc_data
https://jftagro.com/fr/about.html,0.0,0.0,0,0,0,0.0,0,0,0,0,no_gsc_data
https://jftagro.com/fr/africa-trade.html,0.0,0.0,0,0,0,0.0,0,0,0,0,no_gsc_data
https://jftagro.com/fr/ajwain-seeds-powder-exporter.html,0.0,0.0,0,0,0,0.0,0,0,0,0,no_gsc_data
https://jftagro.com/fr/akarkara-root-exporter.html,0.0,0.0,0,0,0,0.0,0,0,0,0,no_gsc_data
https://jftagro.com/fr/asaliya-seeds-exporter.html,0.0,0.0,0,0,0,0.0,0,0,0,0,no_gsc_data
https://jftagro.com/fr/asia-trade.html,0.0,0.0,0,0,0,0.0,0,0,0,0,no_gsc_data
https://jftagro.com/fr/barley-seeds-exporter.html,0.0,0.0,0,0,0,0.0,0,0,0,0,no_gsc_data
https://jftagro.com/fr/basil-seeds-exporter.html,0.0,0.0,0,0,0,0.0,0,0,0,0,no_gsc_data
https://jftagro.com/fr/bay-leaf-exporter.html,0.0,0.0,0,0,0,0.0,0,0,0,0,no_gsc_data
https://jftagro.com/fr/black-cumin-seeds-nigella-exporter.html,0.0,0.0,0,0,0,0.0,0,0,0,0,no_gsc_data
https://jftagro.com/fr/black-himaj-exporter.html,0.0,0.0,0,0,0,0.0,0,0,0,0,no_gsc_data
https://jftagro.com/fr/black-pepper-powder-exporter.html,0.0,0.0,0,0,0,0.0,0,0,0,0,no_gsc_data
https://jftagro.com/fr/blog-apeda-registration-indian-exporter-explained.html,0.0,0.0,0,0,0,0.0,0,0,0,0,no_gsc_data
https://jftagro.com/fr/blog-basmati-export-guide.html,0.0,0.0,0,0,0,0.0,0,0,0,0,no_gsc_data
https://jftagro.com/fr/blog-bill-of-lading-explained-importers.html,0.0,0.0,0,0,0,0.0,0,0,0,0,no_gsc_data
https://jftagro.com/fr/blog-certificate-of-analysis-food-imports.html,0.0,0.0,0,0,0,0.0,0,0,0,0,no_gsc_data
https://jftagro.com/fr/blog-cumin-jeera-price-outlook-2026.html,0.0,0.0,0,0,0,0.0,0,0,0,0,no_gsc_data
https://jftagro.com/fr/blog-food-container-loading-inspection-checklist.html,0.0,0.0,0,0,0,0.0,0,0,0,0,no_gsc_data
https://jftagro.com/fr/blog-green-mung-beans-export-india-2026.html,0.0,0.0,0,0,0,0.0,0,0,0,0,no_gsc_data
https://jftagro.com/fr/blog-how-to-choose-indian-agro-exporter.html,0.0,0.0,0,0,0,0.0,0,0,0,0,no_gsc_data
https://jftagro.com/fr/blog-how-to-export-india-to-africa.html,0.0,0.0,0,0,0,0.0,0,0,0,0,no_gsc_data
https://jftagro.com/fr/blog-how-to-import-rice-nigeria-west-africa.html,0.0,0.0,0,0,0,0.0,0,0,0,0,no_gsc_data
https://jftagro.com/fr/blog-how-to-read-proforma-invoice-india-export.html,0.0,0.0,0,0,0,0.0,0,0,0,0,no_gsc_data
https://jftagro.com/fr/blog-how-to-write-agro-commodity-purchase-specification.html,0.0,0.0,0,0,0,0.0,0,0,0,0,no_gsc_data
https://jftagro.com/fr/blog-import-duty-indian-rice-by-country.html,0.0,0.0,0,0,0,0.0,0,0,0,0,no_gsc_data
https://jftagro.com/fr/blog-import-indian-agro-kenya-east-africa.html,0.0,0.0,0,0,0,0.0,0,0,0,0,no_gsc_data
https://jftagro.com/fr/blog-india-rice-export-sri-lanka-bangladesh.html,0.0,0.0,0,0,0,0.0,0,0,0,0,no_gsc_data
https://jftagro.com/fr/blog-india-vs-thailand-rice-comparison.html,0.0,0.0,0,0,0,0.0,0,0,0,0,no_gsc_data
https://jftagro.com/fr/blog-ir64-export.html,0.0,0.0,0,0,0,0.0,0,0,0,0,no_gsc_data
https://jftagro.com/fr/blog-letter-of-credit-food-imports-india.html,0.0,0.0,0,0,0,0.0,0,0,0,0,no_gsc_data
https://jftagro.com/fr/blog-psyllium-husk-export-india-2026.html,0.0,0.0,0,0,0,0.0,0,0,0,0,no_gsc_data
https://jftagro.com/fr/blog-red-chilli-teja-export-india-2026.html,0.0,0.0,0,0,0,0.0,0,0,0,0,no_gsc_data
https://jftagro.com/fr/blog-sgs-inspection-indian-agro-exports.html,0.0,0.0,0,0,0,0.0,0,0,0,0,no_gsc_data
https://jftagro.com/fr/blog-top-indian-agro-commodities-import-2026.html,0.0,0.0,0,0,0,0.0,0,0,0,0,no_gsc_data
https://jftagro.com/fr/blog-turmeric-finger-export-india-2026.html,0.0,0.0,0,0,0,0.0,0,0,0,0,no_gsc_data
https://jftagro.com/fr/blog-turmeric-market-outlook-2026.html,0.0,0.0,0,0,0,0.0,0,0,0,0,no_gsc_data
https://jftagro.com/fr/blog.html,0.0,0.0,0,0,0,0.0,0,0,0,0,no_gsc_data
https://jftagro.com/fr/buckwheat-exporter.html,0.0,0.0,0,0,0,0.0,0,0,0,0,no_gsc_data
https://jftagro.com/fr/buyer-security.html,0.0,0.0,0,0,0,0.0,0,0,0,0,no_gsc_data
https://jftagro.com/fr/cassia-tora-meal-exporter.html,0.0,0.0,0,0,0,0.0,0,0,0,0,no_gsc_data
https://jftagro.com/fr/cassia-tora-seeds-exporter.html,0.0,0.0,0,0,0,0.0,0,0,0,0,no_gsc_data
https://jftagro.com/fr/celery-seeds-powder-exporter.html,0.0,0.0,0,0,0,0.0,0,0,0,0,no_gsc_data
https://jftagro.com/fr/certificates.html,0.0,0.0,0,0,0,0.0,0,0,0,0,no_gsc_data
https://jftagro.com/fr/chickpeas-kabuli-exporter.html,0.0,0.0,0,0,0,0.0,0,0,0,0,no_gsc_data
https://jftagro.com/fr/contact.html,0.0,0.0,0,0,0,0.0,0,0,0,0,no_gsc_data
https://jftagro.com/fr/coriander-seeds-exporter.html,0.0,0.0,0,0,0,0.0,0,0,0,0,no_gsc_data
https://jftagro.com/fr/corn-flour-maize-flour-exporter.html,0.0,0.0,0,0,0,0.0,0,0,0,0,no_gsc_data
https://jftagro.com/fr/corn-gluten-meal-exporter.html,0.0,0.0,0,0,0,0.0,0,0,0,0,no_gsc_data
https://jftagro.com/fr/corn-starch-exporter.html,0.0,0.0,0,0,0,0.0,0,0,0,0,no_gsc_data
https://jftagro.com/fr/cotton-seed-oil-cake-exporter.html,0.0,0.0,0,0,0,0.0,0,0,0,0,no_gsc_data
https://jftagro.com/fr/cumin-seeds-jeera-exporter.html,0.0,0.0,0,0,0,0.0,0,0,0,0,no_gsc_data
https://jftagro.com/fr/curry-powder-exporter.html,0.0,0.0,0,0,0,0.0,0,0,0,0,no_gsc_data
https://jftagro.com/fr/deoiled-rice-bran-dorb-exporter.html,0.0,0.0,0,0,0,0.0,0,0,0,0,no_gsc_data
https://jftagro.com/fr/dill-seeds-powder-exporter.html,0.0,0.0,0,0,0,0.0,0,0,0,0,no_gsc_data
https://jftagro.com/fr/dry-ginger-powder-exporter.html,0.0,0.0,0,0,0,0.0,0,0,0,0,no_gsc_data
https://jftagro.com/fr/dry-red-chilli-exporter.html,0.0,0.0,0,0,0,0.0,0,0,0,0,no_gsc_data
https://jftagro.com/fr/europe-trade.html,0.0,0.0,0,0,0,0.0,0,0,0,0,no_gsc_data
https://jftagro.com/fr/export-documentation.html,0.0,0.0,0,0,0,0.0,0,0,0,0,no_gsc_data
https://jftagro.com/fr/faq.html,0.0,0.0,0,0,0,0.0,0,0,0,0,no_gsc_data
https://jftagro.com/fr/fennel-seeds-sounff-exporter.html,0.0,0.0,0,0,0,0.0,0,0,0,0,no_gsc_data
https://jftagro.com/fr/fenugreek-seeds-methi-exporter.html,0.0,0.0,0,0,0,0.0,0,0,0,0,no_gsc_data
https://jftagro.com/fr/galangal-root-exporter.html,0.0,0.0,0,0,0,0.0,0,0,0,0,no_gsc_data
https://jftagro.com/fr/green-cardamom-exporter.html,0.0,0.0,0,0,0,0.0,0,0,0,0,no_gsc_data
https://jftagro.com/fr/green-millet-bajra-exporter.html,0.0,0.0,0,0,0,0.0,0,0,0,0,no_gsc_data
https://jftagro.com/fr/green-mung-beans-exporter.html,0.0,0.0,0,0,0,0.0,0,0,0,0,no_gsc_data
https://jftagro.com/fr/grey-millet-exporter.html,0.0,0.0,0,0,0,0.0,0,0,0,0,no_gsc_data
https://jftagro.com/fr/groundnut-oil-cake-exporter.html,0.0,0.0,0,0,0,0.0,0,0,0,0,no_gsc_data
https://jftagro.com/fr/groundnuts-peanuts-exporter.html,0.0,0.0,0,0,0,0.0,0,0,0,0,no_gsc_data
https://jftagro.com/fr/henna-leaves-exporter.html,0.0,0.0,0,0,0,0.0,0,0,0,0,no_gsc_data
https://jftagro.com/fr/henna-powder-exporter.html,0.0,0.0,0,0,0,0.0,0,0,0,0,no_gsc_data
https://jftagro.com/fr/indian-raisins-kishmish-exporter.html,0.0,0.0,0,0,0,0.0,0,0,0,0,no_gsc_data
https://jftagro.com/fr/infrastructure.html,0.0,0.0,0,0,0,0.0,0,0,0,0,no_gsc_data
https://jftagro.com/fr/maida-refined-wheat-flour-exporter.html,0.0,0.0,0,0,0,0.0,0,0,0,0,no_gsc_data
https://jftagro.com/fr/maize-grits-exporter.html,0.0,0.0,0,0,0,0.0,0,0,0,0,no_gsc_data
https://jftagro.com/fr/milling-wheat-exporter.html,0.0,0.0,0,0,0,0.0,0,0,0,0,no_gsc_data
https://jftagro.com/fr/moringa-leaves-exporter.html,0.0,0.0,0,0,0,0.0,0,0,0,0,no_gsc_data
https://jftagro.com/fr/moringa-powder-exporter.html,0.0,0.0,0,0,0,0.0,0,0,0,0,no_gsc_data
https://jftagro.com/fr/mustard-seeds-powder-exporter.html,0.0,0.0,0,0,0,0.0,0,0,0,0,no_gsc_data
https://jftagro.com/fr/packing-calculator.html,0.0,0.0,0,0,0,0.0,0,0,0,0,no_gsc_data
https://jftagro.com/fr/port-transit-calculator.html,0.0,0.0,0,0,0,0.0,0,0,0,0,no_gsc_data
https://jftagro.com/fr/pr-11-rice-exporter.html,0.0,0.0,0,0,0,0.0,0,0,0,0,no_gsc_data
https://jftagro.com/fr/products.html,0.0,0.0,0,0,0,0.0,0,0,0,0,no_gsc_data
https://jftagro.com/fr/psyllium-husk-exporter.html,0.0,0.0,0,0,0,0.0,0,0,0,0,no_gsc_data
https://jftagro.com/fr/quality-control.html,0.0,0.0,0,0,0,0.0,0,0,0,0,no_gsc_data
https://jftagro.com/fr/quote-calculator.html,0.0,0.0,0,0,0,0.0,0,0,0,0,no_gsc_data
https://jftagro.com/fr/red-millet-exporter.html,0.0,0.0,0,0,0,0.0,0,0,0,0,no_gsc_data
https://jftagro.com/fr/safflower-seeds-exporter.html,0.0,0.0,0,0,0,0.0,0,0,0,0,no_gsc_data
https://jftagro.com/fr/samba-rice-exporter.html,0.0,0.0,0,0,0,0.0,0,0,0,0,no_gsc_data
https://jftagro.com/fr/sample-request.html,0.0,0.0,0,0,0,0.0,0,0,0,0,no_gsc_data
https://jftagro.com/fr/semolina-sooji-rava-exporter.html,0.0,0.0,0,0,0,0.0,0,0,0,0,no_gsc_data
https://jftagro.com/fr/senna-leaves-exporter.html,0.0,0.0,0,0,0,0.0,0,0,0,0,no_gsc_data
https://jftagro.com/fr/senna-pods-exporter.html,0.0,0.0,0,0,0,0.0,0,0,0,0,no_gsc_data
https://jftagro.com/fr/sesame-seeds-naturalhulled-exporter.html,0.0,0.0,0,0,0,0.0,0,0,0,0,no_gsc_data
https://jftagro.com/fr/shipment-tracker.html,0.0,0.0,0,0,0,0.0,0,0,0,0,no_gsc_data
https://jftagro.com/fr/soya-bean-exporter.html,0.0,0.0,0,0,0,0.0,0,0,0,0,no_gsc_data
https://jftagro.com/fr/soybean-meal-doc-exporter.html,0.0,0.0,0,0,0,0.0,0,0,0,0,no_gsc_data
https://jftagro.com/fr/sugar-s30-supplier.html,0.0,0.0,0,0,0,0.0,0,0,0,0,no_gsc_data
https://jftagro.com/fr/sunflower-seeds-exporter.html,0.0,0.0,0,0,0,0.0,0,0,0,0,no_gsc_data
https://jftagro.com/fr/sunflower-seeds-in-shell-exporter.html,0.0,0.0,0,0,0,0.0,0,0,0,0,no_gsc_data
https://jftagro.com/fr/tamarind-exporter.html,0.0,0.0,0,0,0,0.0,0,0,0,0,no_gsc_data
https://jftagro.com/fr/toor-dal-split-pigeon-pea-exporter.html,0.0,0.0,0,0,0,0.0,0,0,0,0,no_gsc_data
https://jftagro.com/fr/turmeric-finger-exporter.html,0.0,0.0,0,0,0,0.0,0,0,0,0,no_gsc_data
https://jftagro.com/fr/uae-trade.html,0.0,0.0,0,0,0,0.0,0,0,0,0,no_gsc_data
https://jftagro.com/fr/whatsapp-catalog.html,0.0,0.0,0,0,0,0.0,0,0,0,0,no_gsc_data
https://jftagro.com/fr/wheat-flour-chakki-fresh-atta-exporter.html,0.0,0.0,0,0,0,0.0,0,0,0,0,no_gsc_data
https://jftagro.com/fr/wheat-grass-powder-exporter.html,0.0,0.0,0,0,0,0.0,0,0,0,0,no_gsc_data
https://jftagro.com/fr/white-sorghum-jowar-exporter.html,0.0,0.0,0,0,0,0.0,0,0,0,0,no_gsc_data
https://jftagro.com/fr/whole-nutmeg-powder-exporter.html,0.0,0.0,0,0,0,0.0,0,0,0,0,no_gsc_data
https://jftagro.com/fr/yellow-maize-corn-exporter.html,0.0,0.0,0,0,0,0.0,0,0,0,0,no_gsc_data
https://jftagro.com/fr/yellow-peas-matar-exporter.html,0.0,0.0,0,0,0,0.0,0,0,0,0,no_gsc_data
https://jftagro.com/galangal-root-exporter.html,0.0,0.0,0,0,0,0.0,0,0,0,0,no_gsc_data
https://jftagro.com/green-cardamom-exporter.html,0.0,0.0,0,0,0,0.0,0,0,0,0,no_gsc_data
https://jftagro.com/green-millet-bajra-exporter.html,0.0,0.0,0,0,0,0.0,0,0,0,0,no_gsc_data
https://jftagro.com/green-mung-beans-exporter.html,0.0,0.0,0,0,0,0.0,0,0,0,0,no_gsc_data
https://jftagro.com/grey-millet-exporter.html,0.0,0.0,0,0,0,0.0,0,0,0,0,no_gsc_data
https://jftagro.com/groundnut-oil-cake-exporter.html,0.0,0.0,0,0,0,0.0,0,0,0,0,no_gsc_data
https://jftagro.com/groundnuts-peanuts-exporter.html,0.0,0.0,0,0,0,0.0,0,0,0,0,no_gsc_data
https://jftagro.com/henna-leaves-exporter.html,0.0,0.0,0,0,0,0.0,0,0,0,0,no_gsc_data
https://jftagro.com/henna-powder-exporter.html,0.0,0.0,0,0,0,0.0,0,0,0,0,no_gsc_data
https://jftagro.com/id/,0.0,0.0,0,0,0,0.0,0,0,0,0,no_gsc_data
https://jftagro.com/id/10-parboiled-rice-ir-64-exporter.html,0.0,0.0,0,0,0,0.0,0,0,0,0,no_gsc_data
https://jftagro.com/id/100-broken-rice-exporter.html,0.0,0.0,0,0,0,0.0,0,0,0,0,no_gsc_data
https://jftagro.com/id/1121-basmati-rice-exporter.html,0.0,0.0,0,0,0,0.0,0,0,0,0,no_gsc_data
https://jftagro.com/id/1121-raw-basmati-rice-exporter.html,0.0,0.0,0,0,0,0.0,0,0,0,0,no_gsc_data
https://jftagro.com/id/1121-steam-basmati-rice-exporter.html,0.0,0.0,0,0,0,0.0,0,0,0,0,no_gsc_data
https://jftagro.com/id/1121-white-sella-basmati-exporter.html,0.0,0.0,0,0,0,0.0,0,0,0,0,no_gsc_data
https://jftagro.com/id/1401-golden-sella-basmati-exporter.html,0.0,0.0,0,0,0,0.0,0,0,0,0,no_gsc_data
https://jftagro.com/id/1401-sella-basmati-rice-exporter.html,0.0,0.0,0,0,0,0.0,0,0,0,0,no_gsc_data
https://jftagro.com/id/1401-steam-basmati-rice-exporter.html,0.0,0.0,0,0,0,0.0,0,0,0,0,no_gsc_data
https://jftagro.com/id/1509-golden-sella-basmati-exporter.html,0.0,0.0,0,0,0,0.0,0,0,0,0,no_gsc_data
https://jftagro.com/id/1509-steam-basmati-rice-exporter.html,0.0,0.0,0,0,0,0.0,0,0,0,0,no_gsc_data
https://jftagro.com/id/1718-golden-sella-basmati-exporter.html,0.0,0.0,0,0,0,0.0,0,0,0,0,no_gsc_data
https://jftagro.com/id/1718-steam-basmati-rice-exporter.html,0.0,0.0,0,0,0,0.0,0,0,0,0,no_gsc_data
https://jftagro.com/id/25-silky-sortex-short-grain-exporter.html,0.0,0.0,0,0,0,0.0,0,0,0,0,no_gsc_data
https://jftagro.com/id/25-silky-sortex-white-exporter.html,0.0,0.0,0,0,0,0.0,0,0,0,0,no_gsc_data
https://jftagro.com/id/5-parboiled-rice-ir-64-exporter.html,0.0,0.0,0,0,0,0.0,0,0,0,0,no_gsc_data
https://jftagro.com/id/5-silky-sortex-short-grain-exporter.html,0.0,0.0,0,0,0,0.0,0,0,0,0,no_gsc_data
https://jftagro.com/id/5-silky-sortex-white-exporter.html,0.0,0.0,0,0,0,0.0,0,0,0,0,no_gsc_data
https://jftagro.com/id/about.html,0.0,0.0,0,0,0,0.0,0,0,0,0,no_gsc_data
https://jftagro.com/id/africa-trade.html,0.0,0.0,0,0,0,0.0,0,0,0,0,no_gsc_data
https://jftagro.com/id/ajwain-seeds-powder-exporter.html,0.0,0.0,0,0,0,0.0,0,0,0,0,no_gsc_data
https://jftagro.com/id/akarkara-root-exporter.html,0.0,0.0,0,0,0,0.0,0,0,0,0,no_gsc_data
https://jftagro.com/id/asaliya-seeds-exporter.html,0.0,0.0,0,0,0,0.0,0,0,0,0,no_gsc_data
https://jftagro.com/id/asia-trade.html,0.0,0.0,0,0,0,0.0,0,0,0,0,no_gsc_data
https://jftagro.com/id/barley-seeds-exporter.html,0.0,0.0,0,0,0,0.0,0,0,0,0,no_gsc_data
https://jftagro.com/id/basil-seeds-exporter.html,0.0,0.0,0,0,0,0.0,0,0,0,0,no_gsc_data
https://jftagro.com/id/bay-leaf-exporter.html,0.0,0.0,0,0,0,0.0,0,0,0,0,no_gsc_data
https://jftagro.com/id/black-cumin-seeds-nigella-exporter.html,0.0,0.0,0,0,0,0.0,0,0,0,0,no_gsc_data
https://jftagro.com/id/black-himaj-exporter.html,0.0,0.0,0,0,0,0.0,0,0,0,0,no_gsc_data
https://jftagro.com/id/black-pepper-powder-exporter.html,0.0,0.0,0,0,0,0.0,0,0,0,0,no_gsc_data
https://jftagro.com/id/blog-apeda-registration-indian-exporter-explained.html,0.0,0.0,0,0,0,0.0,0,0,0,0,no_gsc_data
https://jftagro.com/id/blog-basmati-export-guide.html,0.0,0.0,0,0,0,0.0,0,0,0,0,no_gsc_data
https://jftagro.com/id/blog-bill-of-lading-explained-importers.html,0.0,0.0,0,0,0,0.0,0,0,0,0,no_gsc_data
https://jftagro.com/id/blog-certificate-of-analysis-food-imports.html,0.0,0.0,0,0,0,0.0,0,0,0,0,no_gsc_data
https://jftagro.com/id/blog-cumin-jeera-price-outlook-2026.html,0.0,0.0,0,0,0,0.0,0,0,0,0,no_gsc_data
https://jftagro.com/id/blog-food-container-loading-inspection-checklist.html,0.0,0.0,0,0,0,0.0,0,0,0,0,no_gsc_data
https://jftagro.com/id/blog-green-mung-beans-export-india-2026.html,0.0,0.0,0,0,0,0.0,0,0,0,0,no_gsc_data
https://jftagro.com/id/blog-how-to-choose-indian-agro-exporter.html,0.0,0.0,0,0,0,0.0,0,0,0,0,no_gsc_data
https://jftagro.com/id/blog-how-to-export-india-to-africa.html,0.0,0.0,0,0,0,0.0,0,0,0,0,no_gsc_data
https://jftagro.com/id/blog-how-to-import-rice-nigeria-west-africa.html,0.0,0.0,0,0,0,0.0,0,0,0,0,no_gsc_data
https://jftagro.com/id/blog-how-to-read-proforma-invoice-india-export.html,0.0,0.0,0,0,0,0.0,0,0,0,0,no_gsc_data
https://jftagro.com/id/blog-how-to-write-agro-commodity-purchase-specification.html,0.0,0.0,0,0,0,0.0,0,0,0,0,no_gsc_data
https://jftagro.com/id/blog-import-duty-indian-rice-by-country.html,0.0,0.0,0,0,0,0.0,0,0,0,0,no_gsc_data
https://jftagro.com/id/blog-import-indian-agro-kenya-east-africa.html,0.0,0.0,0,0,0,0.0,0,0,0,0,no_gsc_data
https://jftagro.com/id/blog-india-rice-export-sri-lanka-bangladesh.html,0.0,0.0,0,0,0,0.0,0,0,0,0,no_gsc_data
https://jftagro.com/id/blog-india-vs-thailand-rice-comparison.html,0.0,0.0,0,0,0,0.0,0,0,0,0,no_gsc_data
https://jftagro.com/id/blog-ir64-export.html,0.0,0.0,0,0,0,0.0,0,0,0,0,no_gsc_data
https://jftagro.com/id/blog-letter-of-credit-food-imports-india.html,0.0,0.0,0,0,0,0.0,0,0,0,0,no_gsc_data
https://jftagro.com/id/blog-psyllium-husk-export-india-2026.html,0.0,0.0,0,0,0,0.0,0,0,0,0,no_gsc_data
https://jftagro.com/id/blog-red-chilli-teja-export-india-2026.html,0.0,0.0,0,0,0,0.0,0,0,0,0,no_gsc_data
https://jftagro.com/id/blog-sgs-inspection-indian-agro-exports.html,0.0,0.0,0,0,0,0.0,0,0,0,0,no_gsc_data
https://jftagro.com/id/blog-top-indian-agro-commodities-import-2026.html,0.0,0.0,0,0,0,0.0,0,0,0,0,no_gsc_data
https://jftagro.com/id/blog-turmeric-finger-export-india-2026.html,0.0,0.0,0,0,0,0.0,0,0,0,0,no_gsc_data
https://jftagro.com/id/blog-turmeric-market-outlook-2026.html,0.0,0.0,0,0,0,0.0,0,0,0,0,no_gsc_data
https://jftagro.com/id/blog.html,0.0,0.0,0,0,0,0.0,0,0,0,0,no_gsc_data
https://jftagro.com/id/buckwheat-exporter.html,0.0,0.0,0,0,0,0.0,0,0,0,0,no_gsc_data
https://jftagro.com/id/buyer-security.html,0.0,0.0,0,0,0,0.0,0,0,0,0,no_gsc_data
https://jftagro.com/id/cassia-tora-meal-exporter.html,0.0,0.0,0,0,0,0.0,0,0,0,0,no_gsc_data
https://jftagro.com/id/cassia-tora-seeds-exporter.html,0.0,0.0,0,0,0,0.0,0,0,0,0,no_gsc_data
https://jftagro.com/id/celery-seeds-powder-exporter.html,0.0,0.0,0,0,0,0.0,0,0,0,0,no_gsc_data
https://jftagro.com/id/certificates.html,0.0,0.0,0,0,0,0.0,0,0,0,0,no_gsc_data
https://jftagro.com/id/chickpeas-kabuli-exporter.html,0.0,0.0,0,0,0,0.0,0,0,0,0,no_gsc_data
https://jftagro.com/id/contact.html,0.0,0.0,0,0,0,0.0,0,0,0,0,no_gsc_data
https://jftagro.com/id/coriander-seeds-exporter.html,0.0,0.0,0,0,0,0.0,0,0,0,0,no_gsc_data
https://jftagro.com/id/corn-flour-maize-flour-exporter.html,0.0,0.0,0,0,0,0.0,0,0,0,0,no_gsc_data
https://jftagro.com/id/corn-gluten-meal-exporter.html,0.0,0.0,0,0,0,0.0,0,0,0,0,no_gsc_data
https://jftagro.com/id/corn-starch-exporter.html,0.0,0.0,0,0,0,0.0,0,0,0,0,no_gsc_data
https://jftagro.com/id/cotton-seed-oil-cake-exporter.html,0.0,0.0,0,0,0,0.0,0,0,0,0,no_gsc_data
https://jftagro.com/id/cumin-seeds-jeera-exporter.html,0.0,0.0,0,0,0,0.0,0,0,0,0,no_gsc_data
https://jftagro.com/id/curry-powder-exporter.html,0.0,0.0,0,0,0,0.0,0,0,0,0,no_gsc_data
https://jftagro.com/id/deoiled-rice-bran-dorb-exporter.html,0.0,0.0,0,0,0,0.0,0,0,0,0,no_gsc_data
https://jftagro.com/id/dill-seeds-powder-exporter.html,0.0,0.0,0,0,0,0.0,0,0,0,0,no_gsc_data
https://jftagro.com/id/dry-ginger-powder-exporter.html,0.0,0.0,0,0,0,0.0,0,0,0,0,no_gsc_data
https://jftagro.com/id/dry-red-chilli-exporter.html,0.0,0.0,0,0,0,0.0,0,0,0,0,no_gsc_data
https://jftagro.com/id/europe-trade.html,0.0,0.0,0,0,0,0.0,0,0,0,0,no_gsc_data
https://jftagro.com/id/export-documentation.html,0.0,0.0,0,0,0,0.0,0,0,0,0,no_gsc_data
https://jftagro.com/id/faq.html,0.0,0.0,0,0,0,0.0,0,0,0,0,no_gsc_data
https://jftagro.com/id/fennel-seeds-sounff-exporter.html,0.0,0.0,0,0,0,0.0,0,0,0,0,no_gsc_data
https://jftagro.com/id/fenugreek-seeds-methi-exporter.html,0.0,0.0,0,0,0,0.0,0,0,0,0,no_gsc_data
https://jftagro.com/id/galangal-root-exporter.html,0.0,0.0,0,0,0,0.0,0,0,0,0,no_gsc_data
https://jftagro.com/id/green-cardamom-exporter.html,0.0,0.0,0,0,0,0.0,0,0,0,0,no_gsc_data
https://jftagro.com/id/green-millet-bajra-exporter.html,0.0,0.0,0,0,0,0.0,0,0,0,0,no_gsc_data
https://jftagro.com/id/green-mung-beans-exporter.html,0.0,0.0,0,0,0,0.0,0,0,0,0,no_gsc_data
https://jftagro.com/id/grey-millet-exporter.html,0.0,0.0,0,0,0,0.0,0,0,0,0,no_gsc_data
https://jftagro.com/id/groundnut-oil-cake-exporter.html,0.0,0.0,0,0,0,0.0,0,0,0,0,no_gsc_data
https://jftagro.com/id/groundnuts-peanuts-exporter.html,0.0,0.0,0,0,0,0.0,0,0,0,0,no_gsc_data
https://jftagro.com/id/henna-leaves-exporter.html,0.0,0.0,0,0,0,0.0,0,0,0,0,no_gsc_data
https://jftagro.com/id/henna-powder-exporter.html,0.0,0.0,0,0,0,0.0,0,0,0,0,no_gsc_data
https://jftagro.com/id/indian-raisins-kishmish-exporter.html,0.0,0.0,0,0,0,0.0,0,0,0,0,no_gsc_data
https://jftagro.com/id/infrastructure.html,0.0,0.0,0,0,0,0.0,0,0,0,0,no_gsc_data
https://jftagro.com/id/maida-refined-wheat-flour-exporter.html,0.0,0.0,0,0,0,0.0,0,0,0,0,no_gsc_data
https://jftagro.com/id/maize-grits-exporter.html,0.0,0.0,0,0,0,0.0,0,0,0,0,no_gsc_data
https://jftagro.com/id/milling-wheat-exporter.html,0.0,0.0,0,0,0,0.0,0,0,0,0,no_gsc_data
https://jftagro.com/id/moringa-leaves-exporter.html,0.0,0.0,0,0,0,0.0,0,0,0,0,no_gsc_data
https://jftagro.com/id/moringa-powder-exporter.html,0.0,0.0,0,0,0,0.0,0,0,0,0,no_gsc_data
https://jftagro.com/id/mustard-seeds-powder-exporter.html,0.0,0.0,0,0,0,0.0,0,0,0,0,no_gsc_data
https://jftagro.com/id/packing-calculator.html,0.0,0.0,0,0,0,0.0,0,0,0,0,no_gsc_data
https://jftagro.com/id/port-transit-calculator.html,0.0,0.0,0,0,0,0.0,0,0,0,0,no_gsc_data
https://jftagro.com/id/pr-11-rice-exporter.html,0.0,0.0,0,0,0,0.0,0,0,0,0,no_gsc_data
https://jftagro.com/id/products.html,0.0,0.0,0,0,0,0.0,0,0,0,0,no_gsc_data
https://jftagro.com/id/psyllium-husk-exporter.html,0.0,0.0,0,0,0,0.0,0,0,0,0,no_gsc_data
https://jftagro.com/id/quality-control.html,0.0,0.0,0,0,0,0.0,0,0,0,0,no_gsc_data
https://jftagro.com/id/quote-calculator.html,0.0,0.0,0,0,0,0.0,0,0,0,0,no_gsc_data
https://jftagro.com/id/red-millet-exporter.html,0.0,0.0,0,0,0,0.0,0,0,0,0,no_gsc_data
https://jftagro.com/id/safflower-seeds-exporter.html,0.0,0.0,0,0,0,0.0,0,0,0,0,no_gsc_data
https://jftagro.com/id/samba-rice-exporter.html,0.0,0.0,0,0,0,0.0,0,0,0,0,no_gsc_data
https://jftagro.com/id/sample-request.html,0.0,0.0,0,0,0,0.0,0,0,0,0,no_gsc_data
https://jftagro.com/id/semolina-sooji-rava-exporter.html,0.0,0.0,0,0,0,0.0,0,0,0,0,no_gsc_data
https://jftagro.com/id/senna-leaves-exporter.html,0.0,0.0,0,0,0,0.0,0,0,0,0,no_gsc_data
https://jftagro.com/id/senna-pods-exporter.html,0.0,0.0,0,0,0,0.0,0,0,0,0,no_gsc_data
https://jftagro.com/id/sesame-seeds-naturalhulled-exporter.html,0.0,0.0,0,0,0,0.0,0,0,0,0,no_gsc_data
https://jftagro.com/id/shipment-tracker.html,0.0,0.0,0,0,0,0.0,0,0,0,0,no_gsc_data
https://jftagro.com/id/soya-bean-exporter.html,0.0,0.0,0,0,0,0.0,0,0,0,0,no_gsc_data
https://jftagro.com/id/soybean-meal-doc-exporter.html,0.0,0.0,0,0,0,0.0,0,0,0,0,no_gsc_data
https://jftagro.com/id/sugar-s30-supplier.html,0.0,0.0,0,0,0,0.0,0,0,0,0,no_gsc_data
https://jftagro.com/id/sunflower-seeds-exporter.html,0.0,0.0,0,0,0,0.0,0,0,0,0,no_gsc_data
https://jftagro.com/id/sunflower-seeds-in-shell-exporter.html,0.0,0.0,0,0,0,0.0,0,0,0,0,no_gsc_data
https://jftagro.com/id/tamarind-exporter.html,0.0,0.0,0,0,0,0.0,0,0,0,0,no_gsc_data
https://jftagro.com/id/toor-dal-split-pigeon-pea-exporter.html,0.0,0.0,0,0,0,0.0,0,0,0,0,no_gsc_data
https://jftagro.com/id/turmeric-finger-exporter.html,0.0,0.0,0,0,0,0.0,0,0,0,0,no_gsc_data
https://jftagro.com/id/uae-trade.html,0.0,0.0,0,0,0,0.0,0,0,0,0,no_gsc_data
https://jftagro.com/id/whatsapp-catalog.html,0.0,0.0,0,0,0,0.0,0,0,0,0,no_gsc_data
https://jftagro.com/id/wheat-flour-chakki-fresh-atta-exporter.html,0.0,0.0,0,0,0,0.0,0,0,0,0,no_gsc_data
https://jftagro.com/id/wheat-grass-powder-exporter.html,0.0,0.0,0,0,0,0.0,0,0,0,0,no_gsc_data
https://jftagro.com/id/white-sorghum-jowar-exporter.html,0.0,0.0,0,0,0,0.0,0,0,0,0,no_gsc_data
https://jftagro.com/id/whole-nutmeg-powder-exporter.html,0.0,0.0,0,0,0,0.0,0,0,0,0,no_gsc_data
https://jftagro.com/id/yellow-maize-corn-exporter.html,0.0,0.0,0,0,0,0.0,0,0,0,0,no_gsc_data
https://jftagro.com/id/yellow-peas-matar-exporter.html,0.0,0.0,0,0,0,0.0,0,0,0,0,no_gsc_data
https://jftagro.com/india-agricultural-export-market-data-sources.html,0.0,0.0,0,0,0,0.0,0,0,0,0,no_gsc_data
https://jftagro.com/indian-raisins-kishmish-exporter.html,0.0,0.0,0,0,0,0.0,0,0,0,0,no_gsc_data
https://jftagro.com/infrastructure.html,0.0,0.0,0,0,0,0.0,0,0,0,0,no_gsc_data
https://jftagro.com/legal.html,0.0,0.0,0,0,0,0.0,0,0,0,0,no_gsc_data
https://jftagro.com/logistics/mundra-rice-exports/,0.0,0.0,0,0,0,0.0,0,0,0,0,no_gsc_data
https://jftagro.com/logistics/nhava-sheva-agro-exports/,0.0,0.0,0,0,0,0.0,0,0,0,0,no_gsc_data
https://jftagro.com/maida-refined-wheat-flour-exporter.html,0.0,0.0,0,0,0,0.0,0,0,0,0,no_gsc_data
https://jftagro.com/maize-grits-exporter.html,0.0,0.0,0,0,0,0.0,0,0,0,0,no_gsc_data
https://jftagro.com/milling-wheat-exporter.html,0.0,0.0,0,0,0,0.0,0,0,0,0,no_gsc_data
https://jftagro.com/moringa-leaves-exporter.html,0.0,0.0,0,0,0,0.0,0,0,0,0,no_gsc_data
https://jftagro.com/moringa-powder-exporter.html,0.0,0.0,0,0,0,0.0,0,0,0,0,no_gsc_data
https://jftagro.com/ms/,0.0,0.0,0,0,0,0.0,0,0,0,0,no_gsc_data
https://jftagro.com/ms/10-parboiled-rice-ir-64-exporter.html,0.0,0.0,0,0,0,0.0,0,0,0,0,no_gsc_data
https://jftagro.com/ms/100-broken-rice-exporter.html,0.0,0.0,0,0,0,0.0,0,0,0,0,no_gsc_data
https://jftagro.com/ms/1121-basmati-rice-exporter.html,0.0,0.0,0,0,0,0.0,0,0,0,0,no_gsc_data
https://jftagro.com/ms/1121-raw-basmati-rice-exporter.html,0.0,0.0,0,0,0,0.0,0,0,0,0,no_gsc_data
https://jftagro.com/ms/1121-steam-basmati-rice-exporter.html,0.0,0.0,0,0,0,0.0,0,0,0,0,no_gsc_data
https://jftagro.com/ms/1121-white-sella-basmati-exporter.html,0.0,0.0,0,0,0,0.0,0,0,0,0,no_gsc_data
https://jftagro.com/ms/1401-golden-sella-basmati-exporter.html,0.0,0.0,0,0,0,0.0,0,0,0,0,no_gsc_data
https://jftagro.com/ms/1401-sella-basmati-rice-exporter.html,0.0,0.0,0,0,0,0.0,0,0,0,0,no_gsc_data
https://jftagro.com/ms/1401-steam-basmati-rice-exporter.html,0.0,0.0,0,0,0,0.0,0,0,0,0,no_gsc_data
https://jftagro.com/ms/1509-golden-sella-basmati-exporter.html,0.0,0.0,0,0,0,0.0,0,0,0,0,no_gsc_data
https://jftagro.com/ms/1509-steam-basmati-rice-exporter.html,0.0,0.0,0,0,0,0.0,0,0,0,0,no_gsc_data
https://jftagro.com/ms/1718-golden-sella-basmati-exporter.html,0.0,0.0,0,0,0,0.0,0,0,0,0,no_gsc_data
https://jftagro.com/ms/1718-steam-basmati-rice-exporter.html,0.0,0.0,0,0,0,0.0,0,0,0,0,no_gsc_data
https://jftagro.com/ms/25-silky-sortex-short-grain-exporter.html,0.0,0.0,0,0,0,0.0,0,0,0,0,no_gsc_data
https://jftagro.com/ms/25-silky-sortex-white-exporter.html,0.0,0.0,0,0,0,0.0,0,0,0,0,no_gsc_data
https://jftagro.com/ms/5-parboiled-rice-ir-64-exporter.html,0.0,0.0,0,0,0,0.0,0,0,0,0,no_gsc_data
https://jftagro.com/ms/5-silky-sortex-short-grain-exporter.html,0.0,0.0,0,0,0,0.0,0,0,0,0,no_gsc_data
https://jftagro.com/ms/5-silky-sortex-white-exporter.html,0.0,0.0,0,0,0,0.0,0,0,0,0,no_gsc_data
https://jftagro.com/ms/about.html,0.0,0.0,0,0,0,0.0,0,0,0,0,no_gsc_data
https://jftagro.com/ms/africa-trade.html,0.0,0.0,0,0,0,0.0,0,0,0,0,no_gsc_data
https://jftagro.com/ms/ajwain-seeds-powder-exporter.html,0.0,0.0,0,0,0,0.0,0,0,0,0,no_gsc_data
https://jftagro.com/ms/akarkara-root-exporter.html,0.0,0.0,0,0,0,0.0,0,0,0,0,no_gsc_data
https://jftagro.com/ms/asaliya-seeds-exporter.html,0.0,0.0,0,0,0,0.0,0,0,0,0,no_gsc_data
https://jftagro.com/ms/asia-trade.html,0.0,0.0,0,0,0,0.0,0,0,0,0,no_gsc_data
https://jftagro.com/ms/barley-seeds-exporter.html,0.0,0.0,0,0,0,0.0,0,0,0,0,no_gsc_data
https://jftagro.com/ms/basil-seeds-exporter.html,0.0,0.0,0,0,0,0.0,0,0,0,0,no_gsc_data
https://jftagro.com/ms/bay-leaf-exporter.html,0.0,0.0,0,0,0,0.0,0,0,0,0,no_gsc_data
https://jftagro.com/ms/black-cumin-seeds-nigella-exporter.html,0.0,0.0,0,0,0,0.0,0,0,0,0,no_gsc_data
https://jftagro.com/ms/black-himaj-exporter.html,0.0,0.0,0,0,0,0.0,0,0,0,0,no_gsc_data
https://jftagro.com/ms/black-pepper-powder-exporter.html,0.0,0.0,0,0,0,0.0,0,0,0,0,no_gsc_data
https://jftagro.com/ms/blog-apeda-registration-indian-exporter-explained.html,0.0,0.0,0,0,0,0.0,0,0,0,0,no_gsc_data
https://jftagro.com/ms/blog-basmati-export-guide.html,0.0,0.0,0,0,0,0.0,0,0,0,0,no_gsc_data
https://jftagro.com/ms/blog-bill-of-lading-explained-importers.html,0.0,0.0,0,0,0,0.0,0,0,0,0,no_gsc_data
https://jftagro.com/ms/blog-certificate-of-analysis-food-imports.html,0.0,0.0,0,0,0,0.0,0,0,0,0,no_gsc_data
https://jftagro.com/ms/blog-cumin-jeera-price-outlook-2026.html,0.0,0.0,0,0,0,0.0,0,0,0,0,no_gsc_data
https://jftagro.com/ms/blog-food-container-loading-inspection-checklist.html,0.0,0.0,0,0,0,0.0,0,0,0,0,no_gsc_data
https://jftagro.com/ms/blog-green-mung-beans-export-india-2026.html,0.0,0.0,0,0,0,0.0,0,0,0,0,no_gsc_data
https://jftagro.com/ms/blog-how-to-choose-indian-agro-exporter.html,0.0,0.0,0,0,0,0.0,0,0,0,0,no_gsc_data
https://jftagro.com/ms/blog-how-to-export-india-to-africa.html,0.0,0.0,0,0,0,0.0,0,0,0,0,no_gsc_data
https://jftagro.com/ms/blog-how-to-import-rice-nigeria-west-africa.html,0.0,0.0,0,0,0,0.0,0,0,0,0,no_gsc_data
https://jftagro.com/ms/blog-how-to-read-proforma-invoice-india-export.html,0.0,0.0,0,0,0,0.0,0,0,0,0,no_gsc_data
https://jftagro.com/ms/blog-how-to-write-agro-commodity-purchase-specification.html,0.0,0.0,0,0,0,0.0,0,0,0,0,no_gsc_data
https://jftagro.com/ms/blog-import-duty-indian-rice-by-country.html,0.0,0.0,0,0,0,0.0,0,0,0,0,no_gsc_data
https://jftagro.com/ms/blog-import-indian-agro-kenya-east-africa.html,0.0,0.0,0,0,0,0.0,0,0,0,0,no_gsc_data
https://jftagro.com/ms/blog-india-rice-export-sri-lanka-bangladesh.html,0.0,0.0,0,0,0,0.0,0,0,0,0,no_gsc_data
https://jftagro.com/ms/blog-india-vs-thailand-rice-comparison.html,0.0,0.0,0,0,0,0.0,0,0,0,0,no_gsc_data
https://jftagro.com/ms/blog-ir64-export.html,0.0,0.0,0,0,0,0.0,0,0,0,0,no_gsc_data
https://jftagro.com/ms/blog-letter-of-credit-food-imports-india.html,0.0,0.0,0,0,0,0.0,0,0,0,0,no_gsc_data
https://jftagro.com/ms/blog-psyllium-husk-export-india-2026.html,0.0,0.0,0,0,0,0.0,0,0,0,0,no_gsc_data
https://jftagro.com/ms/blog-red-chilli-teja-export-india-2026.html,0.0,0.0,0,0,0,0.0,0,0,0,0,no_gsc_data
https://jftagro.com/ms/blog-sgs-inspection-indian-agro-exports.html,0.0,0.0,0,0,0,0.0,0,0,0,0,no_gsc_data
https://jftagro.com/ms/blog-top-indian-agro-commodities-import-2026.html,0.0,0.0,0,0,0,0.0,0,0,0,0,no_gsc_data
https://jftagro.com/ms/blog-turmeric-finger-export-india-2026.html,0.0,0.0,0,0,0,0.0,0,0,0,0,no_gsc_data
https://jftagro.com/ms/blog-turmeric-market-outlook-2026.html,0.0,0.0,0,0,0,0.0,0,0,0,0,no_gsc_data
https://jftagro.com/ms/blog.html,0.0,0.0,0,0,0,0.0,0,0,0,0,no_gsc_data
https://jftagro.com/ms/buckwheat-exporter.html,0.0,0.0,0,0,0,0.0,0,0,0,0,no_gsc_data
https://jftagro.com/ms/buyer-security.html,0.0,0.0,0,0,0,0.0,0,0,0,0,no_gsc_data
https://jftagro.com/ms/cassia-tora-meal-exporter.html,0.0,0.0,0,0,0,0.0,0,0,0,0,no_gsc_data
https://jftagro.com/ms/cassia-tora-seeds-exporter.html,0.0,0.0,0,0,0,0.0,0,0,0,0,no_gsc_data
https://jftagro.com/ms/celery-seeds-powder-exporter.html,0.0,0.0,0,0,0,0.0,0,0,0,0,no_gsc_data
https://jftagro.com/ms/certificates.html,0.0,0.0,0,0,0,0.0,0,0,0,0,no_gsc_data
https://jftagro.com/ms/chickpeas-kabuli-exporter.html,0.0,0.0,0,0,0,0.0,0,0,0,0,no_gsc_data
https://jftagro.com/ms/contact.html,0.0,0.0,0,0,0,0.0,0,0,0,0,no_gsc_data
https://jftagro.com/ms/coriander-seeds-exporter.html,0.0,0.0,0,0,0,0.0,0,0,0,0,no_gsc_data
https://jftagro.com/ms/corn-flour-maize-flour-exporter.html,0.0,0.0,0,0,0,0.0,0,0,0,0,no_gsc_data
https://jftagro.com/ms/corn-gluten-meal-exporter.html,0.0,0.0,0,0,0,0.0,0,0,0,0,no_gsc_data
https://jftagro.com/ms/corn-starch-exporter.html,0.0,0.0,0,0,0,0.0,0,0,0,0,no_gsc_data
https://jftagro.com/ms/cotton-seed-oil-cake-exporter.html,0.0,0.0,0,0,0,0.0,0,0,0,0,no_gsc_data
https://jftagro.com/ms/cumin-seeds-jeera-exporter.html,0.0,0.0,0,0,0,0.0,0,0,0,0,no_gsc_data
https://jftagro.com/ms/curry-powder-exporter.html,0.0,0.0,0,0,0,0.0,0,0,0,0,no_gsc_data
https://jftagro.com/ms/deoiled-rice-bran-dorb-exporter.html,0.0,0.0,0,0,0,0.0,0,0,0,0,no_gsc_data
https://jftagro.com/ms/dill-seeds-powder-exporter.html,0.0,0.0,0,0,0,0.0,0,0,0,0,no_gsc_data
https://jftagro.com/ms/dry-ginger-powder-exporter.html,0.0,0.0,0,0,0,0.0,0,0,0,0,no_gsc_data
https://jftagro.com/ms/dry-red-chilli-exporter.html,0.0,0.0,0,0,0,0.0,0,0,0,0,no_gsc_data
https://jftagro.com/ms/europe-trade.html,0.0,0.0,0,0,0,0.0,0,0,0,0,no_gsc_data
https://jftagro.com/ms/export-documentation.html,0.0,0.0,0,0,0,0.0,0,0,0,0,no_gsc_data
https://jftagro.com/ms/faq.html,0.0,0.0,0,0,0,0.0,0,0,0,0,no_gsc_data
https://jftagro.com/ms/fennel-seeds-sounff-exporter.html,0.0,0.0,0,0,0,0.0,0,0,0,0,no_gsc_data
https://jftagro.com/ms/fenugreek-seeds-methi-exporter.html,0.0,0.0,0,0,0,0.0,0,0,0,0,no_gsc_data
https://jftagro.com/ms/galangal-root-exporter.html,0.0,0.0,0,0,0,0.0,0,0,0,0,no_gsc_data
https://jftagro.com/ms/green-cardamom-exporter.html,0.0,0.0,0,0,0,0.0,0,0,0,0,no_gsc_data
https://jftagro.com/ms/green-millet-bajra-exporter.html,0.0,0.0,0,0,0,0.0,0,0,0,0,no_gsc_data
https://jftagro.com/ms/green-mung-beans-exporter.html,0.0,0.0,0,0,0,0.0,0,0,0,0,no_gsc_data
https://jftagro.com/ms/grey-millet-exporter.html,0.0,0.0,0,0,0,0.0,0,0,0,0,no_gsc_data
https://jftagro.com/ms/groundnut-oil-cake-exporter.html,0.0,0.0,0,0,0,0.0,0,0,0,0,no_gsc_data
https://jftagro.com/ms/groundnuts-peanuts-exporter.html,0.0,0.0,0,0,0,0.0,0,0,0,0,no_gsc_data
https://jftagro.com/ms/henna-leaves-exporter.html,0.0,0.0,0,0,0,0.0,0,0,0,0,no_gsc_data
https://jftagro.com/ms/henna-powder-exporter.html,0.0,0.0,0,0,0,0.0,0,0,0,0,no_gsc_data
https://jftagro.com/ms/indian-raisins-kishmish-exporter.html,0.0,0.0,0,0,0,0.0,0,0,0,0,no_gsc_data
https://jftagro.com/ms/infrastructure.html,0.0,0.0,0,0,0,0.0,0,0,0,0,no_gsc_data
https://jftagro.com/ms/maida-refined-wheat-flour-exporter.html,0.0,0.0,0,0,0,0.0,0,0,0,0,no_gsc_data
https://jftagro.com/ms/maize-grits-exporter.html,0.0,0.0,0,0,0,0.0,0,0,0,0,no_gsc_data
https://jftagro.com/ms/milling-wheat-exporter.html,0.0,0.0,0,0,0,0.0,0,0,0,0,no_gsc_data
https://jftagro.com/ms/moringa-leaves-exporter.html,0.0,0.0,0,0,0,0.0,0,0,0,0,no_gsc_data
https://jftagro.com/ms/moringa-powder-exporter.html,0.0,0.0,0,0,0,0.0,0,0,0,0,no_gsc_data
https://jftagro.com/ms/mustard-seeds-powder-exporter.html,0.0,0.0,0,0,0,0.0,0,0,0,0,no_gsc_data
https://jftagro.com/ms/packing-calculator.html,0.0,0.0,0,0,0,0.0,0,0,0,0,no_gsc_data
https://jftagro.com/ms/port-transit-calculator.html,0.0,0.0,0,0,0,0.0,0,0,0,0,no_gsc_data
https://jftagro.com/ms/pr-11-rice-exporter.html,0.0,0.0,0,0,0,0.0,0,0,0,0,no_gsc_data
https://jftagro.com/ms/products.html,0.0,0.0,0,0,0,0.0,0,0,0,0,no_gsc_data
https://jftagro.com/ms/psyllium-husk-exporter.html,0.0,0.0,0,0,0,0.0,0,0,0,0,no_gsc_data
https://jftagro.com/ms/quality-control.html,0.0,0.0,0,0,0,0.0,0,0,0,0,no_gsc_data
https://jftagro.com/ms/quote-calculator.html,0.0,0.0,0,0,0,0.0,0,0,0,0,no_gsc_data
https://jftagro.com/ms/red-millet-exporter.html,0.0,0.0,0,0,0,0.0,0,0,0,0,no_gsc_data
https://jftagro.com/ms/safflower-seeds-exporter.html,0.0,0.0,0,0,0,0.0,0,0,0,0,no_gsc_data
https://jftagro.com/ms/samba-rice-exporter.html,0.0,0.0,0,0,0,0.0,0,0,0,0,no_gsc_data
https://jftagro.com/ms/sample-request.html,0.0,0.0,0,0,0,0.0,0,0,0,0,no_gsc_data
https://jftagro.com/ms/semolina-sooji-rava-exporter.html,0.0,0.0,0,0,0,0.0,0,0,0,0,no_gsc_data
https://jftagro.com/ms/senna-leaves-exporter.html,0.0,0.0,0,0,0,0.0,0,0,0,0,no_gsc_data
https://jftagro.com/ms/senna-pods-exporter.html,0.0,0.0,0,0,0,0.0,0,0,0,0,no_gsc_data
https://jftagro.com/ms/sesame-seeds-naturalhulled-exporter.html,0.0,0.0,0,0,0,0.0,0,0,0,0,no_gsc_data
https://jftagro.com/ms/shipment-tracker.html,0.0,0.0,0,0,0,0.0,0,0,0,0,no_gsc_data
https://jftagro.com/ms/soya-bean-exporter.html,0.0,0.0,0,0,0,0.0,0,0,0,0,no_gsc_data
https://jftagro.com/ms/soybean-meal-doc-exporter.html,0.0,0.0,0,0,0,0.0,0,0,0,0,no_gsc_data
https://jftagro.com/ms/sugar-s30-supplier.html,0.0,0.0,0,0,0,0.0,0,0,0,0,no_gsc_data
https://jftagro.com/ms/sunflower-seeds-exporter.html,0.0,0.0,0,0,0,0.0,0,0,0,0,no_gsc_data
https://jftagro.com/ms/sunflower-seeds-in-shell-exporter.html,0.0,0.0,0,0,0,0.0,0,0,0,0,no_gsc_data
https://jftagro.com/ms/tamarind-exporter.html,0.0,0.0,0,0,0,0.0,0,0,0,0,no_gsc_data
https://jftagro.com/ms/toor-dal-split-pigeon-pea-exporter.html,0.0,0.0,0,0,0,0.0,0,0,0,0,no_gsc_data
https://jftagro.com/ms/turmeric-finger-exporter.html,0.0,0.0,0,0,0,0.0,0,0,0,0,no_gsc_data
https://jftagro.com/ms/uae-trade.html,0.0,0.0,0,0,0,0.0,0,0,0,0,no_gsc_data
https://jftagro.com/ms/whatsapp-catalog.html,0.0,0.0,0,0,0,0.0,0,0,0,0,no_gsc_data
https://jftagro.com/ms/wheat-flour-chakki-fresh-atta-exporter.html,0.0,0.0,0,0,0,0.0,0,0,0,0,no_gsc_data
https://jftagro.com/ms/wheat-grass-powder-exporter.html,0.0,0.0,0,0,0,0.0,0,0,0,0,no_gsc_data
https://jftagro.com/ms/white-sorghum-jowar-exporter.html,0.0,0.0,0,0,0,0.0,0,0,0,0,no_gsc_data
https://jftagro.com/ms/whole-nutmeg-powder-exporter.html,0.0,0.0,0,0,0,0.0,0,0,0,0,no_gsc_data
https://jftagro.com/ms/yellow-maize-corn-exporter.html,0.0,0.0,0,0,0,0.0,0,0,0,0,no_gsc_data
https://jftagro.com/ms/yellow-peas-matar-exporter.html,0.0,0.0,0,0,0,0.0,0,0,0,0,no_gsc_data
https://jftagro.com/mustard-seeds-powder-exporter.html,0.0,0.0,0,0,0,0.0,0,0,0,0,no_gsc_data
https://jftagro.com/packing-calculator.html,0.0,0.0,0,0,0,0.0,0,0,0,0,no_gsc_data
https://jftagro.com/port-transit-calculator.html,0.0,0.0,0,0,0,0.0,0,0,0,0,no_gsc_data
https://jftagro.com/pr-11-rice-exporter.html,0.0,0.0,0,0,0,0.0,0,0,0,0,no_gsc_data
https://jftagro.com/privacy.html,0.0,0.0,0,0,0,0.0,0,0,0,0,no_gsc_data
https://jftagro.com/products.html,0.0,0.0,0,0,0,0.0,0,0,0,0,no_gsc_data
https://jftagro.com/psyllium-husk-exporter.html,0.0,0.0,0,0,0,0.0,0,0,0,0,no_gsc_data
https://jftagro.com/pt/,0.0,0.0,0,0,0,0.0,0,0,0,0,no_gsc_data
https://jftagro.com/pt/10-parboiled-rice-ir-64-exporter.html,0.0,0.0,0,0,0,0.0,0,0,0,0,no_gsc_data
https://jftagro.com/pt/100-broken-rice-exporter.html,0.0,0.0,0,0,0,0.0,0,0,0,0,no_gsc_data
https://jftagro.com/pt/1121-basmati-rice-exporter.html,0.0,0.0,0,0,0,0.0,0,0,0,0,no_gsc_data
https://jftagro.com/pt/1121-raw-basmati-rice-exporter.html,0.0,0.0,0,0,0,0.0,0,0,0,0,no_gsc_data
https://jftagro.com/pt/1121-steam-basmati-rice-exporter.html,0.0,0.0,0,0,0,0.0,0,0,0,0,no_gsc_data
https://jftagro.com/pt/1121-white-sella-basmati-exporter.html,0.0,0.0,0,0,0,0.0,0,0,0,0,no_gsc_data
https://jftagro.com/pt/1401-golden-sella-basmati-exporter.html,0.0,0.0,0,0,0,0.0,0,0,0,0,no_gsc_data
https://jftagro.com/pt/1401-sella-basmati-rice-exporter.html,0.0,0.0,0,0,0,0.0,0,0,0,0,no_gsc_data
https://jftagro.com/pt/1401-steam-basmati-rice-exporter.html,0.0,0.0,0,0,0,0.0,0,0,0,0,no_gsc_data
https://jftagro.com/pt/1509-golden-sella-basmati-exporter.html,0.0,0.0,0,0,0,0.0,0,0,0,0,no_gsc_data
https://jftagro.com/pt/1509-steam-basmati-rice-exporter.html,0.0,0.0,0,0,0,0.0,0,0,0,0,no_gsc_data
https://jftagro.com/pt/1718-golden-sella-basmati-exporter.html,0.0,0.0,0,0,0,0.0,0,0,0,0,no_gsc_data
https://jftagro.com/pt/1718-steam-basmati-rice-exporter.html,0.0,0.0,0,0,0,0.0,0,0,0,0,no_gsc_data
https://jftagro.com/pt/25-silky-sortex-short-grain-exporter.html,0.0,0.0,0,0,0,0.0,0,0,0,0,no_gsc_data
https://jftagro.com/pt/25-silky-sortex-white-exporter.html,0.0,0.0,0,0,0,0.0,0,0,0,0,no_gsc_data
https://jftagro.com/pt/5-parboiled-rice-ir-64-exporter.html,0.0,0.0,0,0,0,0.0,0,0,0,0,no_gsc_data
https://jftagro.com/pt/5-silky-sortex-short-grain-exporter.html,0.0,0.0,0,0,0,0.0,0,0,0,0,no_gsc_data
https://jftagro.com/pt/5-silky-sortex-white-exporter.html,0.0,0.0,0,0,0,0.0,0,0,0,0,no_gsc_data
https://jftagro.com/pt/about.html,0.0,0.0,0,0,0,0.0,0,0,0,0,no_gsc_data
https://jftagro.com/pt/africa-trade.html,0.0,0.0,0,0,0,0.0,0,0,0,0,no_gsc_data
https://jftagro.com/pt/ajwain-seeds-powder-exporter.html,0.0,0.0,0,0,0,0.0,0,0,0,0,no_gsc_data
https://jftagro.com/pt/akarkara-root-exporter.html,0.0,0.0,0,0,0,0.0,0,0,0,0,no_gsc_data
https://jftagro.com/pt/asaliya-seeds-exporter.html,0.0,0.0,0,0,0,0.0,0,0,0,0,no_gsc_data
https://jftagro.com/pt/asia-trade.html,0.0,0.0,0,0,0,0.0,0,0,0,0,no_gsc_data
https://jftagro.com/pt/barley-seeds-exporter.html,0.0,0.0,0,0,0,0.0,0,0,0,0,no_gsc_data
https://jftagro.com/pt/basil-seeds-exporter.html,0.0,0.0,0,0,0,0.0,0,0,0,0,no_gsc_data
https://jftagro.com/pt/bay-leaf-exporter.html,0.0,0.0,0,0,0,0.0,0,0,0,0,no_gsc_data
https://jftagro.com/pt/black-cumin-seeds-nigella-exporter.html,0.0,0.0,0,0,0,0.0,0,0,0,0,no_gsc_data
https://jftagro.com/pt/black-himaj-exporter.html,0.0,0.0,0,0,0,0.0,0,0,0,0,no_gsc_data
https://jftagro.com/pt/black-pepper-powder-exporter.html,0.0,0.0,0,0,0,0.0,0,0,0,0,no_gsc_data
https://jftagro.com/pt/blog-apeda-registration-indian-exporter-explained.html,0.0,0.0,0,0,0,0.0,0,0,0,0,no_gsc_data
https://jftagro.com/pt/blog-basmati-export-guide.html,0.0,0.0,0,0,0,0.0,0,0,0,0,no_gsc_data
https://jftagro.com/pt/blog-bill-of-lading-explained-importers.html,0.0,0.0,0,0,0,0.0,0,0,0,0,no_gsc_data
https://jftagro.com/pt/blog-certificate-of-analysis-food-imports.html,0.0,0.0,0,0,0,0.0,0,0,0,0,no_gsc_data
https://jftagro.com/pt/blog-cumin-jeera-price-outlook-2026.html,0.0,0.0,0,0,0,0.0,0,0,0,0,no_gsc_data
https://jftagro.com/pt/blog-food-container-loading-inspection-checklist.html,0.0,0.0,0,0,0,0.0,0,0,0,0,no_gsc_data
https://jftagro.com/pt/blog-green-mung-beans-export-india-2026.html,0.0,0.0,0,0,0,0.0,0,0,0,0,no_gsc_data
https://jftagro.com/pt/blog-how-to-choose-indian-agro-exporter.html,0.0,0.0,0,0,0,0.0,0,0,0,0,no_gsc_data
https://jftagro.com/pt/blog-how-to-export-india-to-africa.html,0.0,0.0,0,0,0,0.0,0,0,0,0,no_gsc_data
https://jftagro.com/pt/blog-how-to-import-rice-nigeria-west-africa.html,0.0,0.0,0,0,0,0.0,0,0,0,0,no_gsc_data
https://jftagro.com/pt/blog-how-to-read-proforma-invoice-india-export.html,0.0,0.0,0,0,0,0.0,0,0,0,0,no_gsc_data
https://jftagro.com/pt/blog-how-to-write-agro-commodity-purchase-specification.html,0.0,0.0,0,0,0,0.0,0,0,0,0,no_gsc_data
https://jftagro.com/pt/blog-import-duty-indian-rice-by-country.html,0.0,0.0,0,0,0,0.0,0,0,0,0,no_gsc_data
https://jftagro.com/pt/blog-import-indian-agro-kenya-east-africa.html,0.0,0.0,0,0,0,0.0,0,0,0,0,no_gsc_data
https://jftagro.com/pt/blog-india-rice-export-sri-lanka-bangladesh.html,0.0,0.0,0,0,0,0.0,0,0,0,0,no_gsc_data
https://jftagro.com/pt/blog-india-vs-thailand-rice-comparison.html,0.0,0.0,0,0,0,0.0,0,0,0,0,no_gsc_data
https://jftagro.com/pt/blog-ir64-export.html,0.0,0.0,0,0,0,0.0,0,0,0,0,no_gsc_data
https://jftagro.com/pt/blog-letter-of-credit-food-imports-india.html,0.0,0.0,0,0,0,0.0,0,0,0,0,no_gsc_data
https://jftagro.com/pt/blog-psyllium-husk-export-india-2026.html,0.0,0.0,0,0,0,0.0,0,0,0,0,no_gsc_data
https://jftagro.com/pt/blog-red-chilli-teja-export-india-2026.html,0.0,0.0,0,0,0,0.0,0,0,0,0,no_gsc_data
https://jftagro.com/pt/blog-sgs-inspection-indian-agro-exports.html,0.0,0.0,0,0,0,0.0,0,0,0,0,no_gsc_data
https://jftagro.com/pt/blog-top-indian-agro-commodities-import-2026.html,0.0,0.0,0,0,0,0.0,0,0,0,0,no_gsc_data
https://jftagro.com/pt/blog-turmeric-finger-export-india-2026.html,0.0,0.0,0,0,0,0.0,0,0,0,0,no_gsc_data
https://jftagro.com/pt/blog-turmeric-market-outlook-2026.html,0.0,0.0,0,0,0,0.0,0,0,0,0,no_gsc_data
https://jftagro.com/pt/blog.html,0.0,0.0,0,0,0,0.0,0,0,0,0,no_gsc_data
https://jftagro.com/pt/buckwheat-exporter.html,0.0,0.0,0,0,0,0.0,0,0,0,0,no_gsc_data
https://jftagro.com/pt/buyer-security.html,0.0,0.0,0,0,0,0.0,0,0,0,0,no_gsc_data
https://jftagro.com/pt/cassia-tora-meal-exporter.html,0.0,0.0,0,0,0,0.0,0,0,0,0,no_gsc_data
https://jftagro.com/pt/cassia-tora-seeds-exporter.html,0.0,0.0,0,0,0,0.0,0,0,0,0,no_gsc_data
https://jftagro.com/pt/celery-seeds-powder-exporter.html,0.0,0.0,0,0,0,0.0,0,0,0,0,no_gsc_data
https://jftagro.com/pt/certificates.html,0.0,0.0,0,0,0,0.0,0,0,0,0,no_gsc_data
https://jftagro.com/pt/chickpeas-kabuli-exporter.html,0.0,0.0,0,0,0,0.0,0,0,0,0,no_gsc_data
https://jftagro.com/pt/contact.html,0.0,0.0,0,0,0,0.0,0,0,0,0,no_gsc_data
https://jftagro.com/pt/coriander-seeds-exporter.html,0.0,0.0,0,0,0,0.0,0,0,0,0,no_gsc_data
https://jftagro.com/pt/corn-flour-maize-flour-exporter.html,0.0,0.0,0,0,0,0.0,0,0,0,0,no_gsc_data
https://jftagro.com/pt/corn-gluten-meal-exporter.html,0.0,0.0,0,0,0,0.0,0,0,0,0,no_gsc_data
https://jftagro.com/pt/corn-starch-exporter.html,0.0,0.0,0,0,0,0.0,0,0,0,0,no_gsc_data
https://jftagro.com/pt/cotton-seed-oil-cake-exporter.html,0.0,0.0,0,0,0,0.0,0,0,0,0,no_gsc_data
https://jftagro.com/pt/cumin-seeds-jeera-exporter.html,0.0,0.0,0,0,0,0.0,0,0,0,0,no_gsc_data
https://jftagro.com/pt/curry-powder-exporter.html,0.0,0.0,0,0,0,0.0,0,0,0,0,no_gsc_data
https://jftagro.com/pt/deoiled-rice-bran-dorb-exporter.html,0.0,0.0,0,0,0,0.0,0,0,0,0,no_gsc_data
https://jftagro.com/pt/dill-seeds-powder-exporter.html,0.0,0.0,0,0,0,0.0,0,0,0,0,no_gsc_data
https://jftagro.com/pt/dry-ginger-powder-exporter.html,0.0,0.0,0,0,0,0.0,0,0,0,0,no_gsc_data
https://jftagro.com/pt/dry-red-chilli-exporter.html,0.0,0.0,0,0,0,0.0,0,0,0,0,no_gsc_data
https://jftagro.com/pt/europe-trade.html,0.0,0.0,0,0,0,0.0,0,0,0,0,no_gsc_data
https://jftagro.com/pt/export-documentation.html,0.0,0.0,0,0,0,0.0,0,0,0,0,no_gsc_data
https://jftagro.com/pt/faq.html,0.0,0.0,0,0,0,0.0,0,0,0,0,no_gsc_data
https://jftagro.com/pt/fennel-seeds-sounff-exporter.html,0.0,0.0,0,0,0,0.0,0,0,0,0,no_gsc_data
https://jftagro.com/pt/fenugreek-seeds-methi-exporter.html,0.0,0.0,0,0,0,0.0,0,0,0,0,no_gsc_data
https://jftagro.com/pt/galangal-root-exporter.html,0.0,0.0,0,0,0,0.0,0,0,0,0,no_gsc_data
https://jftagro.com/pt/green-cardamom-exporter.html,0.0,0.0,0,0,0,0.0,0,0,0,0,no_gsc_data
https://jftagro.com/pt/green-millet-bajra-exporter.html,0.0,0.0,0,0,0,0.0,0,0,0,0,no_gsc_data
https://jftagro.com/pt/green-mung-beans-exporter.html,0.0,0.0,0,0,0,0.0,0,0,0,0,no_gsc_data
https://jftagro.com/pt/grey-millet-exporter.html,0.0,0.0,0,0,0,0.0,0,0,0,0,no_gsc_data
https://jftagro.com/pt/groundnut-oil-cake-exporter.html,0.0,0.0,0,0,0,0.0,0,0,0,0,no_gsc_data
https://jftagro.com/pt/groundnuts-peanuts-exporter.html,0.0,0.0,0,0,0,0.0,0,0,0,0,no_gsc_data
https://jftagro.com/pt/henna-leaves-exporter.html,0.0,0.0,0,0,0,0.0,0,0,0,0,no_gsc_data
https://jftagro.com/pt/henna-powder-exporter.html,0.0,0.0,0,0,0,0.0,0,0,0,0,no_gsc_data
https://jftagro.com/pt/indian-raisins-kishmish-exporter.html,0.0,0.0,0,0,0,0.0,0,0,0,0,no_gsc_data
https://jftagro.com/pt/infrastructure.html,0.0,0.0,0,0,0,0.0,0,0,0,0,no_gsc_data
https://jftagro.com/pt/maida-refined-wheat-flour-exporter.html,0.0,0.0,0,0,0,0.0,0,0,0,0,no_gsc_data
https://jftagro.com/pt/maize-grits-exporter.html,0.0,0.0,0,0,0,0.0,0,0,0,0,no_gsc_data
https://jftagro.com/pt/milling-wheat-exporter.html,0.0,0.0,0,0,0,0.0,0,0,0,0,no_gsc_data
https://jftagro.com/pt/moringa-leaves-exporter.html,0.0,0.0,0,0,0,0.0,0,0,0,0,no_gsc_data
https://jftagro.com/pt/moringa-powder-exporter.html,0.0,0.0,0,0,0,0.0,0,0,0,0,no_gsc_data
https://jftagro.com/pt/mustard-seeds-powder-exporter.html,0.0,0.0,0,0,0,0.0,0,0,0,0,no_gsc_data
https://jftagro.com/pt/packing-calculator.html,0.0,0.0,0,0,0,0.0,0,0,0,0,no_gsc_data
https://jftagro.com/pt/port-transit-calculator.html,0.0,0.0,0,0,0,0.0,0,0,0,0,no_gsc_data
https://jftagro.com/pt/pr-11-rice-exporter.html,0.0,0.0,0,0,0,0.0,0,0,0,0,no_gsc_data
https://jftagro.com/pt/products.html,0.0,0.0,0,0,0,0.0,0,0,0,0,no_gsc_data
https://jftagro.com/pt/psyllium-husk-exporter.html,0.0,0.0,0,0,0,0.0,0,0,0,0,no_gsc_data
https://jftagro.com/pt/quality-control.html,0.0,0.0,0,0,0,0.0,0,0,0,0,no_gsc_data
https://jftagro.com/pt/quote-calculator.html,0.0,0.0,0,0,0,0.0,0,0,0,0,no_gsc_data
https://jftagro.com/pt/red-millet-exporter.html,0.0,0.0,0,0,0,0.0,0,0,0,0,no_gsc_data
https://jftagro.com/pt/safflower-seeds-exporter.html,0.0,0.0,0,0,0,0.0,0,0,0,0,no_gsc_data
https://jftagro.com/pt/samba-rice-exporter.html,0.0,0.0,0,0,0,0.0,0,0,0,0,no_gsc_data
https://jftagro.com/pt/sample-request.html,0.0,0.0,0,0,0,0.0,0,0,0,0,no_gsc_data
https://jftagro.com/pt/semolina-sooji-rava-exporter.html,0.0,0.0,0,0,0,0.0,0,0,0,0,no_gsc_data
https://jftagro.com/pt/senna-leaves-exporter.html,0.0,0.0,0,0,0,0.0,0,0,0,0,no_gsc_data
https://jftagro.com/pt/senna-pods-exporter.html,0.0,0.0,0,0,0,0.0,0,0,0,0,no_gsc_data
https://jftagro.com/pt/sesame-seeds-naturalhulled-exporter.html,0.0,0.0,0,0,0,0.0,0,0,0,0,no_gsc_data
https://jftagro.com/pt/shipment-tracker.html,0.0,0.0,0,0,0,0.0,0,0,0,0,no_gsc_data
https://jftagro.com/pt/soya-bean-exporter.html,0.0,0.0,0,0,0,0.0,0,0,0,0,no_gsc_data
https://jftagro.com/pt/soybean-meal-doc-exporter.html,0.0,0.0,0,0,0,0.0,0,0,0,0,no_gsc_data
https://jftagro.com/pt/sugar-s30-supplier.html,0.0,0.0,0,0,0,0.0,0,0,0,0,no_gsc_data
https://jftagro.com/pt/sunflower-seeds-exporter.html,0.0,0.0,0,0,0,0.0,0,0,0,0,no_gsc_data
https://jftagro.com/pt/sunflower-seeds-in-shell-exporter.html,0.0,0.0,0,0,0,0.0,0,0,0,0,no_gsc_data
https://jftagro.com/pt/tamarind-exporter.html,0.0,0.0,0,0,0,0.0,0,0,0,0,no_gsc_data
https://jftagro.com/pt/toor-dal-split-pigeon-pea-exporter.html,0.0,0.0,0,0,0,0.0,0,0,0,0,no_gsc_data
https://jftagro.com/pt/turmeric-finger-exporter.html,0.0,0.0,0,0,0,0.0,0,0,0,0,no_gsc_data
https://jftagro.com/pt/uae-trade.html,0.0,0.0,0,0,0,0.0,0,0,0,0,no_gsc_data
https://jftagro.com/pt/whatsapp-catalog.html,0.0,0.0,0,0,0,0.0,0,0,0,0,no_gsc_data
https://jftagro.com/pt/wheat-flour-chakki-fresh-atta-exporter.html,0.0,0.0,0,0,0,0.0,0,0,0,0,no_gsc_data
https://jftagro.com/pt/wheat-grass-powder-exporter.html,0.0,0.0,0,0,0,0.0,0,0,0,0,no_gsc_data
https://jftagro.com/pt/white-sorghum-jowar-exporter.html,0.0,0.0,0,0,0,0.0,0,0,0,0,no_gsc_data
https://jftagro.com/pt/whole-nutmeg-powder-exporter.html,0.0,0.0,0,0,0,0.0,0,0,0,0,no_gsc_data
https://jftagro.com/pt/yellow-maize-corn-exporter.html,0.0,0.0,0,0,0,0.0,0,0,0,0,no_gsc_data
https://jftagro.com/pt/yellow-peas-matar-exporter.html,0.0,0.0,0,0,0,0.0,0,0,0,0,no_gsc_data
https://jftagro.com/quality-control.html,0.0,0.0,0,0,0,0.0,0,0,0,0,no_gsc_data
https://jftagro.com/quote-calculator.html,0.0,0.0,0,0,0,0.0,0,0,0,0,no_gsc_data
https://jftagro.com/red-millet-exporter.html,0.0,0.0,0,0,0,0.0,0,0,0,0,no_gsc_data
https://jftagro.com/ru/,0.0,0.0,0,0,0,0.0,0,0,0,0,no_gsc_data
https://jftagro.com/ru/10-parboiled-rice-ir-64-exporter.html,0.0,0.0,0,0,0,0.0,0,0,0,0,no_gsc_data
https://jftagro.com/ru/100-broken-rice-exporter.html,0.0,0.0,0,0,0,0.0,0,0,0,0,no_gsc_data
https://jftagro.com/ru/1121-basmati-rice-exporter.html,0.0,0.0,0,0,0,0.0,0,0,0,0,no_gsc_data
https://jftagro.com/ru/1121-raw-basmati-rice-exporter.html,0.0,0.0,0,0,0,0.0,0,0,0,0,no_gsc_data
https://jftagro.com/ru/1121-steam-basmati-rice-exporter.html,0.0,0.0,0,0,0,0.0,0,0,0,0,no_gsc_data
https://jftagro.com/ru/1121-white-sella-basmati-exporter.html,0.0,0.0,0,0,0,0.0,0,0,0,0,no_gsc_data
https://jftagro.com/ru/1401-golden-sella-basmati-exporter.html,0.0,0.0,0,0,0,0.0,0,0,0,0,no_gsc_data
https://jftagro.com/ru/1401-sella-basmati-rice-exporter.html,0.0,0.0,0,0,0,0.0,0,0,0,0,no_gsc_data
https://jftagro.com/ru/1401-steam-basmati-rice-exporter.html,0.0,0.0,0,0,0,0.0,0,0,0,0,no_gsc_data
https://jftagro.com/ru/1509-golden-sella-basmati-exporter.html,0.0,0.0,0,0,0,0.0,0,0,0,0,no_gsc_data
https://jftagro.com/ru/1509-steam-basmati-rice-exporter.html,0.0,0.0,0,0,0,0.0,0,0,0,0,no_gsc_data
https://jftagro.com/ru/1718-golden-sella-basmati-exporter.html,0.0,0.0,0,0,0,0.0,0,0,0,0,no_gsc_data
https://jftagro.com/ru/1718-steam-basmati-rice-exporter.html,0.0,0.0,0,0,0,0.0,0,0,0,0,no_gsc_data
https://jftagro.com/ru/25-silky-sortex-short-grain-exporter.html,0.0,0.0,0,0,0,0.0,0,0,0,0,no_gsc_data
https://jftagro.com/ru/25-silky-sortex-white-exporter.html,0.0,0.0,0,0,0,0.0,0,0,0,0,no_gsc_data
https://jftagro.com/ru/5-parboiled-rice-ir-64-exporter.html,0.0,0.0,0,0,0,0.0,0,0,0,0,no_gsc_data
https://jftagro.com/ru/5-silky-sortex-short-grain-exporter.html,0.0,0.0,0,0,0,0.0,0,0,0,0,no_gsc_data
https://jftagro.com/ru/5-silky-sortex-white-exporter.html,0.0,0.0,0,0,0,0.0,0,0,0,0,no_gsc_data
https://jftagro.com/ru/about.html,0.0,0.0,0,0,0,0.0,0,0,0,0,no_gsc_data
https://jftagro.com/ru/africa-trade.html,0.0,0.0,0,0,0,0.0,0,0,0,0,no_gsc_data
https://jftagro.com/ru/ajwain-seeds-powder-exporter.html,0.0,0.0,0,0,0,0.0,0,0,0,0,no_gsc_data
https://jftagro.com/ru/akarkara-root-exporter.html,0.0,0.0,0,0,0,0.0,0,0,0,0,no_gsc_data
https://jftagro.com/ru/asaliya-seeds-exporter.html,0.0,0.0,0,0,0,0.0,0,0,0,0,no_gsc_data
https://jftagro.com/ru/asia-trade.html,0.0,0.0,0,0,0,0.0,0,0,0,0,no_gsc_data
https://jftagro.com/ru/barley-seeds-exporter.html,0.0,0.0,0,0,0,0.0,0,0,0,0,no_gsc_data
https://jftagro.com/ru/basil-seeds-exporter.html,0.0,0.0,0,0,0,0.0,0,0,0,0,no_gsc_data
https://jftagro.com/ru/bay-leaf-exporter.html,0.0,0.0,0,0,0,0.0,0,0,0,0,no_gsc_data
https://jftagro.com/ru/black-cumin-seeds-nigella-exporter.html,0.0,0.0,0,0,0,0.0,0,0,0,0,no_gsc_data
https://jftagro.com/ru/black-himaj-exporter.html,0.0,0.0,0,0,0,0.0,0,0,0,0,no_gsc_data
https://jftagro.com/ru/black-pepper-powder-exporter.html,0.0,0.0,0,0,0,0.0,0,0,0,0,no_gsc_data
https://jftagro.com/ru/blog-apeda-registration-indian-exporter-explained.html,0.0,0.0,0,0,0,0.0,0,0,0,0,no_gsc_data
https://jftagro.com/ru/blog-basmati-export-guide.html,0.0,0.0,0,0,0,0.0,0,0,0,0,no_gsc_data
https://jftagro.com/ru/blog-bill-of-lading-explained-importers.html,0.0,0.0,0,0,0,0.0,0,0,0,0,no_gsc_data
https://jftagro.com/ru/blog-certificate-of-analysis-food-imports.html,0.0,0.0,0,0,0,0.0,0,0,0,0,no_gsc_data
https://jftagro.com/ru/blog-cumin-jeera-price-outlook-2026.html,0.0,0.0,0,0,0,0.0,0,0,0,0,no_gsc_data
https://jftagro.com/ru/blog-food-container-loading-inspection-checklist.html,0.0,0.0,0,0,0,0.0,0,0,0,0,no_gsc_data
https://jftagro.com/ru/blog-green-mung-beans-export-india-2026.html,0.0,0.0,0,0,0,0.0,0,0,0,0,no_gsc_data
https://jftagro.com/ru/blog-how-to-choose-indian-agro-exporter.html,0.0,0.0,0,0,0,0.0,0,0,0,0,no_gsc_data
https://jftagro.com/ru/blog-how-to-export-india-to-africa.html,0.0,0.0,0,0,0,0.0,0,0,0,0,no_gsc_data
https://jftagro.com/ru/blog-how-to-import-rice-nigeria-west-africa.html,0.0,0.0,0,0,0,0.0,0,0,0,0,no_gsc_data
https://jftagro.com/ru/blog-how-to-read-proforma-invoice-india-export.html,0.0,0.0,0,0,0,0.0,0,0,0,0,no_gsc_data
https://jftagro.com/ru/blog-how-to-write-agro-commodity-purchase-specification.html,0.0,0.0,0,0,0,0.0,0,0,0,0,no_gsc_data
https://jftagro.com/ru/blog-import-duty-indian-rice-by-country.html,0.0,0.0,0,0,0,0.0,0,0,0,0,no_gsc_data
https://jftagro.com/ru/blog-import-indian-agro-kenya-east-africa.html,0.0,0.0,0,0,0,0.0,0,0,0,0,no_gsc_data
https://jftagro.com/ru/blog-india-rice-export-sri-lanka-bangladesh.html,0.0,0.0,0,0,0,0.0,0,0,0,0,no_gsc_data
https://jftagro.com/ru/blog-india-vs-thailand-rice-comparison.html,0.0,0.0,0,0,0,0.0,0,0,0,0,no_gsc_data
https://jftagro.com/ru/blog-ir64-export.html,0.0,0.0,0,0,0,0.0,0,0,0,0,no_gsc_data
https://jftagro.com/ru/blog-letter-of-credit-food-imports-india.html,0.0,0.0,0,0,0,0.0,0,0,0,0,no_gsc_data
https://jftagro.com/ru/blog-psyllium-husk-export-india-2026.html,0.0,0.0,0,0,0,0.0,0,0,0,0,no_gsc_data
https://jftagro.com/ru/blog-red-chilli-teja-export-india-2026.html,0.0,0.0,0,0,0,0.0,0,0,0,0,no_gsc_data
https://jftagro.com/ru/blog-sgs-inspection-indian-agro-exports.html,0.0,0.0,0,0,0,0.0,0,0,0,0,no_gsc_data
https://jftagro.com/ru/blog-top-indian-agro-commodities-import-2026.html,0.0,0.0,0,0,0,0.0,0,0,0,0,no_gsc_data
https://jftagro.com/ru/blog-turmeric-finger-export-india-2026.html,0.0,0.0,0,0,0,0.0,0,0,0,0,no_gsc_data
https://jftagro.com/ru/blog-turmeric-market-outlook-2026.html,0.0,0.0,0,0,0,0.0,0,0,0,0,no_gsc_data
https://jftagro.com/ru/blog.html,0.0,0.0,0,0,0,0.0,0,0,0,0,no_gsc_data
https://jftagro.com/ru/buckwheat-exporter.html,0.0,0.0,0,0,0,0.0,0,0,0,0,no_gsc_data
https://jftagro.com/ru/buyer-security.html,0.0,0.0,0,0,0,0.0,0,0,0,0,no_gsc_data
https://jftagro.com/ru/cassia-tora-meal-exporter.html,0.0,0.0,0,0,0,0.0,0,0,0,0,no_gsc_data
https://jftagro.com/ru/cassia-tora-seeds-exporter.html,0.0,0.0,0,0,0,0.0,0,0,0,0,no_gsc_data
https://jftagro.com/ru/celery-seeds-powder-exporter.html,0.0,0.0,0,0,0,0.0,0,0,0,0,no_gsc_data
https://jftagro.com/ru/certificates.html,0.0,0.0,0,0,0,0.0,0,0,0,0,no_gsc_data
https://jftagro.com/ru/chickpeas-kabuli-exporter.html,0.0,0.0,0,0,0,0.0,0,0,0,0,no_gsc_data
https://jftagro.com/ru/contact.html,0.0,0.0,0,0,0,0.0,0,0,0,0,no_gsc_data
https://jftagro.com/ru/coriander-seeds-exporter.html,0.0,0.0,0,0,0,0.0,0,0,0,0,no_gsc_data
https://jftagro.com/ru/corn-flour-maize-flour-exporter.html,0.0,0.0,0,0,0,0.0,0,0,0,0,no_gsc_data
https://jftagro.com/ru/corn-gluten-meal-exporter.html,0.0,0.0,0,0,0,0.0,0,0,0,0,no_gsc_data
https://jftagro.com/ru/corn-starch-exporter.html,0.0,0.0,0,0,0,0.0,0,0,0,0,no_gsc_data
https://jftagro.com/ru/cotton-seed-oil-cake-exporter.html,0.0,0.0,0,0,0,0.0,0,0,0,0,no_gsc_data
https://jftagro.com/ru/cumin-seeds-jeera-exporter.html,0.0,0.0,0,0,0,0.0,0,0,0,0,no_gsc_data
https://jftagro.com/ru/curry-powder-exporter.html,0.0,0.0,0,0,0,0.0,0,0,0,0,no_gsc_data
https://jftagro.com/ru/deoiled-rice-bran-dorb-exporter.html,0.0,0.0,0,0,0,0.0,0,0,0,0,no_gsc_data
https://jftagro.com/ru/dill-seeds-powder-exporter.html,0.0,0.0,0,0,0,0.0,0,0,0,0,no_gsc_data
https://jftagro.com/ru/dry-ginger-powder-exporter.html,0.0,0.0,0,0,0,0.0,0,0,0,0,no_gsc_data
https://jftagro.com/ru/dry-red-chilli-exporter.html,0.0,0.0,0,0,0,0.0,0,0,0,0,no_gsc_data
https://jftagro.com/ru/europe-trade.html,0.0,0.0,0,0,0,0.0,0,0,0,0,no_gsc_data
https://jftagro.com/ru/export-documentation.html,0.0,0.0,0,0,0,0.0,0,0,0,0,no_gsc_data
https://jftagro.com/ru/faq.html,0.0,0.0,0,0,0,0.0,0,0,0,0,no_gsc_data
https://jftagro.com/ru/fennel-seeds-sounff-exporter.html,0.0,0.0,0,0,0,0.0,0,0,0,0,no_gsc_data
https://jftagro.com/ru/fenugreek-seeds-methi-exporter.html,0.0,0.0,0,0,0,0.0,0,0,0,0,no_gsc_data
https://jftagro.com/ru/galangal-root-exporter.html,0.0,0.0,0,0,0,0.0,0,0,0,0,no_gsc_data
https://jftagro.com/ru/green-cardamom-exporter.html,0.0,0.0,0,0,0,0.0,0,0,0,0,no_gsc_data
https://jftagro.com/ru/green-millet-bajra-exporter.html,0.0,0.0,0,0,0,0.0,0,0,0,0,no_gsc_data
https://jftagro.com/ru/green-mung-beans-exporter.html,0.0,0.0,0,0,0,0.0,0,0,0,0,no_gsc_data
https://jftagro.com/ru/grey-millet-exporter.html,0.0,0.0,0,0,0,0.0,0,0,0,0,no_gsc_data
https://jftagro.com/ru/groundnut-oil-cake-exporter.html,0.0,0.0,0,0,0,0.0,0,0,0,0,no_gsc_data
https://jftagro.com/ru/groundnuts-peanuts-exporter.html,0.0,0.0,0,0,0,0.0,0,0,0,0,no_gsc_data
https://jftagro.com/ru/henna-leaves-exporter.html,0.0,0.0,0,0,0,0.0,0,0,0,0,no_gsc_data
https://jftagro.com/ru/henna-powder-exporter.html,0.0,0.0,0,0,0,0.0,0,0,0,0,no_gsc_data
https://jftagro.com/ru/indian-raisins-kishmish-exporter.html,0.0,0.0,0,0,0,0.0,0,0,0,0,no_gsc_data
https://jftagro.com/ru/infrastructure.html,0.0,0.0,0,0,0,0.0,0,0,0,0,no_gsc_data
https://jftagro.com/ru/maida-refined-wheat-flour-exporter.html,0.0,0.0,0,0,0,0.0,0,0,0,0,no_gsc_data
https://jftagro.com/ru/maize-grits-exporter.html,0.0,0.0,0,0,0,0.0,0,0,0,0,no_gsc_data
https://jftagro.com/ru/milling-wheat-exporter.html,0.0,0.0,0,0,0,0.0,0,0,0,0,no_gsc_data
https://jftagro.com/ru/moringa-leaves-exporter.html,0.0,0.0,0,0,0,0.0,0,0,0,0,no_gsc_data
https://jftagro.com/ru/moringa-powder-exporter.html,0.0,0.0,0,0,0,0.0,0,0,0,0,no_gsc_data
https://jftagro.com/ru/mustard-seeds-powder-exporter.html,0.0,0.0,0,0,0,0.0,0,0,0,0,no_gsc_data
https://jftagro.com/ru/packing-calculator.html,0.0,0.0,0,0,0,0.0,0,0,0,0,no_gsc_data
https://jftagro.com/ru/port-transit-calculator.html,0.0,0.0,0,0,0,0.0,0,0,0,0,no_gsc_data
https://jftagro.com/ru/pr-11-rice-exporter.html,0.0,0.0,0,0,0,0.0,0,0,0,0,no_gsc_data
https://jftagro.com/ru/products.html,0.0,0.0,0,0,0,0.0,0,0,0,0,no_gsc_data
https://jftagro.com/ru/psyllium-husk-exporter.html,0.0,0.0,0,0,0,0.0,0,0,0,0,no_gsc_data
https://jftagro.com/ru/quality-control.html,0.0,0.0,0,0,0,0.0,0,0,0,0,no_gsc_data
https://jftagro.com/ru/quote-calculator.html,0.0,0.0,0,0,0,0.0,0,0,0,0,no_gsc_data
https://jftagro.com/ru/red-millet-exporter.html,0.0,0.0,0,0,0,0.0,0,0,0,0,no_gsc_data
https://jftagro.com/ru/safflower-seeds-exporter.html,0.0,0.0,0,0,0,0.0,0,0,0,0,no_gsc_data
https://jftagro.com/ru/samba-rice-exporter.html,0.0,0.0,0,0,0,0.0,0,0,0,0,no_gsc_data
https://jftagro.com/ru/sample-request.html,0.0,0.0,0,0,0,0.0,0,0,0,0,no_gsc_data
https://jftagro.com/ru/semolina-sooji-rava-exporter.html,0.0,0.0,0,0,0,0.0,0,0,0,0,no_gsc_data
https://jftagro.com/ru/senna-leaves-exporter.html,0.0,0.0,0,0,0,0.0,0,0,0,0,no_gsc_data
https://jftagro.com/ru/senna-pods-exporter.html,0.0,0.0,0,0,0,0.0,0,0,0,0,no_gsc_data
https://jftagro.com/ru/sesame-seeds-naturalhulled-exporter.html,0.0,0.0,0,0,0,0.0,0,0,0,0,no_gsc_data
https://jftagro.com/ru/shipment-tracker.html,0.0,0.0,0,0,0,0.0,0,0,0,0,no_gsc_data
https://jftagro.com/ru/soya-bean-exporter.html,0.0,0.0,0,0,0,0.0,0,0,0,0,no_gsc_data
https://jftagro.com/ru/soybean-meal-doc-exporter.html,0.0,0.0,0,0,0,0.0,0,0,0,0,no_gsc_data
https://jftagro.com/ru/sugar-s30-supplier.html,0.0,0.0,0,0,0,0.0,0,0,0,0,no_gsc_data
https://jftagro.com/ru/sunflower-seeds-exporter.html,0.0,0.0,0,0,0,0.0,0,0,0,0,no_gsc_data
https://jftagro.com/ru/sunflower-seeds-in-shell-exporter.html,0.0,0.0,0,0,0,0.0,0,0,0,0,no_gsc_data
https://jftagro.com/ru/tamarind-exporter.html,0.0,0.0,0,0,0,0.0,0,0,0,0,no_gsc_data
https://jftagro.com/ru/toor-dal-split-pigeon-pea-exporter.html,0.0,0.0,0,0,0,0.0,0,0,0,0,no_gsc_data
https://jftagro.com/ru/turmeric-finger-exporter.html,0.0,0.0,0,0,0,0.0,0,0,0,0,no_gsc_data
https://jftagro.com/ru/uae-trade.html,0.0,0.0,0,0,0,0.0,0,0,0,0,no_gsc_data
https://jftagro.com/ru/whatsapp-catalog.html,0.0,0.0,0,0,0,0.0,0,0,0,0,no_gsc_data
https://jftagro.com/ru/wheat-flour-chakki-fresh-atta-exporter.html,0.0,0.0,0,0,0,0.0,0,0,0,0,no_gsc_data
https://jftagro.com/ru/wheat-grass-powder-exporter.html,0.0,0.0,0,0,0,0.0,0,0,0,0,no_gsc_data
https://jftagro.com/ru/white-sorghum-jowar-exporter.html,0.0,0.0,0,0,0,0.0,0,0,0,0,no_gsc_data
https://jftagro.com/ru/whole-nutmeg-powder-exporter.html,0.0,0.0,0,0,0,0.0,0,0,0,0,no_gsc_data
https://jftagro.com/ru/yellow-maize-corn-exporter.html,0.0,0.0,0,0,0,0.0,0,0,0,0,no_gsc_data
https://jftagro.com/ru/yellow-peas-matar-exporter.html,0.0,0.0,0,0,0,0.0,0,0,0,0,no_gsc_data
https://jftagro.com/safflower-seeds-exporter.html,0.0,0.0,0,0,0,0.0,0,0,0,0,no_gsc_data
https://jftagro.com/samba-rice-exporter.html,0.0,0.0,0,0,0,0.0,0,0,0,0,no_gsc_data
https://jftagro.com/sample-request.html,0.0,0.0,0,0,0,0.0,0,0,0,0,no_gsc_data
https://jftagro.com/semolina-sooji-rava-exporter.html,0.0,0.0,0,0,0,0.0,0,0,0,0,no_gsc_data
https://jftagro.com/senna-leaves-exporter.html,0.0,0.0,0,0,0,0.0,0,0,0,0,no_gsc_data
https://jftagro.com/senna-pods-exporter.html,0.0,0.0,0,0,0,0.0,0,0,0,0,no_gsc_data
https://jftagro.com/sesame-seeds-naturalhulled-exporter.html,0.0,0.0,0,0,0,0.0,0,0,0,0,no_gsc_data
https://jftagro.com/shipment-tracker.html,0.0,0.0,0,0,0,0.0,0,0,0,0,no_gsc_data
https://jftagro.com/si/,0.0,0.0,0,0,0,0.0,0,0,0,0,no_gsc_data
https://jftagro.com/si/10-parboiled-rice-ir-64-exporter.html,0.0,0.0,0,0,0,0.0,0,0,0,0,no_gsc_data
https://jftagro.com/si/100-broken-rice-exporter.html,0.0,0.0,0,0,0,0.0,0,0,0,0,no_gsc_data
https://jftagro.com/si/1121-basmati-rice-exporter.html,0.0,0.0,0,0,0,0.0,0,0,0,0,no_gsc_data
https://jftagro.com/si/1121-raw-basmati-rice-exporter.html,0.0,0.0,0,0,0,0.0,0,0,0,0,no_gsc_data
https://jftagro.com/si/1121-steam-basmati-rice-exporter.html,0.0,0.0,0,0,0,0.0,0,0,0,0,no_gsc_data
https://jftagro.com/si/1121-white-sella-basmati-exporter.html,0.0,0.0,0,0,0,0.0,0,0,0,0,no_gsc_data
https://jftagro.com/si/1401-golden-sella-basmati-exporter.html,0.0,0.0,0,0,0,0.0,0,0,0,0,no_gsc_data
https://jftagro.com/si/1401-sella-basmati-rice-exporter.html,0.0,0.0,0,0,0,0.0,0,0,0,0,no_gsc_data
https://jftagro.com/si/1401-steam-basmati-rice-exporter.html,0.0,0.0,0,0,0,0.0,0,0,0,0,no_gsc_data
https://jftagro.com/si/1509-golden-sella-basmati-exporter.html,0.0,0.0,0,0,0,0.0,0,0,0,0,no_gsc_data
https://jftagro.com/si/1509-steam-basmati-rice-exporter.html,0.0,0.0,0,0,0,0.0,0,0,0,0,no_gsc_data
https://jftagro.com/si/1718-golden-sella-basmati-exporter.html,0.0,0.0,0,0,0,0.0,0,0,0,0,no_gsc_data
https://jftagro.com/si/1718-steam-basmati-rice-exporter.html,0.0,0.0,0,0,0,0.0,0,0,0,0,no_gsc_data
https://jftagro.com/si/25-silky-sortex-short-grain-exporter.html,0.0,0.0,0,0,0,0.0,0,0,0,0,no_gsc_data
https://jftagro.com/si/25-silky-sortex-white-exporter.html,0.0,0.0,0,0,0,0.0,0,0,0,0,no_gsc_data
https://jftagro.com/si/5-parboiled-rice-ir-64-exporter.html,0.0,0.0,0,0,0,0.0,0,0,0,0,no_gsc_data
https://jftagro.com/si/5-silky-sortex-short-grain-exporter.html,0.0,0.0,0,0,0,0.0,0,0,0,0,no_gsc_data
https://jftagro.com/si/5-silky-sortex-white-exporter.html,0.0,0.0,0,0,0,0.0,0,0,0,0,no_gsc_data
https://jftagro.com/si/about.html,0.0,0.0,0,0,0,0.0,0,0,0,0,no_gsc_data
https://jftagro.com/si/africa-trade.html,0.0,0.0,0,0,0,0.0,0,0,0,0,no_gsc_data
https://jftagro.com/si/ajwain-seeds-powder-exporter.html,0.0,0.0,0,0,0,0.0,0,0,0,0,no_gsc_data
https://jftagro.com/si/akarkara-root-exporter.html,0.0,0.0,0,0,0,0.0,0,0,0,0,no_gsc_data
https://jftagro.com/si/asaliya-seeds-exporter.html,0.0,0.0,0,0,0,0.0,0,0,0,0,no_gsc_data
https://jftagro.com/si/asia-trade.html,0.0,0.0,0,0,0,0.0,0,0,0,0,no_gsc_data
https://jftagro.com/si/barley-seeds-exporter.html,0.0,0.0,0,0,0,0.0,0,0,0,0,no_gsc_data
https://jftagro.com/si/basil-seeds-exporter.html,0.0,0.0,0,0,0,0.0,0,0,0,0,no_gsc_data
https://jftagro.com/si/bay-leaf-exporter.html,0.0,0.0,0,0,0,0.0,0,0,0,0,no_gsc_data
https://jftagro.com/si/black-cumin-seeds-nigella-exporter.html,0.0,0.0,0,0,0,0.0,0,0,0,0,no_gsc_data
https://jftagro.com/si/black-himaj-exporter.html,0.0,0.0,0,0,0,0.0,0,0,0,0,no_gsc_data
https://jftagro.com/si/black-pepper-powder-exporter.html,0.0,0.0,0,0,0,0.0,0,0,0,0,no_gsc_data
https://jftagro.com/si/blog-apeda-registration-indian-exporter-explained.html,0.0,0.0,0,0,0,0.0,0,0,0,0,no_gsc_data
https://jftagro.com/si/blog-basmati-export-guide.html,0.0,0.0,0,0,0,0.0,0,0,0,0,no_gsc_data
https://jftagro.com/si/blog-bill-of-lading-explained-importers.html,0.0,0.0,0,0,0,0.0,0,0,0,0,no_gsc_data
https://jftagro.com/si/blog-certificate-of-analysis-food-imports.html,0.0,0.0,0,0,0,0.0,0,0,0,0,no_gsc_data
https://jftagro.com/si/blog-cumin-jeera-price-outlook-2026.html,0.0,0.0,0,0,0,0.0,0,0,0,0,no_gsc_data
https://jftagro.com/si/blog-food-container-loading-inspection-checklist.html,0.0,0.0,0,0,0,0.0,0,0,0,0,no_gsc_data
https://jftagro.com/si/blog-green-mung-beans-export-india-2026.html,0.0,0.0,0,0,0,0.0,0,0,0,0,no_gsc_data
https://jftagro.com/si/blog-how-to-choose-indian-agro-exporter.html,0.0,0.0,0,0,0,0.0,0,0,0,0,no_gsc_data
https://jftagro.com/si/blog-how-to-export-india-to-africa.html,0.0,0.0,0,0,0,0.0,0,0,0,0,no_gsc_data
https://jftagro.com/si/blog-how-to-import-rice-nigeria-west-africa.html,0.0,0.0,0,0,0,0.0,0,0,0,0,no_gsc_data
https://jftagro.com/si/blog-how-to-read-proforma-invoice-india-export.html,0.0,0.0,0,0,0,0.0,0,0,0,0,no_gsc_data
https://jftagro.com/si/blog-how-to-write-agro-commodity-purchase-specification.html,0.0,0.0,0,0,0,0.0,0,0,0,0,no_gsc_data
https://jftagro.com/si/blog-import-duty-indian-rice-by-country.html,0.0,0.0,0,0,0,0.0,0,0,0,0,no_gsc_data
https://jftagro.com/si/blog-import-indian-agro-kenya-east-africa.html,0.0,0.0,0,0,0,0.0,0,0,0,0,no_gsc_data
https://jftagro.com/si/blog-india-rice-export-sri-lanka-bangladesh.html,0.0,0.0,0,0,0,0.0,0,0,0,0,no_gsc_data
https://jftagro.com/si/blog-india-vs-thailand-rice-comparison.html,0.0,0.0,0,0,0,0.0,0,0,0,0,no_gsc_data
https://jftagro.com/si/blog-ir64-export.html,0.0,0.0,0,0,0,0.0,0,0,0,0,no_gsc_data
https://jftagro.com/si/blog-letter-of-credit-food-imports-india.html,0.0,0.0,0,0,0,0.0,0,0,0,0,no_gsc_data
https://jftagro.com/si/blog-psyllium-husk-export-india-2026.html,0.0,0.0,0,0,0,0.0,0,0,0,0,no_gsc_data
https://jftagro.com/si/blog-red-chilli-teja-export-india-2026.html,0.0,0.0,0,0,0,0.0,0,0,0,0,no_gsc_data
https://jftagro.com/si/blog-sgs-inspection-indian-agro-exports.html,0.0,0.0,0,0,0,0.0,0,0,0,0,no_gsc_data
https://jftagro.com/si/blog-top-indian-agro-commodities-import-2026.html,0.0,0.0,0,0,0,0.0,0,0,0,0,no_gsc_data
https://jftagro.com/si/blog-turmeric-finger-export-india-2026.html,0.0,0.0,0,0,0,0.0,0,0,0,0,no_gsc_data
https://jftagro.com/si/blog-turmeric-market-outlook-2026.html,0.0,0.0,0,0,0,0.0,0,0,0,0,no_gsc_data
https://jftagro.com/si/blog.html,0.0,0.0,0,0,0,0.0,0,0,0,0,no_gsc_data
https://jftagro.com/si/buckwheat-exporter.html,0.0,0.0,0,0,0,0.0,0,0,0,0,no_gsc_data
https://jftagro.com/si/buyer-security.html,0.0,0.0,0,0,0,0.0,0,0,0,0,no_gsc_data
https://jftagro.com/si/cassia-tora-meal-exporter.html,0.0,0.0,0,0,0,0.0,0,0,0,0,no_gsc_data
https://jftagro.com/si/cassia-tora-seeds-exporter.html,0.0,0.0,0,0,0,0.0,0,0,0,0,no_gsc_data
https://jftagro.com/si/celery-seeds-powder-exporter.html,0.0,0.0,0,0,0,0.0,0,0,0,0,no_gsc_data
https://jftagro.com/si/certificates.html,0.0,0.0,0,0,0,0.0,0,0,0,0,no_gsc_data
https://jftagro.com/si/chickpeas-kabuli-exporter.html,0.0,0.0,0,0,0,0.0,0,0,0,0,no_gsc_data
https://jftagro.com/si/contact.html,0.0,0.0,0,0,0,0.0,0,0,0,0,no_gsc_data
https://jftagro.com/si/coriander-seeds-exporter.html,0.0,0.0,0,0,0,0.0,0,0,0,0,no_gsc_data
https://jftagro.com/si/corn-flour-maize-flour-exporter.html,0.0,0.0,0,0,0,0.0,0,0,0,0,no_gsc_data
https://jftagro.com/si/corn-gluten-meal-exporter.html,0.0,0.0,0,0,0,0.0,0,0,0,0,no_gsc_data
https://jftagro.com/si/corn-starch-exporter.html,0.0,0.0,0,0,0,0.0,0,0,0,0,no_gsc_data
https://jftagro.com/si/cotton-seed-oil-cake-exporter.html,0.0,0.0,0,0,0,0.0,0,0,0,0,no_gsc_data
https://jftagro.com/si/cumin-seeds-jeera-exporter.html,0.0,0.0,0,0,0,0.0,0,0,0,0,no_gsc_data
https://jftagro.com/si/curry-powder-exporter.html,0.0,0.0,0,0,0,0.0,0,0,0,0,no_gsc_data
https://jftagro.com/si/deoiled-rice-bran-dorb-exporter.html,0.0,0.0,0,0,0,0.0,0,0,0,0,no_gsc_data
https://jftagro.com/si/dill-seeds-powder-exporter.html,0.0,0.0,0,0,0,0.0,0,0,0,0,no_gsc_data
https://jftagro.com/si/dry-ginger-powder-exporter.html,0.0,0.0,0,0,0,0.0,0,0,0,0,no_gsc_data
https://jftagro.com/si/dry-red-chilli-exporter.html,0.0,0.0,0,0,0,0.0,0,0,0,0,no_gsc_data
https://jftagro.com/si/europe-trade.html,0.0,0.0,0,0,0,0.0,0,0,0,0,no_gsc_data
https://jftagro.com/si/export-documentation.html,0.0,0.0,0,0,0,0.0,0,0,0,0,no_gsc_data
https://jftagro.com/si/faq.html,0.0,0.0,0,0,0,0.0,0,0,0,0,no_gsc_data
https://jftagro.com/si/fennel-seeds-sounff-exporter.html,0.0,0.0,0,0,0,0.0,0,0,0,0,no_gsc_data
https://jftagro.com/si/fenugreek-seeds-methi-exporter.html,0.0,0.0,0,0,0,0.0,0,0,0,0,no_gsc_data
https://jftagro.com/si/galangal-root-exporter.html,0.0,0.0,0,0,0,0.0,0,0,0,0,no_gsc_data
https://jftagro.com/si/green-cardamom-exporter.html,0.0,0.0,0,0,0,0.0,0,0,0,0,no_gsc_data
https://jftagro.com/si/green-millet-bajra-exporter.html,0.0,0.0,0,0,0,0.0,0,0,0,0,no_gsc_data
https://jftagro.com/si/green-mung-beans-exporter.html,0.0,0.0,0,0,0,0.0,0,0,0,0,no_gsc_data
https://jftagro.com/si/grey-millet-exporter.html,0.0,0.0,0,0,0,0.0,0,0,0,0,no_gsc_data
https://jftagro.com/si/groundnut-oil-cake-exporter.html,0.0,0.0,0,0,0,0.0,0,0,0,0,no_gsc_data
https://jftagro.com/si/groundnuts-peanuts-exporter.html,0.0,0.0,0,0,0,0.0,0,0,0,0,no_gsc_data
https://jftagro.com/si/henna-leaves-exporter.html,0.0,0.0,0,0,0,0.0,0,0,0,0,no_gsc_data
https://jftagro.com/si/henna-powder-exporter.html,0.0,0.0,0,0,0,0.0,0,0,0,0,no_gsc_data
https://jftagro.com/si/indian-raisins-kishmish-exporter.html,0.0,0.0,0,0,0,0.0,0,0,0,0,no_gsc_data
https://jftagro.com/si/infrastructure.html,0.0,0.0,0,0,0,0.0,0,0,0,0,no_gsc_data
https://jftagro.com/si/maida-refined-wheat-flour-exporter.html,0.0,0.0,0,0,0,0.0,0,0,0,0,no_gsc_data
https://jftagro.com/si/maize-grits-exporter.html,0.0,0.0,0,0,0,0.0,0,0,0,0,no_gsc_data
https://jftagro.com/si/milling-wheat-exporter.html,0.0,0.0,0,0,0,0.0,0,0,0,0,no_gsc_data
https://jftagro.com/si/moringa-leaves-exporter.html,0.0,0.0,0,0,0,0.0,0,0,0,0,no_gsc_data
https://jftagro.com/si/moringa-powder-exporter.html,0.0,0.0,0,0,0,0.0,0,0,0,0,no_gsc_data
https://jftagro.com/si/mustard-seeds-powder-exporter.html,0.0,0.0,0,0,0,0.0,0,0,0,0,no_gsc_data
https://jftagro.com/si/packing-calculator.html,0.0,0.0,0,0,0,0.0,0,0,0,0,no_gsc_data
https://jftagro.com/si/port-transit-calculator.html,0.0,0.0,0,0,0,0.0,0,0,0,0,no_gsc_data
https://jftagro.com/si/pr-11-rice-exporter.html,0.0,0.0,0,0,0,0.0,0,0,0,0,no_gsc_data
https://jftagro.com/si/products.html,0.0,0.0,0,0,0,0.0,0,0,0,0,no_gsc_data
https://jftagro.com/si/psyllium-husk-exporter.html,0.0,0.0,0,0,0,0.0,0,0,0,0,no_gsc_data
https://jftagro.com/si/quality-control.html,0.0,0.0,0,0,0,0.0,0,0,0,0,no_gsc_data
https://jftagro.com/si/quote-calculator.html,0.0,0.0,0,0,0,0.0,0,0,0,0,no_gsc_data
https://jftagro.com/si/red-millet-exporter.html,0.0,0.0,0,0,0,0.0,0,0,0,0,no_gsc_data
https://jftagro.com/si/safflower-seeds-exporter.html,0.0,0.0,0,0,0,0.0,0,0,0,0,no_gsc_data
https://jftagro.com/si/samba-rice-exporter.html,0.0,0.0,0,0,0,0.0,0,0,0,0,no_gsc_data
https://jftagro.com/si/sample-request.html,0.0,0.0,0,0,0,0.0,0,0,0,0,no_gsc_data
https://jftagro.com/si/semolina-sooji-rava-exporter.html,0.0,0.0,0,0,0,0.0,0,0,0,0,no_gsc_data
https://jftagro.com/si/senna-leaves-exporter.html,0.0,0.0,0,0,0,0.0,0,0,0,0,no_gsc_data
https://jftagro.com/si/senna-pods-exporter.html,0.0,0.0,0,0,0,0.0,0,0,0,0,no_gsc_data
https://jftagro.com/si/sesame-seeds-naturalhulled-exporter.html,0.0,0.0,0,0,0,0.0,0,0,0,0,no_gsc_data
https://jftagro.com/si/shipment-tracker.html,0.0,0.0,0,0,0,0.0,0,0,0,0,no_gsc_data
https://jftagro.com/si/soya-bean-exporter.html,0.0,0.0,0,0,0,0.0,0,0,0,0,no_gsc_data
https://jftagro.com/si/soybean-meal-doc-exporter.html,0.0,0.0,0,0,0,0.0,0,0,0,0,no_gsc_data
https://jftagro.com/si/sugar-s30-supplier.html,0.0,0.0,0,0,0,0.0,0,0,0,0,no_gsc_data
https://jftagro.com/si/sunflower-seeds-exporter.html,0.0,0.0,0,0,0,0.0,0,0,0,0,no_gsc_data
https://jftagro.com/si/sunflower-seeds-in-shell-exporter.html,0.0,0.0,0,0,0,0.0,0,0,0,0,no_gsc_data
https://jftagro.com/si/tamarind-exporter.html,0.0,0.0,0,0,0,0.0,0,0,0,0,no_gsc_data
https://jftagro.com/si/toor-dal-split-pigeon-pea-exporter.html,0.0,0.0,0,0,0,0.0,0,0,0,0,no_gsc_data
https://jftagro.com/si/turmeric-finger-exporter.html,0.0,0.0,0,0,0,0.0,0,0,0,0,no_gsc_data
https://jftagro.com/si/uae-trade.html,0.0,0.0,0,0,0,0.0,0,0,0,0,no_gsc_data
https://jftagro.com/si/whatsapp-catalog.html,0.0,0.0,0,0,0,0.0,0,0,0,0,no_gsc_data
https://jftagro.com/si/wheat-flour-chakki-fresh-atta-exporter.html,0.0,0.0,0,0,0,0.0,0,0,0,0,no_gsc_data
https://jftagro.com/si/wheat-grass-powder-exporter.html,0.0,0.0,0,0,0,0.0,0,0,0,0,no_gsc_data
https://jftagro.com/si/white-sorghum-jowar-exporter.html,0.0,0.0,0,0,0,0.0,0,0,0,0,no_gsc_data
https://jftagro.com/si/whole-nutmeg-powder-exporter.html,0.0,0.0,0,0,0,0.0,0,0,0,0,no_gsc_data
https://jftagro.com/si/yellow-maize-corn-exporter.html,0.0,0.0,0,0,0,0.0,0,0,0,0,no_gsc_data
https://jftagro.com/si/yellow-peas-matar-exporter.html,0.0,0.0,0,0,0,0.0,0,0,0,0,no_gsc_data
https://jftagro.com/soya-bean-exporter.html,0.0,0.0,0,0,0,0.0,0,0,0,0,no_gsc_data
https://jftagro.com/soybean-meal-doc-exporter.html,0.0,0.0,0,0,0,0.0,0,0,0,0,no_gsc_data
https://jftagro.com/sugar-s30-supplier.html,0.0,0.0,0,0,0,0.0,0,0,0,0,no_gsc_data
https://jftagro.com/sunflower-seeds-exporter.html,0.0,0.0,0,0,0,0.0,0,0,0,0,no_gsc_data
https://jftagro.com/sunflower-seeds-in-shell-exporter.html,0.0,0.0,0,0,0,0.0,0,0,0,0,no_gsc_data
https://jftagro.com/tamarind-exporter.html,0.0,0.0,0,0,0,0.0,0,0,0,0,no_gsc_data
https://jftagro.com/terms.html,0.0,0.0,0,0,0,0.0,0,0,0,0,no_gsc_data
https://jftagro.com/th/,0.0,0.0,0,0,0,0.0,0,0,0,0,no_gsc_data
https://jftagro.com/th/10-parboiled-rice-ir-64-exporter.html,0.0,0.0,0,0,0,0.0,0,0,0,0,no_gsc_data
https://jftagro.com/th/100-broken-rice-exporter.html,0.0,0.0,0,0,0,0.0,0,0,0,0,no_gsc_data
https://jftagro.com/th/1121-basmati-rice-exporter.html,0.0,0.0,0,0,0,0.0,0,0,0,0,no_gsc_data
https://jftagro.com/th/1121-raw-basmati-rice-exporter.html,0.0,0.0,0,0,0,0.0,0,0,0,0,no_gsc_data
https://jftagro.com/th/1121-steam-basmati-rice-exporter.html,0.0,0.0,0,0,0,0.0,0,0,0,0,no_gsc_data
https://jftagro.com/th/1121-white-sella-basmati-exporter.html,0.0,0.0,0,0,0,0.0,0,0,0,0,no_gsc_data
https://jftagro.com/th/1401-golden-sella-basmati-exporter.html,0.0,0.0,0,0,0,0.0,0,0,0,0,no_gsc_data
https://jftagro.com/th/1401-sella-basmati-rice-exporter.html,0.0,0.0,0,0,0,0.0,0,0,0,0,no_gsc_data
https://jftagro.com/th/1401-steam-basmati-rice-exporter.html,0.0,0.0,0,0,0,0.0,0,0,0,0,no_gsc_data
https://jftagro.com/th/1509-golden-sella-basmati-exporter.html,0.0,0.0,0,0,0,0.0,0,0,0,0,no_gsc_data
https://jftagro.com/th/1509-steam-basmati-rice-exporter.html,0.0,0.0,0,0,0,0.0,0,0,0,0,no_gsc_data
https://jftagro.com/th/1718-golden-sella-basmati-exporter.html,0.0,0.0,0,0,0,0.0,0,0,0,0,no_gsc_data
https://jftagro.com/th/1718-steam-basmati-rice-exporter.html,0.0,0.0,0,0,0,0.0,0,0,0,0,no_gsc_data
https://jftagro.com/th/25-silky-sortex-short-grain-exporter.html,0.0,0.0,0,0,0,0.0,0,0,0,0,no_gsc_data
https://jftagro.com/th/25-silky-sortex-white-exporter.html,0.0,0.0,0,0,0,0.0,0,0,0,0,no_gsc_data
https://jftagro.com/th/5-parboiled-rice-ir-64-exporter.html,0.0,0.0,0,0,0,0.0,0,0,0,0,no_gsc_data
https://jftagro.com/th/5-silky-sortex-short-grain-exporter.html,0.0,0.0,0,0,0,0.0,0,0,0,0,no_gsc_data
https://jftagro.com/th/5-silky-sortex-white-exporter.html,0.0,0.0,0,0,0,0.0,0,0,0,0,no_gsc_data
https://jftagro.com/th/about.html,0.0,0.0,0,0,0,0.0,0,0,0,0,no_gsc_data
https://jftagro.com/th/africa-trade.html,0.0,0.0,0,0,0,0.0,0,0,0,0,no_gsc_data
https://jftagro.com/th/ajwain-seeds-powder-exporter.html,0.0,0.0,0,0,0,0.0,0,0,0,0,no_gsc_data
https://jftagro.com/th/akarkara-root-exporter.html,0.0,0.0,0,0,0,0.0,0,0,0,0,no_gsc_data
https://jftagro.com/th/asaliya-seeds-exporter.html,0.0,0.0,0,0,0,0.0,0,0,0,0,no_gsc_data
https://jftagro.com/th/asia-trade.html,0.0,0.0,0,0,0,0.0,0,0,0,0,no_gsc_data
https://jftagro.com/th/barley-seeds-exporter.html,0.0,0.0,0,0,0,0.0,0,0,0,0,no_gsc_data
https://jftagro.com/th/basil-seeds-exporter.html,0.0,0.0,0,0,0,0.0,0,0,0,0,no_gsc_data
https://jftagro.com/th/bay-leaf-exporter.html,0.0,0.0,0,0,0,0.0,0,0,0,0,no_gsc_data
https://jftagro.com/th/black-cumin-seeds-nigella-exporter.html,0.0,0.0,0,0,0,0.0,0,0,0,0,no_gsc_data
https://jftagro.com/th/black-himaj-exporter.html,0.0,0.0,0,0,0,0.0,0,0,0,0,no_gsc_data
https://jftagro.com/th/black-pepper-powder-exporter.html,0.0,0.0,0,0,0,0.0,0,0,0,0,no_gsc_data
https://jftagro.com/th/blog-apeda-registration-indian-exporter-explained.html,0.0,0.0,0,0,0,0.0,0,0,0,0,no_gsc_data
https://jftagro.com/th/blog-basmati-export-guide.html,0.0,0.0,0,0,0,0.0,0,0,0,0,no_gsc_data
https://jftagro.com/th/blog-bill-of-lading-explained-importers.html,0.0,0.0,0,0,0,0.0,0,0,0,0,no_gsc_data
https://jftagro.com/th/blog-certificate-of-analysis-food-imports.html,0.0,0.0,0,0,0,0.0,0,0,0,0,no_gsc_data
https://jftagro.com/th/blog-cumin-jeera-price-outlook-2026.html,0.0,0.0,0,0,0,0.0,0,0,0,0,no_gsc_data
https://jftagro.com/th/blog-food-container-loading-inspection-checklist.html,0.0,0.0,0,0,0,0.0,0,0,0,0,no_gsc_data
https://jftagro.com/th/blog-green-mung-beans-export-india-2026.html,0.0,0.0,0,0,0,0.0,0,0,0,0,no_gsc_data
https://jftagro.com/th/blog-how-to-choose-indian-agro-exporter.html,0.0,0.0,0,0,0,0.0,0,0,0,0,no_gsc_data
https://jftagro.com/th/blog-how-to-export-india-to-africa.html,0.0,0.0,0,0,0,0.0,0,0,0,0,no_gsc_data
https://jftagro.com/th/blog-how-to-import-rice-nigeria-west-africa.html,0.0,0.0,0,0,0,0.0,0,0,0,0,no_gsc_data
https://jftagro.com/th/blog-how-to-read-proforma-invoice-india-export.html,0.0,0.0,0,0,0,0.0,0,0,0,0,no_gsc_data
https://jftagro.com/th/blog-how-to-write-agro-commodity-purchase-specification.html,0.0,0.0,0,0,0,0.0,0,0,0,0,no_gsc_data
https://jftagro.com/th/blog-import-duty-indian-rice-by-country.html,0.0,0.0,0,0,0,0.0,0,0,0,0,no_gsc_data
https://jftagro.com/th/blog-import-indian-agro-kenya-east-africa.html,0.0,0.0,0,0,0,0.0,0,0,0,0,no_gsc_data
https://jftagro.com/th/blog-india-rice-export-sri-lanka-bangladesh.html,0.0,0.0,0,0,0,0.0,0,0,0,0,no_gsc_data
https://jftagro.com/th/blog-india-vs-thailand-rice-comparison.html,0.0,0.0,0,0,0,0.0,0,0,0,0,no_gsc_data
https://jftagro.com/th/blog-ir64-export.html,0.0,0.0,0,0,0,0.0,0,0,0,0,no_gsc_data
https://jftagro.com/th/blog-letter-of-credit-food-imports-india.html,0.0,0.0,0,0,0,0.0,0,0,0,0,no_gsc_data
https://jftagro.com/th/blog-psyllium-husk-export-india-2026.html,0.0,0.0,0,0,0,0.0,0,0,0,0,no_gsc_data
https://jftagro.com/th/blog-red-chilli-teja-export-india-2026.html,0.0,0.0,0,0,0,0.0,0,0,0,0,no_gsc_data
https://jftagro.com/th/blog-sgs-inspection-indian-agro-exports.html,0.0,0.0,0,0,0,0.0,0,0,0,0,no_gsc_data
https://jftagro.com/th/blog-top-indian-agro-commodities-import-2026.html,0.0,0.0,0,0,0,0.0,0,0,0,0,no_gsc_data
https://jftagro.com/th/blog-turmeric-finger-export-india-2026.html,0.0,0.0,0,0,0,0.0,0,0,0,0,no_gsc_data
https://jftagro.com/th/blog-turmeric-market-outlook-2026.html,0.0,0.0,0,0,0,0.0,0,0,0,0,no_gsc_data
https://jftagro.com/th/blog.html,0.0,0.0,0,0,0,0.0,0,0,0,0,no_gsc_data
https://jftagro.com/th/buckwheat-exporter.html,0.0,0.0,0,0,0,0.0,0,0,0,0,no_gsc_data
https://jftagro.com/th/buyer-security.html,0.0,0.0,0,0,0,0.0,0,0,0,0,no_gsc_data
https://jftagro.com/th/cassia-tora-meal-exporter.html,0.0,0.0,0,0,0,0.0,0,0,0,0,no_gsc_data
https://jftagro.com/th/cassia-tora-seeds-exporter.html,0.0,0.0,0,0,0,0.0,0,0,0,0,no_gsc_data
https://jftagro.com/th/celery-seeds-powder-exporter.html,0.0,0.0,0,0,0,0.0,0,0,0,0,no_gsc_data
https://jftagro.com/th/certificates.html,0.0,0.0,0,0,0,0.0,0,0,0,0,no_gsc_data
https://jftagro.com/th/chickpeas-kabuli-exporter.html,0.0,0.0,0,0,0,0.0,0,0,0,0,no_gsc_data
https://jftagro.com/th/contact.html,0.0,0.0,0,0,0,0.0,0,0,0,0,no_gsc_data
https://jftagro.com/th/coriander-seeds-exporter.html,0.0,0.0,0,0,0,0.0,0,0,0,0,no_gsc_data
https://jftagro.com/th/corn-flour-maize-flour-exporter.html,0.0,0.0,0,0,0,0.0,0,0,0,0,no_gsc_data
https://jftagro.com/th/corn-gluten-meal-exporter.html,0.0,0.0,0,0,0,0.0,0,0,0,0,no_gsc_data
https://jftagro.com/th/corn-starch-exporter.html,0.0,0.0,0,0,0,0.0,0,0,0,0,no_gsc_data
https://jftagro.com/th/cotton-seed-oil-cake-exporter.html,0.0,0.0,0,0,0,0.0,0,0,0,0,no_gsc_data
https://jftagro.com/th/cumin-seeds-jeera-exporter.html,0.0,0.0,0,0,0,0.0,0,0,0,0,no_gsc_data
https://jftagro.com/th/curry-powder-exporter.html,0.0,0.0,0,0,0,0.0,0,0,0,0,no_gsc_data
https://jftagro.com/th/deoiled-rice-bran-dorb-exporter.html,0.0,0.0,0,0,0,0.0,0,0,0,0,no_gsc_data
https://jftagro.com/th/dill-seeds-powder-exporter.html,0.0,0.0,0,0,0,0.0,0,0,0,0,no_gsc_data
https://jftagro.com/th/dry-ginger-powder-exporter.html,0.0,0.0,0,0,0,0.0,0,0,0,0,no_gsc_data
https://jftagro.com/th/dry-red-chilli-exporter.html,0.0,0.0,0,0,0,0.0,0,0,0,0,no_gsc_data
https://jftagro.com/th/europe-trade.html,0.0,0.0,0,0,0,0.0,0,0,0,0,no_gsc_data
https://jftagro.com/th/export-documentation.html,0.0,0.0,0,0,0,0.0,0,0,0,0,no_gsc_data
https://jftagro.com/th/faq.html,0.0,0.0,0,0,0,0.0,0,0,0,0,no_gsc_data
https://jftagro.com/th/fennel-seeds-sounff-exporter.html,0.0,0.0,0,0,0,0.0,0,0,0,0,no_gsc_data
https://jftagro.com/th/fenugreek-seeds-methi-exporter.html,0.0,0.0,0,0,0,0.0,0,0,0,0,no_gsc_data
https://jftagro.com/th/galangal-root-exporter.html,0.0,0.0,0,0,0,0.0,0,0,0,0,no_gsc_data
https://jftagro.com/th/green-cardamom-exporter.html,0.0,0.0,0,0,0,0.0,0,0,0,0,no_gsc_data
https://jftagro.com/th/green-millet-bajra-exporter.html,0.0,0.0,0,0,0,0.0,0,0,0,0,no_gsc_data
https://jftagro.com/th/green-mung-beans-exporter.html,0.0,0.0,0,0,0,0.0,0,0,0,0,no_gsc_data
https://jftagro.com/th/grey-millet-exporter.html,0.0,0.0,0,0,0,0.0,0,0,0,0,no_gsc_data
https://jftagro.com/th/groundnut-oil-cake-exporter.html,0.0,0.0,0,0,0,0.0,0,0,0,0,no_gsc_data
https://jftagro.com/th/groundnuts-peanuts-exporter.html,0.0,0.0,0,0,0,0.0,0,0,0,0,no_gsc_data
https://jftagro.com/th/henna-leaves-exporter.html,0.0,0.0,0,0,0,0.0,0,0,0,0,no_gsc_data
https://jftagro.com/th/henna-powder-exporter.html,0.0,0.0,0,0,0,0.0,0,0,0,0,no_gsc_data
https://jftagro.com/th/indian-raisins-kishmish-exporter.html,0.0,0.0,0,0,0,0.0,0,0,0,0,no_gsc_data
https://jftagro.com/th/infrastructure.html,0.0,0.0,0,0,0,0.0,0,0,0,0,no_gsc_data
https://jftagro.com/th/maida-refined-wheat-flour-exporter.html,0.0,0.0,0,0,0,0.0,0,0,0,0,no_gsc_data
https://jftagro.com/th/maize-grits-exporter.html,0.0,0.0,0,0,0,0.0,0,0,0,0,no_gsc_data
https://jftagro.com/th/milling-wheat-exporter.html,0.0,0.0,0,0,0,0.0,0,0,0,0,no_gsc_data
https://jftagro.com/th/moringa-leaves-exporter.html,0.0,0.0,0,0,0,0.0,0,0,0,0,no_gsc_data
https://jftagro.com/th/moringa-powder-exporter.html,0.0,0.0,0,0,0,0.0,0,0,0,0,no_gsc_data
https://jftagro.com/th/mustard-seeds-powder-exporter.html,0.0,0.0,0,0,0,0.0,0,0,0,0,no_gsc_data
https://jftagro.com/th/packing-calculator.html,0.0,0.0,0,0,0,0.0,0,0,0,0,no_gsc_data
https://jftagro.com/th/port-transit-calculator.html,0.0,0.0,0,0,0,0.0,0,0,0,0,no_gsc_data
https://jftagro.com/th/pr-11-rice-exporter.html,0.0,0.0,0,0,0,0.0,0,0,0,0,no_gsc_data
https://jftagro.com/th/products.html,0.0,0.0,0,0,0,0.0,0,0,0,0,no_gsc_data
https://jftagro.com/th/psyllium-husk-exporter.html,0.0,0.0,0,0,0,0.0,0,0,0,0,no_gsc_data
https://jftagro.com/th/quality-control.html,0.0,0.0,0,0,0,0.0,0,0,0,0,no_gsc_data
https://jftagro.com/th/quote-calculator.html,0.0,0.0,0,0,0,0.0,0,0,0,0,no_gsc_data
https://jftagro.com/th/red-millet-exporter.html,0.0,0.0,0,0,0,0.0,0,0,0,0,no_gsc_data
https://jftagro.com/th/safflower-seeds-exporter.html,0.0,0.0,0,0,0,0.0,0,0,0,0,no_gsc_data
https://jftagro.com/th/samba-rice-exporter.html,0.0,0.0,0,0,0,0.0,0,0,0,0,no_gsc_data
https://jftagro.com/th/sample-request.html,0.0,0.0,0,0,0,0.0,0,0,0,0,no_gsc_data
https://jftagro.com/th/semolina-sooji-rava-exporter.html,0.0,0.0,0,0,0,0.0,0,0,0,0,no_gsc_data
https://jftagro.com/th/senna-leaves-exporter.html,0.0,0.0,0,0,0,0.0,0,0,0,0,no_gsc_data
https://jftagro.com/th/senna-pods-exporter.html,0.0,0.0,0,0,0,0.0,0,0,0,0,no_gsc_data
https://jftagro.com/th/sesame-seeds-naturalhulled-exporter.html,0.0,0.0,0,0,0,0.0,0,0,0,0,no_gsc_data
https://jftagro.com/th/shipment-tracker.html,0.0,0.0,0,0,0,0.0,0,0,0,0,no_gsc_data
https://jftagro.com/th/soya-bean-exporter.html,0.0,0.0,0,0,0,0.0,0,0,0,0,no_gsc_data
https://jftagro.com/th/soybean-meal-doc-exporter.html,0.0,0.0,0,0,0,0.0,0,0,0,0,no_gsc_data
https://jftagro.com/th/sugar-s30-supplier.html,0.0,0.0,0,0,0,0.0,0,0,0,0,no_gsc_data
https://jftagro.com/th/sunflower-seeds-exporter.html,0.0,0.0,0,0,0,0.0,0,0,0,0,no_gsc_data
https://jftagro.com/th/sunflower-seeds-in-shell-exporter.html,0.0,0.0,0,0,0,0.0,0,0,0,0,no_gsc_data
https://jftagro.com/th/tamarind-exporter.html,0.0,0.0,0,0,0,0.0,0,0,0,0,no_gsc_data
https://jftagro.com/th/toor-dal-split-pigeon-pea-exporter.html,0.0,0.0,0,0,0,0.0,0,0,0,0,no_gsc_data
https://jftagro.com/th/turmeric-finger-exporter.html,0.0,0.0,0,0,0,0.0,0,0,0,0,no_gsc_data
https://jftagro.com/th/uae-trade.html,0.0,0.0,0,0,0,0.0,0,0,0,0,no_gsc_data
https://jftagro.com/th/whatsapp-catalog.html,0.0,0.0,0,0,0,0.0,0,0,0,0,no_gsc_data
https://jftagro.com/th/wheat-flour-chakki-fresh-atta-exporter.html,0.0,0.0,0,0,0,0.0,0,0,0,0,no_gsc_data
https://jftagro.com/th/wheat-grass-powder-exporter.html,0.0,0.0,0,0,0,0.0,0,0,0,0,no_gsc_data
https://jftagro.com/th/white-sorghum-jowar-exporter.html,0.0,0.0,0,0,0,0.0,0,0,0,0,no_gsc_data
https://jftagro.com/th/whole-nutmeg-powder-exporter.html,0.0,0.0,0,0,0,0.0,0,0,0,0,no_gsc_data
https://jftagro.com/th/yellow-maize-corn-exporter.html,0.0,0.0,0,0,0,0.0,0,0,0,0,no_gsc_data
https://jftagro.com/th/yellow-peas-matar-exporter.html,0.0,0.0,0,0,0,0.0,0,0,0,0,no_gsc_data
https://jftagro.com/toor-dal-split-pigeon-pea-exporter.html,0.0,0.0,0,0,0,0.0,0,0,0,0,no_gsc_data
https://jftagro.com/turmeric-finger-exporter.html,0.0,0.0,0,0,0,0.0,0,0,0,0,no_gsc_data
https://jftagro.com/uae-trade.html,0.0,0.0,0,0,0,0.0,0,0,0,0,no_gsc_data
https://jftagro.com/vi/,0.0,0.0,0,0,0,0.0,0,0,0,0,no_gsc_data
https://jftagro.com/vi/10-parboiled-rice-ir-64-exporter.html,0.0,0.0,0,0,0,0.0,0,0,0,0,no_gsc_data
https://jftagro.com/vi/100-broken-rice-exporter.html,0.0,0.0,0,0,0,0.0,0,0,0,0,no_gsc_data
https://jftagro.com/vi/1121-basmati-rice-exporter.html,0.0,0.0,0,0,0,0.0,0,0,0,0,no_gsc_data
https://jftagro.com/vi/1121-raw-basmati-rice-exporter.html,0.0,0.0,0,0,0,0.0,0,0,0,0,no_gsc_data
https://jftagro.com/vi/1121-steam-basmati-rice-exporter.html,0.0,0.0,0,0,0,0.0,0,0,0,0,no_gsc_data
https://jftagro.com/vi/1121-white-sella-basmati-exporter.html,0.0,0.0,0,0,0,0.0,0,0,0,0,no_gsc_data
https://jftagro.com/vi/1401-golden-sella-basmati-exporter.html,0.0,0.0,0,0,0,0.0,0,0,0,0,no_gsc_data
https://jftagro.com/vi/1401-sella-basmati-rice-exporter.html,0.0,0.0,0,0,0,0.0,0,0,0,0,no_gsc_data
https://jftagro.com/vi/1401-steam-basmati-rice-exporter.html,0.0,0.0,0,0,0,0.0,0,0,0,0,no_gsc_data
https://jftagro.com/vi/1509-golden-sella-basmati-exporter.html,0.0,0.0,0,0,0,0.0,0,0,0,0,no_gsc_data
https://jftagro.com/vi/1509-steam-basmati-rice-exporter.html,0.0,0.0,0,0,0,0.0,0,0,0,0,no_gsc_data
https://jftagro.com/vi/1718-golden-sella-basmati-exporter.html,0.0,0.0,0,0,0,0.0,0,0,0,0,no_gsc_data
https://jftagro.com/vi/1718-steam-basmati-rice-exporter.html,0.0,0.0,0,0,0,0.0,0,0,0,0,no_gsc_data
https://jftagro.com/vi/25-silky-sortex-short-grain-exporter.html,0.0,0.0,0,0,0,0.0,0,0,0,0,no_gsc_data
https://jftagro.com/vi/25-silky-sortex-white-exporter.html,0.0,0.0,0,0,0,0.0,0,0,0,0,no_gsc_data
https://jftagro.com/vi/5-parboiled-rice-ir-64-exporter.html,0.0,0.0,0,0,0,0.0,0,0,0,0,no_gsc_data
https://jftagro.com/vi/5-silky-sortex-short-grain-exporter.html,0.0,0.0,0,0,0,0.0,0,0,0,0,no_gsc_data
https://jftagro.com/vi/5-silky-sortex-white-exporter.html,0.0,0.0,0,0,0,0.0,0,0,0,0,no_gsc_data
https://jftagro.com/vi/about.html,0.0,0.0,0,0,0,0.0,0,0,0,0,no_gsc_data
https://jftagro.com/vi/africa-trade.html,0.0,0.0,0,0,0,0.0,0,0,0,0,no_gsc_data
https://jftagro.com/vi/ajwain-seeds-powder-exporter.html,0.0,0.0,0,0,0,0.0,0,0,0,0,no_gsc_data
https://jftagro.com/vi/akarkara-root-exporter.html,0.0,0.0,0,0,0,0.0,0,0,0,0,no_gsc_data
https://jftagro.com/vi/asaliya-seeds-exporter.html,0.0,0.0,0,0,0,0.0,0,0,0,0,no_gsc_data
https://jftagro.com/vi/asia-trade.html,0.0,0.0,0,0,0,0.0,0,0,0,0,no_gsc_data
https://jftagro.com/vi/barley-seeds-exporter.html,0.0,0.0,0,0,0,0.0,0,0,0,0,no_gsc_data
https://jftagro.com/vi/basil-seeds-exporter.html,0.0,0.0,0,0,0,0.0,0,0,0,0,no_gsc_data
https://jftagro.com/vi/bay-leaf-exporter.html,0.0,0.0,0,0,0,0.0,0,0,0,0,no_gsc_data
https://jftagro.com/vi/black-cumin-seeds-nigella-exporter.html,0.0,0.0,0,0,0,0.0,0,0,0,0,no_gsc_data
https://jftagro.com/vi/black-himaj-exporter.html,0.0,0.0,0,0,0,0.0,0,0,0,0,no_gsc_data
https://jftagro.com/vi/black-pepper-powder-exporter.html,0.0,0.0,0,0,0,0.0,0,0,0,0,no_gsc_data
https://jftagro.com/vi/blog-apeda-registration-indian-exporter-explained.html,0.0,0.0,0,0,0,0.0,0,0,0,0,no_gsc_data
https://jftagro.com/vi/blog-basmati-export-guide.html,0.0,0.0,0,0,0,0.0,0,0,0,0,no_gsc_data
https://jftagro.com/vi/blog-bill-of-lading-explained-importers.html,0.0,0.0,0,0,0,0.0,0,0,0,0,no_gsc_data
https://jftagro.com/vi/blog-certificate-of-analysis-food-imports.html,0.0,0.0,0,0,0,0.0,0,0,0,0,no_gsc_data
https://jftagro.com/vi/blog-cumin-jeera-price-outlook-2026.html,0.0,0.0,0,0,0,0.0,0,0,0,0,no_gsc_data
https://jftagro.com/vi/blog-food-container-loading-inspection-checklist.html,0.0,0.0,0,0,0,0.0,0,0,0,0,no_gsc_data
https://jftagro.com/vi/blog-green-mung-beans-export-india-2026.html,0.0,0.0,0,0,0,0.0,0,0,0,0,no_gsc_data
https://jftagro.com/vi/blog-how-to-choose-indian-agro-exporter.html,0.0,0.0,0,0,0,0.0,0,0,0,0,no_gsc_data
https://jftagro.com/vi/blog-how-to-export-india-to-africa.html,0.0,0.0,0,0,0,0.0,0,0,0,0,no_gsc_data
https://jftagro.com/vi/blog-how-to-import-rice-nigeria-west-africa.html,0.0,0.0,0,0,0,0.0,0,0,0,0,no_gsc_data
https://jftagro.com/vi/blog-how-to-read-proforma-invoice-india-export.html,0.0,0.0,0,0,0,0.0,0,0,0,0,no_gsc_data
https://jftagro.com/vi/blog-how-to-write-agro-commodity-purchase-specification.html,0.0,0.0,0,0,0,0.0,0,0,0,0,no_gsc_data
https://jftagro.com/vi/blog-import-duty-indian-rice-by-country.html,0.0,0.0,0,0,0,0.0,0,0,0,0,no_gsc_data
https://jftagro.com/vi/blog-import-indian-agro-kenya-east-africa.html,0.0,0.0,0,0,0,0.0,0,0,0,0,no_gsc_data
https://jftagro.com/vi/blog-india-rice-export-sri-lanka-bangladesh.html,0.0,0.0,0,0,0,0.0,0,0,0,0,no_gsc_data
https://jftagro.com/vi/blog-india-vs-thailand-rice-comparison.html,0.0,0.0,0,0,0,0.0,0,0,0,0,no_gsc_data
https://jftagro.com/vi/blog-ir64-export.html,0.0,0.0,0,0,0,0.0,0,0,0,0,no_gsc_data
https://jftagro.com/vi/blog-letter-of-credit-food-imports-india.html,0.0,0.0,0,0,0,0.0,0,0,0,0,no_gsc_data
https://jftagro.com/vi/blog-psyllium-husk-export-india-2026.html,0.0,0.0,0,0,0,0.0,0,0,0,0,no_gsc_data
https://jftagro.com/vi/blog-red-chilli-teja-export-india-2026.html,0.0,0.0,0,0,0,0.0,0,0,0,0,no_gsc_data
https://jftagro.com/vi/blog-sgs-inspection-indian-agro-exports.html,0.0,0.0,0,0,0,0.0,0,0,0,0,no_gsc_data
https://jftagro.com/vi/blog-top-indian-agro-commodities-import-2026.html,0.0,0.0,0,0,0,0.0,0,0,0,0,no_gsc_data
https://jftagro.com/vi/blog-turmeric-finger-export-india-2026.html,0.0,0.0,0,0,0,0.0,0,0,0,0,no_gsc_data
https://jftagro.com/vi/blog-turmeric-market-outlook-2026.html,0.0,0.0,0,0,0,0.0,0,0,0,0,no_gsc_data
https://jftagro.com/vi/blog.html,0.0,0.0,0,0,0,0.0,0,0,0,0,no_gsc_data
https://jftagro.com/vi/buckwheat-exporter.html,0.0,0.0,0,0,0,0.0,0,0,0,0,no_gsc_data
https://jftagro.com/vi/buyer-security.html,0.0,0.0,0,0,0,0.0,0,0,0,0,no_gsc_data
https://jftagro.com/vi/cassia-tora-meal-exporter.html,0.0,0.0,0,0,0,0.0,0,0,0,0,no_gsc_data
https://jftagro.com/vi/cassia-tora-seeds-exporter.html,0.0,0.0,0,0,0,0.0,0,0,0,0,no_gsc_data
https://jftagro.com/vi/celery-seeds-powder-exporter.html,0.0,0.0,0,0,0,0.0,0,0,0,0,no_gsc_data
https://jftagro.com/vi/certificates.html,0.0,0.0,0,0,0,0.0,0,0,0,0,no_gsc_data
https://jftagro.com/vi/chickpeas-kabuli-exporter.html,0.0,0.0,0,0,0,0.0,0,0,0,0,no_gsc_data
https://jftagro.com/vi/contact.html,0.0,0.0,0,0,0,0.0,0,0,0,0,no_gsc_data
https://jftagro.com/vi/coriander-seeds-exporter.html,0.0,0.0,0,0,0,0.0,0,0,0,0,no_gsc_data
https://jftagro.com/vi/corn-flour-maize-flour-exporter.html,0.0,0.0,0,0,0,0.0,0,0,0,0,no_gsc_data
https://jftagro.com/vi/corn-gluten-meal-exporter.html,0.0,0.0,0,0,0,0.0,0,0,0,0,no_gsc_data
https://jftagro.com/vi/corn-starch-exporter.html,0.0,0.0,0,0,0,0.0,0,0,0,0,no_gsc_data
https://jftagro.com/vi/cotton-seed-oil-cake-exporter.html,0.0,0.0,0,0,0,0.0,0,0,0,0,no_gsc_data
https://jftagro.com/vi/cumin-seeds-jeera-exporter.html,0.0,0.0,0,0,0,0.0,0,0,0,0,no_gsc_data
https://jftagro.com/vi/curry-powder-exporter.html,0.0,0.0,0,0,0,0.0,0,0,0,0,no_gsc_data
https://jftagro.com/vi/deoiled-rice-bran-dorb-exporter.html,0.0,0.0,0,0,0,0.0,0,0,0,0,no_gsc_data
https://jftagro.com/vi/dill-seeds-powder-exporter.html,0.0,0.0,0,0,0,0.0,0,0,0,0,no_gsc_data
https://jftagro.com/vi/dry-ginger-powder-exporter.html,0.0,0.0,0,0,0,0.0,0,0,0,0,no_gsc_data
https://jftagro.com/vi/dry-red-chilli-exporter.html,0.0,0.0,0,0,0,0.0,0,0,0,0,no_gsc_data
https://jftagro.com/vi/europe-trade.html,0.0,0.0,0,0,0,0.0,0,0,0,0,no_gsc_data
https://jftagro.com/vi/export-documentation.html,0.0,0.0,0,0,0,0.0,0,0,0,0,no_gsc_data
https://jftagro.com/vi/faq.html,0.0,0.0,0,0,0,0.0,0,0,0,0,no_gsc_data
https://jftagro.com/vi/fennel-seeds-sounff-exporter.html,0.0,0.0,0,0,0,0.0,0,0,0,0,no_gsc_data
https://jftagro.com/vi/fenugreek-seeds-methi-exporter.html,0.0,0.0,0,0,0,0.0,0,0,0,0,no_gsc_data
https://jftagro.com/vi/galangal-root-exporter.html,0.0,0.0,0,0,0,0.0,0,0,0,0,no_gsc_data
https://jftagro.com/vi/green-cardamom-exporter.html,0.0,0.0,0,0,0,0.0,0,0,0,0,no_gsc_data
https://jftagro.com/vi/green-millet-bajra-exporter.html,0.0,0.0,0,0,0,0.0,0,0,0,0,no_gsc_data
https://jftagro.com/vi/green-mung-beans-exporter.html,0.0,0.0,0,0,0,0.0,0,0,0,0,no_gsc_data
https://jftagro.com/vi/grey-millet-exporter.html,0.0,0.0,0,0,0,0.0,0,0,0,0,no_gsc_data
https://jftagro.com/vi/groundnut-oil-cake-exporter.html,0.0,0.0,0,0,0,0.0,0,0,0,0,no_gsc_data
https://jftagro.com/vi/groundnuts-peanuts-exporter.html,0.0,0.0,0,0,0,0.0,0,0,0,0,no_gsc_data
https://jftagro.com/vi/henna-leaves-exporter.html,0.0,0.0,0,0,0,0.0,0,0,0,0,no_gsc_data
https://jftagro.com/vi/henna-powder-exporter.html,0.0,0.0,0,0,0,0.0,0,0,0,0,no_gsc_data
https://jftagro.com/vi/indian-raisins-kishmish-exporter.html,0.0,0.0,0,0,0,0.0,0,0,0,0,no_gsc_data
https://jftagro.com/vi/infrastructure.html,0.0,0.0,0,0,0,0.0,0,0,0,0,no_gsc_data
https://jftagro.com/vi/maida-refined-wheat-flour-exporter.html,0.0,0.0,0,0,0,0.0,0,0,0,0,no_gsc_data
https://jftagro.com/vi/maize-grits-exporter.html,0.0,0.0,0,0,0,0.0,0,0,0,0,no_gsc_data
https://jftagro.com/vi/milling-wheat-exporter.html,0.0,0.0,0,0,0,0.0,0,0,0,0,no_gsc_data
https://jftagro.com/vi/moringa-leaves-exporter.html,0.0,0.0,0,0,0,0.0,0,0,0,0,no_gsc_data
https://jftagro.com/vi/moringa-powder-exporter.html,0.0,0.0,0,0,0,0.0,0,0,0,0,no_gsc_data
https://jftagro.com/vi/mustard-seeds-powder-exporter.html,0.0,0.0,0,0,0,0.0,0,0,0,0,no_gsc_data
https://jftagro.com/vi/packing-calculator.html,0.0,0.0,0,0,0,0.0,0,0,0,0,no_gsc_data
https://jftagro.com/vi/port-transit-calculator.html,0.0,0.0,0,0,0,0.0,0,0,0,0,no_gsc_data
https://jftagro.com/vi/pr-11-rice-exporter.html,0.0,0.0,0,0,0,0.0,0,0,0,0,no_gsc_data
https://jftagro.com/vi/products.html,0.0,0.0,0,0,0,0.0,0,0,0,0,no_gsc_data
https://jftagro.com/vi/psyllium-husk-exporter.html,0.0,0.0,0,0,0,0.0,0,0,0,0,no_gsc_data
https://jftagro.com/vi/quality-control.html,0.0,0.0,0,0,0,0.0,0,0,0,0,no_gsc_data
https://jftagro.com/vi/quote-calculator.html,0.0,0.0,0,0,0,0.0,0,0,0,0,no_gsc_data
https://jftagro.com/vi/red-millet-exporter.html,0.0,0.0,0,0,0,0.0,0,0,0,0,no_gsc_data
https://jftagro.com/vi/safflower-seeds-exporter.html,0.0,0.0,0,0,0,0.0,0,0,0,0,no_gsc_data
https://jftagro.com/vi/samba-rice-exporter.html,0.0,0.0,0,0,0,0.0,0,0,0,0,no_gsc_data
https://jftagro.com/vi/sample-request.html,0.0,0.0,0,0,0,0.0,0,0,0,0,no_gsc_data
https://jftagro.com/vi/semolina-sooji-rava-exporter.html,0.0,0.0,0,0,0,0.0,0,0,0,0,no_gsc_data
https://jftagro.com/vi/senna-leaves-exporter.html,0.0,0.0,0,0,0,0.0,0,0,0,0,no_gsc_data
https://jftagro.com/vi/senna-pods-exporter.html,0.0,0.0,0,0,0,0.0,0,0,0,0,no_gsc_data
https://jftagro.com/vi/sesame-seeds-naturalhulled-exporter.html,0.0,0.0,0,0,0,0.0,0,0,0,0,no_gsc_data
https://jftagro.com/vi/shipment-tracker.html,0.0,0.0,0,0,0,0.0,0,0,0,0,no_gsc_data
https://jftagro.com/vi/soya-bean-exporter.html,0.0,0.0,0,0,0,0.0,0,0,0,0,no_gsc_data
https://jftagro.com/vi/soybean-meal-doc-exporter.html,0.0,0.0,0,0,0,0.0,0,0,0,0,no_gsc_data
https://jftagro.com/vi/sugar-s30-supplier.html,0.0,0.0,0,0,0,0.0,0,0,0,0,no_gsc_data
https://jftagro.com/vi/sunflower-seeds-exporter.html,0.0,0.0,0,0,0,0.0,0,0,0,0,no_gsc_data
https://jftagro.com/vi/sunflower-seeds-in-shell-exporter.html,0.0,0.0,0,0,0,0.0,0,0,0,0,no_gsc_data
https://jftagro.com/vi/tamarind-exporter.html,0.0,0.0,0,0,0,0.0,0,0,0,0,no_gsc_data
https://jftagro.com/vi/toor-dal-split-pigeon-pea-exporter.html,0.0,0.0,0,0,0,0.0,0,0,0,0,no_gsc_data
https://jftagro.com/vi/turmeric-finger-exporter.html,0.0,0.0,0,0,0,0.0,0,0,0,0,no_gsc_data
https://jftagro.com/vi/uae-trade.html,0.0,0.0,0,0,0,0.0,0,0,0,0,no_gsc_data
https://jftagro.com/vi/whatsapp-catalog.html,0.0,0.0,0,0,0,0.0,0,0,0,0,no_gsc_data
https://jftagro.com/vi/wheat-flour-chakki-fresh-atta-exporter.html,0.0,0.0,0,0,0,0.0,0,0,0,0,no_gsc_data
https://jftagro.com/vi/wheat-grass-powder-exporter.html,0.0,0.0,0,0,0,0.0,0,0,0,0,no_gsc_data
https://jftagro.com/vi/white-sorghum-jowar-exporter.html,0.0,0.0,0,0,0,0.0,0,0,0,0,no_gsc_data
https://jftagro.com/vi/whole-nutmeg-powder-exporter.html,0.0,0.0,0,0,0,0.0,0,0,0,0,no_gsc_data
https://jftagro.com/vi/yellow-maize-corn-exporter.html,0.0,0.0,0,0,0,0.0,0,0,0,0,no_gsc_data
https://jftagro.com/vi/yellow-peas-matar-exporter.html,0.0,0.0,0,0,0,0.0,0,0,0,0,no_gsc_data
https://jftagro.com/whatsapp-catalog.html,0.0,0.0,0,0,0,0.0,0,0,0,0,no_gsc_data
https://jftagro.com/wheat-flour-chakki-fresh-atta-exporter.html,0.0,0.0,0,0,0,0.0,0,0,0,0,no_gsc_data
https://jftagro.com/wheat-grass-powder-exporter.html,0.0,0.0,0,0,0,0.0,0,0,0,0,no_gsc_data
https://jftagro.com/white-sorghum-jowar-exporter.html,0.0,0.0,0,0,0,0.0,0,0,0,0,no_gsc_data
https://jftagro.com/whole-nutmeg-powder-exporter.html,0.0,0.0,0,0,0,0.0,0,0,0,0,no_gsc_data
https://jftagro.com/yellow-maize-corn-exporter.html,0.0,0.0,0,0,0,0.0,0,0,0,0,no_gsc_data
https://jftagro.com/yellow-peas-matar-exporter.html,0.0,0.0,0,0,0,0.0,0,0,0,0,no_gsc_data
